2708,Run Runyon, Beaut Furn Mirror Mini-Suit w/ Firplc!,3008.0,1.4625063336794506e+18,⁨Chas.⁩,City of Los Angeles,Hollywood,34.09625,-118.34605,Private room,67.0,30.0,47,2026-05-26,0.32,2.0,301,3,nan
590957,Bird's Nest Redondo Beach,2897611.0,1.4626118269763704e+18,Laurie,Other Cities,Redondo Beach,33.8634,-118.37026,Private room,158.0,1.0,462,2026-06-12,2.96,2.0,182,29,nan
591831,Keck Med USC: Historic Craftsman-Downtown Views,2824760.0,1.4625265123176448e+18,Teresa,City of Los Angeles,Lincoln Heights,34.07808,-118.20739,Private room,81.0,30.0,48,2025-05-17,0.28,6.0,365,0,nan
594777,LA 2-Bedroom Apt. with Location!,2824760.0,1.4625265123176448e+18,Teresa,City of Los Angeles,Lincoln Heights,34.07645,-118.20635,Entire home/apt,nan,30.0,115,2025-01-11,0.68,6.0,22,0,nan
598240,Beautiful Beach Condo w Pool !!!!! 2 blks 2 Beach,746983.0,1.4625281153855626e+18,Mary,Other Cities,Hermosa Beach,33.85675,-118.39704,Entire home/apt,399.0,21.0,26,2026-02-02,0.19,3.0,315,1,nan
604321,Home Away from Home,2916726.0,1.4626123767659428e+18,Pixie & Andres,Other Cities,Alhambra,34.09372,-118.118,Entire home/apt,195.0,8.0,91,2026-05-04,0.61,1.0,263,7,nan
611542,SAVE! Gorgeous Hollywood Hills home w/spa, piano!,3032775.0,1.462615466446983e+18,Wendy,City of Los Angeles,Hollywood Hills West,34.11037,-118.38294,Entire home/apt,592.0,3.0,31,2026-02-26,0.19,1.0,252,2,HSR25-000342
611841,In the hills below Hollywood Sign!,3035002.0,1.46261550135592e+18,Vicki,City of Los Angeles,Hollywood Hills,34.11737,-118.32114,Entire home/apt,148.0,31.0,256,2025-09-15,1.52,1.0,364,1,HSR19-000391
611903,Silverlake Midcentury Modern with Pool and Views,3891392.0,1.4626419589607534e+18,Ethan,City of Los Angeles,Silver Lake,34.106237427326384,-118.26252949906416,Entire home/apt,523.0,2.0,131,2026-06-10,0.84,1.0,12,20,HSR24-001282
619457,Hollywood Grove Hillside,3069669.0,1.4626175585485847e+18,Paul,City of Los Angeles,Hollywood Hills,34.10854,-118.3145,Entire home/apt,356.0,30.0,2,2014-12-27,0.01,1.0,87,0,HSR19-002469
621233,Artistic Topanga Mermaid Suite + Trails & Creeks,592405.0,1.4625228868068687e+18,David Scott,Unincorporated Areas,Topanga,34.09749,-118.61543,Entire home/apt,168.0,1.0,1008,2026-05-29,5.97,5.0,1,61,nan
622766,HOLLYWOOD MODERN 2 beds/AC/WiFi/Big Screen 4K TV,1511369.0,1.4625478064951204e+18,Denise,City of Los Angeles,Hollywood,34.09513,-118.35534,Entire home/apt,nan,31.0,164,2026-05-08,0.98,8.0,59,1,nan
626302,Motel rm, Free wi-fi, micro/fridge,195697.0,1.4625103830475366e+18,Andy,Other Cities,Lynwood,33.91942,-118.20913,Private room,98.0,1.0,119,2026-02-15,0.71,6.0,179,1,nan
634390,Modern and Comfortable Condo at the,2244905.0,1.4625900337855089e+18,Geerat,City of Los Angeles,Woodland Hills,34.18268,-118.59633,Entire home/apt,57.0,61.0,28,2016-09-06,0.17,1.0,178,0,nan
635213,Beautiful room in Pasadena home,3164742.0,1.4626215269055299e+18,Audrey,Other Cities,Pasadena,34.15438,-118.08306,Private room,137.0,1.0,199,2026-04-30,1.19,2.0,255,4,SRH2024-00009
636629,Keck Medical: Spacious Retro Mid-Century Retreat,2824760.0,1.4625265123176448e+18,Teresa,City of Los Angeles,Lincoln Heights,34.07507,-118.2085,Entire home/apt,144.0,30.0,75,2026-05-08,0.45,6.0,328,1,nan
638927,Huge Studio with Pool,3188519.0,1.4626221496295598e+18,Ness,Other Cities,West Hollywood,34.09385,-118.35044,Entire home/apt,359.0,2.0,71,2026-06-15,0.54,2.0,123,17,Exempt
639363,Artistic & cozy home, Venice, CA,3191837.0,1.4625287742804063e+18,Masha,City of Los Angeles,Mar Vista,33.99849,-118.43987,Entire home/apt,525.0,3.0,78,2025-12-30,0.46,2.0,13,3,HSR23-002701
642537,UCLA/USC/safe/best price & transportation,3211667.0,1.4626228584664827e+18,Alayha,City of Los Angeles,Palms,34.02801,-118.40921,Private room,65.0,30.0,58,2025-05-08,0.35,2.0,308,0,nan
643453,Keck Med USC: Downtown View - Historic LA Home,2824760.0,1.4625265123176448e+18,Teresa,City of Los Angeles,Lincoln Heights,34.07548,-118.20822,Private room,70.0,30.0,29,2024-09-01,0.19,6.0,168,0,nan
644008,MY HOLLYWOOD SPACE RENTAL 16,2622454.0,1.462603070781041e+18,Mary,City of Los Angeles,Hollywood,34.1016,-118.32992,Private room,57.0,30.0,484,2022-03-07,2.88,10.0,318,0,Exempt - This listing is a transient occupancy residential structure
644009,MY HOLLYWOOD SPACE RENTAL 17,2622454.0,1.462603070781041e+18,Mary,City of Los Angeles,Hollywood,34.10239,-118.32851,Private room,57.0,30.0,494,2023-03-21,2.94,10.0,318,0,Exempt - This listing is a transient occupancy residential structure
658312,private Space/Treehouse in a  mid century home.,812353.0,1.4625301705537544e+18,Debra,Other Cities,South Pasadena,34.10706,-118.16624,Private room,175.0,2.0,597,2026-06-13,3.68,1.0,334,37,nan
658342,1 or 2 Bdrm Suite Mid-Century Home,3318966.0,1.4626257037664246e+18,Liz,City of Los Angeles,Baldwin Hills/Crenshaw,34.01834,-118.36781,Private room,254.0,30.0,0,nan,nan,1.0,87,0,nan
64574,Hollywood Hills Architectural Home,285079.0,1.46251469277269e+18,Paul,City of Los Angeles,Hollywood Hills,34.12769,-118.32167,Entire home/apt,288.0,30.0,17,2026-05-31,0.12,1.0,150,1,nan
67089,Tranquil Guesthouse Oasis with a Hot Tub,210344.0,1.462512719191779e+18,Brenna,Other Cities,Culver City,34.00985,-118.40798,Entire home/apt,242.0,1.0,911,2026-05-27,4.84,2.0,267,57,nan
69838,L.A. Lifestyle--like you live here,351521.0,1.4625163894267763e+18,Georgia,City of Los Angeles,Mid-City,34.03833,-118.33662,Private room,132.0,2.0,861,2026-06-05,4.63,1.0,269,51,HSR21-001664
74770,Spacious 600 SF. Upstairs Studio with weekly maid,394279.0,1.4625115863214287e+18,Zeev,City of Los Angeles,Encino,34.18177,-118.52621,Entire home/apt,146.0,30.0,284,2026-04-04,1.52,3.0,180,24,HSR19-003866
75212,Sunny Room only in town house nr Long Beach…,343761.0,1.462516196377528e+18,Kris,Other Cities,Lakewood,33.8465,-118.08244,Private room,75.0,2.0,89,2026-03-15,0.48,1.0,311,9,nan
76561,420 Friendly Sweet Lil' Guesthouse by Sofi & LAX,403838.0,1.4625116356497075e+18,Jen,Unincorporated Areas,View Park-Windsor Hills,33.98522,-118.35942,Entire home/apt,163.0,2.0,971,2026-05-31,5.23,1.0,286,50,nan
79502,Silver Lake  million dollar view * luxe patio,428171.0,1.462518155235054e+18,Charlene,City of Los Angeles,Silver Lake,34.08285903930664,-118.27875518798828,Entire home/apt,129.0,30.0,305,2026-04-17,1.66,2.0,270,3,nan
80714,Cozy secluded Guesthouse in Garden,436647.0,1.4625184001369812e+18,Cari,City of Los Angeles,Mid-Wilshire,34.05798,-118.35541,Entire home/apt,88.0,30.0,198,2025-12-01,1.07,1.0,320,1,HSR19-003488
84636,Motel Rm for rent ,Free Wifi and Parking,195697.0,1.4625103830475366e+18,Andy,Other Cities,Lynwood,33.91942,-118.20913,Private room,98.0,1.0,283,2026-04-19,1.54,6.0,179,5,nan
84789,Mid-Century Ranch Home 4+3 Pool & Spa- Sleeps 10,11619.0,1.4625066704430886e+18,Sarah,City of Los Angeles,Woodland Hills,34.16708,-118.64441,Entire home/apt,nan,30.0,126,2022-07-01,0.86,7.0,359,0,nan
85246,Charming Private Room + Bath | Great Location,466662.0,1.462512007103807e+18,Natalie,City of Los Angeles,Mid-Wilshire,34.05467,-118.36356,Private room,76.0,30.0,23,2026-01-10,0.12,2.0,264,2,nan
86674,Glamorous Silver Lake hills Luxe
patio city views,428171.0,1.462518155235054e+18,Charlene,City of Los Angeles,Silver Lake,34.08195,-118.2784,Entire home/apt,122.0,30.0,283,2026-06-10,1.57,2.0,360,4,nan
86945,See Hollywood! The Most Central!,476742.0,1.4625120668442926e+18,JoyAnne,City of Los Angeles,Beverly Grove,34.08483,-118.36664,Private room,nan,30.0,51,2018-09-14,0.28,1.0,0,0,nan
87595,Good Vibe-Split Level Garden Studio-LAX/Beach/City,479630.0,1.462519420804201e+18,Corbin,City of Los Angeles,Westchester,33.96731,-118.41919,Entire home/apt,98.0,31.0,470,2026-05-18,2.55,1.0,167,3,HSR19-003197
90986,Vintage Charming Guest House,491953.0,1.4625197719614344e+18,Cheryl Francis,City of Los Angeles,Mid-City,34.03948,-118.34081,Entire home/apt,nan,180.0,1,2011-05-21,0.01,1.0,0,0,nan
96334,Private room in a cozy creative home,511559.0,1.462520344603644e+18,Julie,City of Los Angeles,Woodland Hills,34.15401181849794,-118.60378355158,Private room,60.0,30.0,26,2019-07-22,0.14,1.0,87,0,Exempt - This listing is a transient occupancy residential structure
97000,Motel Rm 2beds/micro/fridge/AC/wifi,195697.0,1.4625103830475366e+18,Andy,Other Cities,Lynwood,33.91942,-118.20913,Private room,115.0,1.0,105,2026-06-01,0.58,6.0,176,3,nan
98284,World Cup Luxury HQ in Beverly Hills 6BR Pool Home,518902.0,1.462520558981789e+18,Dan,City of Los Angeles,Sherman Oaks,34.13258,-118.41202,Entire home/apt,2549.0,3.0,55,2026-01-18,0.3,1.0,360,3,HSR25-001653
101424,LUXURY 1BR IN Los Angeles / K-Town,531428.0,1.462520900655669e+18,Danny,City of Los Angeles,Koreatown,34.06247,-118.29005,Entire home/apt,634.0,30.0,16,2013-04-26,0.09,1.0,177,0,nan
101702,Lovely Echo Park Studio,532541.0,1.462520951804899e+18,Maiana,City of Los Angeles,Echo Park,34.07332,-118.26331,Entire home/apt,225.0,30.0,226,2024-07-08,1.23,2.0,365,0,HSR19-004125
106052,Standalone Studio Cottage Retreat,550047.0,1.4625214197719636e+18,Dean,Other Cities,Carson,33.8271,-118.27944,Entire home/apt,92.0,29.0,466,2023-04-26,2.54,2.0,353,0,nan
106061,Silver Lake Cottage (Los Angeles 90026),550078.0,1.4625214203705303e+18,Darrell,City of Los Angeles,Echo Park,34.08416,-118.26684,Entire home/apt,113.0,30.0,210,2026-04-20,1.14,1.0,228,3,nan
113253,Cali, Cozy, Rustic Log Cabin Feel,576425.0,1.462522353946853e+18,David,City of Los Angeles,Mid-City,34.04884,-118.37155,Private room,49.0,30.0,12,2019-10-20,0.09,1.0,349,0,nan
114203,Executive 1 Bedroom Suite-LUXURY!!!,579779.0,1.4625224729668636e+18,Maggie Chaim,Other Cities,West Hollywood,34.091907218739856,-118.36572272329862,Entire home/apt,133.0,30.0,40,2026-04-30,0.22,1.0,256,1,nan
117276,Topanga Panoramic View Loft + Trails & Creeks,592405.0,1.4625228868068687e+18,David Scott,Unincorporated Areas,Topanga,34.09706,-118.61913,Entire home/apt,170.0,1.0,203,2026-05-29,1.11,5.0,239,71,nan
120005,Motel Rm /free wi-fi and parking,195697.0,1.4625103830475366e+18,Andy,Other Cities,Lynwood,33.91942,-118.20913,Private room,108.0,1.0,75,2022-05-16,0.42,6.0,199,0,nan
121717,Casa Aralia,219283.0,1.4625129457447677e+18,Vacation Living,Unincorporated Areas,Altadena,34.20977,-118.16546,Entire home/apt,232.0,1.0,39,2025-03-30,0.22,5.0,344,0,nan
124199,BEVERLY HILLS APT,619518.0,1.4625130567283525e+18,Gloria,Other Cities,Beverly Hills,34.06547,-118.40422,Entire home/apt,362.0,2.0,146,2026-05-09,0.8,2.0,365,13,nan
376740,Stay in the guest room and get the whole house!,1803588.0,1.462520467032946e+18,Todd,Other Cities,Hermosa Beach,33.85446,-118.39645,Private room,nan,2.0,399,2026-05-31,2.3,2.0,0,24,nan
2694910,PRIVATE ROOM IN 2 BDR APT (FEMALE ONLY),13682855.0,1.4629191116068897e+18,Pedro,City of Los Angeles,Sawtelle,34.04892,-118.46016,Private room,nan,30.0,14,2019-04-05,0.12,3.0,0,0,nan
7385035,Visit Malls and Spas From a  Cozy Townhouse
 Near Pasadena,5068133.0,1.4626720514583575e+18,⁨Niroo( Knee- Roo)⁩,Other Cities,Arcadia,34.12789,-118.06094,Private room,91.0,9.0,60,2025-10-30,0.47,2.0,276,2,nan
12712734,Ocean view studio on the beach,36686276.0,1.465546643700687e+18,Gregor,Other Cities,Hermosa Beach,33.85844,-118.40046,Entire home/apt,nan,5.0,3,2016-08-22,0.02,1.0,0,0,nan
20985214,Central Eagle Rock | Close To Shops & Dining,5990891.0,1.4625433347031555e+18,Jone Nhan,City of Los Angeles,Eagle Rock,34.13747,-118.217491,Entire home/apt,140.0,31.0,40,2024-06-16,0.38,14.0,319,0,nan
30268334,High Desert Oasis,37046384.0,1.4655517423006922e+18,Challen,Other Cities,Palmdale,34.5911,-118.16172,Private room,nan,1.0,22,2019-08-25,0.24,1.0,0,0,nan
30269996,5. Los Angeles suburb Hacienda Heights Beauty,151442610.0,1.4629871129359928e+18,Ricky,Unincorporated Areas,Hacienda Heights,33.99776,-117.94562,Private room,63.0,1.0,257,2026-06-07,2.83,7.0,164,60,nan
30273529,The Modern Apartment,56727552.0,1.4659278757202422e+18,Lisa,Other Cities,Claremont,34.09281,-117.71075,Entire home/apt,245.0,2.0,305,2026-05-27,3.35,1.0,25,23,nan
30274757,Private Room in Brentwood, West LA, 10min to UCLA,163262877.0,1.463026003177501e+18,Silviya,City of Los Angeles,Sawtelle,34.04743,-118.46014,Private room,64.0,30.0,5,2019-03-29,0.06,7.0,365,0,nan
30275201,1 comfortable bed in shared apt near UCLA,163262877.0,1.463026003177501e+18,Silviya,City of Los Angeles,Sawtelle,34.04911,-118.46,Private room,47.0,30.0,10,2020-09-01,0.11,7.0,140,0,nan
30289163,Private Oasis - quiet bdr with en-suite bath,1318259.0,1.4625426402932913e+18,Jennifer,City of Los Angeles,Lake Balboa,34.20083,-118.50652,Private room,nan,30.0,33,2026-05-11,0.36,3.0,45,4,HSR19-001796
30292445,Heart of LA Santa Monica UCLA,225974242.0,1.4692014238366607e+18,Faig,City of Los Angeles,Sawtelle,34.04846,-118.45954,Private room,44.0,30.0,17,2025-06-13,0.19,5.0,151,0,nan
30297942,Studio City Duplex walk to Universal Studios!,144987111.0,1.529322771744646e+18,Adam,City of Los Angeles,Studio City,34.14593,-118.37273,Entire home/apt,nan,30.0,10,2022-07-30,0.11,1.0,0,0,Exempt - This listing is a transient occupancy residential structure
30297969,2BR 1BA 2BED up to 4Guests. Easy and Convenient.,220464303.0,1.4691638147515768e+18,Dennis,Unincorporated Areas,East San Gabriel,34.11676,-118.0753,Private room,nan,1.0,0,nan,nan,1.0,0,0,nan
30315860,Elegantly Furnished Family House in Hip Highland Park,225020818.0,1.4691952497020472e+18,Lucy,City of Los Angeles,Highland Park,34.11196,-118.20282,Entire home/apt,nan,30.0,12,2019-09-09,0.13,3.0,0,0,nan
30315861,Beautiful West Hollywood Furnished 1BR 1BA,73832826.0,1.4628114259698844e+18,Michael,Other Cities,West Hollywood,34.09234,-118.34752,Entire home/apt,nan,365.0,6,2020-09-26,0.07,4.0,269,0,nan
30316132,Bedroom in beautiful home near Universal Studios!,8200331.0,1.462751682289952e+18,Debe,City of Los Angeles,Valley Village,34.15709,-118.38313,Private room,79.0,30.0,8,2023-02-06,0.09,2.0,349,0,nan
30317696,Quiet LA Getaway Home with Pool,30563603.0,1.4654497595144143e+18,Jaisel,City of Los Angeles,Valley Village,34.17061,-118.40554,Entire home/apt,nan,30.0,94,2021-10-31,1.02,1.0,0,0,HSR22-001543
30318865,Silver Lake Sanctuary with Sprawling Terrace View,1454247.0,1.4625463117707983e+18,Tiffany,City of Los Angeles,Silver Lake,34.09238,-118.27688,Entire home/apt,179.0,30.0,47,2026-03-11,0.51,4.0,164,4,nan
30321253,Escape to Catalina Island living at its finest!,32701062.0,1.4654795031576865e+18,Jenny,Other Cities,Avalon,33.35283,-118.33109,Entire home/apt,1130.0,1.0,150,2026-05-15,1.69,3.0,227,30,nan
30321435,Escape to Catalina Island living at its finest!,32701062.0,1.4654795031576865e+18,Jenny,Other Cities,Avalon,33.35409,-118.33106,Entire home/apt,1107.0,1.0,154,2026-04-07,1.8,3.0,248,17,nan
30323590,Private room & bathroom 5 minutes to beach and LAX,227718009.0,1.4632272793218875e+18,Pam,City of Los Angeles,Playa del Rey,33.95889,-118.43633,Private room,nan,30.0,118,2019-09-01,1.28,1.0,0,0,nan
30324346,Modern Studio near LAX • SoFi • Beaches • Freeways,66292265.0,1.4668193557894633e+18,Franklin,Unincorporated Areas,Alondra Park,33.89327,-118.33899,Entire home/apt,227.0,1.0,535,2026-06-07,6.36,3.0,347,64,nan
30328628,Little Donut House on Burbank—Guesthouse for 2+Dog,227750934.0,1.4632273813977203e+18,Elisa,City of Los Angeles,Woodland Hills,34.17131,-118.62315,Entire home/apt,nan,1.0,169,2024-11-16,1.84,1.0,0,0,HSR23-003379
30341938,Tropical Boho style 1b1b with pool&view,223520461.0,1.4691852630066e+18,Rubi,Unincorporated Areas,Hacienda Heights,33.99188,-117.99006,Private room,126.0,2.0,66,2026-05-31,0.73,8.0,46,10,nan
30343811,Excellent Studio in Hollywood-Fully Furnished,112952162.0,1.4673627916643935e+18,Adel,City of Los Angeles,Hollywood,34.10231,-118.34791,Entire home/apt,97.0,31.0,51,2026-04-10,0.56,84.0,269,1,nan
30344160,Stunning Furnished West Hollywood 1BR 1BA,73832826.0,1.4628114259698844e+18,Michael,Other Cities,West Hollywood,34.09093,-118.34879,Entire home/apt,nan,365.0,7,2020-11-30,0.08,4.0,88,0,nan
30344766,Amazingly Furnished 1BR 1BA in West Hollywood,73832826.0,1.4628114259698844e+18,Michael,Other Cities,West Hollywood,34.09063,-118.34848,Entire home/apt,nan,60.0,5,2021-10-31,0.06,4.0,0,0,nan
30346788,Large Two Bedroom Apartment- Extended stays,20290436.0,1.4631036812164337e+18,Victor,Unincorporated Areas,East Los Angeles,34.02414,-118.18294,Entire home/apt,nan,4.0,10,2019-09-14,0.11,5.0,0,0,nan
30346918,Spacious West Hollywood Casita w/ in unit laundry,227862525.0,1.4692136657483681e+18,William,Other Cities,West Hollywood,34.08939,-118.36469,Entire home/apt,115.0,30.0,31,2024-10-22,0.34,1.0,70,0,HSR19-005406
30347652,Minimal Home in Highland Park with Vacation Vibes,2962231.0,1.4626135825795448e+18,Andie,City of Los Angeles,Highland Park,34.11427,-118.18865,Entire home/apt,219.0,3.0,63,2026-06-02,0.69,2.0,116,8,HSR25-001411
30347698,L.A. Westchester Designer Home in Perfect Location,17893629.0,1.4630314217474194e+18,Becky,City of Los Angeles,Westchester,33.97383,-118.40894,Entire home/apt,1826.0,4.0,18,2024-05-04,0.2,1.0,365,0,HSR25-003238
30350595,Cozy guest suite with individual entries,92338535.0,1.467116387900913e+18,Mai,Unincorporated Areas,West Puente Valley,34.04602,-117.96147,Entire home/apt,46.0,31.0,166,2026-05-14,1.81,1.0,250,21,nan
30354121,Poolhouse nxt 2 Universal studio+WB,Disney studio.,31374204.0,1.4626548759273219e+18,Ru,Other Cities,Burbank,34.20449,-118.33592,Entire home/apt,2298.0,2.0,0,nan,nan,18.0,365,0,nan
30366994,Beautiful’ Bedroom Water-views @MarinadelRey,50922135.0,1.4657885787899082e+18,Andy,City of Los Angeles,Venice,33.96791,-118.45438,Private room,234.0,2.0,45,2026-01-01,0.5,1.0,27,17,nan
30800419,4BR • Bar + Lush Backyard • Sleeps 8 • Near Sofi,17954389.0,1.4630327912997614e+18,Korey,City of Los Angeles,Playa Vista,33.98535,-118.40828,Entire home/apt,798.0,3.0,0,nan,nan,1.0,350,0,HSR26-000931
30802068,3 Bedroom/2 Bathroom,156499625.0,1.4685269083512143e+18,Loreni,Other Cities,Lawndale,33.88761,-118.34935,Entire home/apt,377.0,2.0,155,2026-05-25,1.72,2.0,85,23,nan
30803209,Stroll to the Beach in Belmont Shore from a Bohemian Getaway,202137470.0,1.469054831166582e+18,Angela,Other Cities,Long Beach,33.75747,-118.1309,Entire home/apt,343.0,1.0,622,2026-06-01,6.83,1.0,239,55,Nrp22-00932
30820370,Bright, Renovated Mid-Century Silver Lake Bungalow,7155763.0,1.4627248468652667e+18,Elizabeth,City of Los Angeles,Silver Lake,34.08956,-118.27322,Entire home/apt,nan,30.0,2,2019-02-23,0.02,1.0,0,0,HSR19-005403
30820800,Quiet comfortable studio in ❤️of South Pasadena,230439302.0,1.469228657254308e+18,Linda,Other Cities,South Pasadena,34.11231,-118.14649,Entire home/apt,189.0,3.0,144,2026-06-15,1.59,1.0,177,23,nan
30820942,Bandini House- Cozy San Pedro Cottage,124327841.0,1.4629267213025782e+18,Vivian,City of Los Angeles,San Pedro,33.74415,-118.29878,Entire home/apt,165.0,30.0,21,2025-09-14,0.23,1.0,226,2,nan
30827207,StayInLA | PRIVATE MELROSE UNIT THREE,969636.0,1.462534585195842e+18,Matthew,City of Los Angeles,Hancock Park,34.08228,-118.34128,Entire home/apt,102.0,30.0,29,2026-05-05,0.32,9.0,297,1,nan
30858845,Cozy Bungalow with Private Patio /Whittier/ LA/OC,44670174.0,1.465663091188199e+18,Martha,Unincorporated Areas,South Whittier,33.93791,-118.01285,Entire home/apt,155.0,1.0,358,2026-05-30,3.94,2.0,111,14,nan
30859818,Charming Universal City/NoHo arts 950 sqft 2br/2br,143228897.0,1.4629687740493855e+18,Pierre,City of Los Angeles,North Hollywood,34.15967,-118.36886,Entire home/apt,nan,30.0,16,2019-11-30,0.18,1.0,0,0,nan
30862113,BIG GAME: 2.4 mi. (10min) to SoFi, airy & bright!,10857411.0,1.4628512716459676e+18,Maggie,City of Los Angeles,Chesterfield Square,33.98007,-118.31439,Entire home/apt,nan,30.0,4,2019-07-14,0.04,1.0,0,0,HSR22-000039
30884381,Terrific Fully Furnished Hollywood Studio,112952162.0,1.4673627916643935e+18,Adel,City of Los Angeles,Hollywood,34.1031,-118.34732,Entire home/apt,99.0,31.0,89,2026-03-19,0.98,84.0,212,3,nan
30885511,Guest room with private entrance,230057655.0,1.4692264247875333e+18,Sasan,City of Los Angeles,Canoga Park,34.20439,-118.59163,Entire home/apt,64.0,30.0,128,2026-06-04,1.4,4.0,304,1,Exempt - This listing is a bed and breakfast
30904132,Private Hollywood Home,6503106.0,1.462708075201666e+18,Maxwell,City of Los Angeles,East Hollywood,34.08793,-118.30621,Entire home/apt,nan,30.0,0,nan,nan,1.0,0,0,nan
30908710,Poolside Hacienda,5710298.0,1.4626874945062072e+18,Dan,Unincorporated Areas,La Crescenta-Montrose,34.21749,-118.23317,Private room,nan,1.0,2,2019-01-20,0.02,1.0,0,0,nan
30910140,Private room in LA, UCLA WITH fire place, balcony,4780152.0,1.4625372374553434e+18,Sara M,City of Los Angeles,Sawtelle,34.04355,-118.46638,Private room,64.0,30.0,6,2024-09-06,0.07,114.0,365,0,nan
30916602,大床房 靠近disney land 和 Rowland Heights 适合旅游出差,37172275.0,1.465554831892599e+18,Mike,Other Cities,La Habra Heights,33.94924,-117.93621,Private room,68.0,25.0,9,2019-04-15,0.1,1.0,269,0,nan
30929637,Charming Cottage by the Beach,80546407.0,1.4669813607144253e+18,Tracey,Other Cities,Long Beach,33.76631,-118.15497,Entire home/apt,101.0,31.0,77,2025-08-16,0.89,2.0,258,1,nan
30930179,Luxurious Tuscan Villa,215745677.0,1.4691313137692244e+18,Ari & Adi,City of Los Angeles,Beverly Grove,34.06794,-118.37156,Entire home/apt,769.0,30.0,42,2024-03-19,0.48,2.0,365,0,HSR24-003151
30930690,La Puente airbnb /ca house single room/single room,231131739.0,1.4692323459137984e+18,Katrina,Unincorporated Areas,West Puente Valley,34.06114,-117.9827,Private room,92.0,1.0,1,2020-02-29,0.01,1.0,178,0,nan
30936435,Private beachy bungalow in quiet Lake Balboa,231169102.0,1.4692326703643999e+18,Debbie,City of Los Angeles,Lake Balboa,34.19401,-118.51321,Entire home/apt,110.0,30.0,4,2025-11-23,0.1,1.0,265,1,nan
30954765,Studio Miracle Mile & The Grove  - 1920's Splendor,75177834.0,1.466924270526697e+18,Amit,City of Los Angeles,Mid-Wilshire,34.06078,-118.35215,Entire home/apt,97.0,30.0,205,2026-05-27,2.25,2.0,191,10,HSR24-003542
30959625,Lomita Pines private room,223866230.0,1.469187485383797e+18,Maria,Other Cities,Lomita,33.78138,-118.31399,Private room,119.0,1.0,359,2026-06-13,3.95,2.0,79,46,nan
29679556,K-Town #2 * Renovated 1 Bed * Centrally Located,99397355.0,1.4671948706429494e+18,Frank,City of Los Angeles,East Hollywood,34.07904,-118.30853,Entire home/apt,145.0,31.0,46,2023-10-01,0.5,9.0,351,0,nan
29679776,Cute Burbank 2 BDR house with backyard & parking,104708228.0,1.4672584488640563e+18,Rachel,Other Cities,Burbank,34.18002,-118.32198,Entire home/apt,nan,3.0,2,2018-12-25,0.02,1.0,0,0,nan
29682399,Cottage By The Sea in Beautiful North Santa Monica,4006629.0,1.4626448453669414e+18,Natalie,Other Cities,Santa Monica,34.03354,-118.50731,Entire home/apt,628.0,2.0,117,2026-04-22,1.31,1.0,220,2,229680
29684668,Graduation Weekend Family Retreat,17150771.0,1.4630033522819807e+18,Nancy,Other Cities,Claremont,34.10458,-117.71914,Entire home/apt,1769.0,1.0,3,2025-05-18,0.12,1.0,2,0,nan
29685953,Beautiful craftsman home with spa & pool.,84379550.0,1.4670193972822666e+18,Josh,Other Cities,Sierra Madre,34.15794,-118.06161,Entire home/apt,893.0,4.0,40,2026-01-04,0.43,1.0,120,3,nan
29702089,Beverly Hills Villa with Pool and Amazing Views,115677172.0,1.4681879301975452e+18,Daniel,City of Los Angeles,Beverly Crest,34.09462,-118.4249,Entire home/apt,2430.0,3.0,17,2025-10-13,0.19,1.0,80,1,HSR25-002156
29703182,Private Room - Pool, New Bathroom, Close to Disney,223520461.0,1.4691852630066e+18,Rubi,Unincorporated Areas,Hacienda Heights,33.99128,-117.98923,Private room,109.0,2.0,26,2026-05-31,0.3,8.0,15,2,nan
29704221,AMARO PLACE 2bdrm Condo,132062096.0,1.4683212916514166e+18,Carlos,City of Los Angeles,Westwood,34.05746,-118.42505,Entire home/apt,154.0,30.0,15,2025-10-19,0.17,3.0,126,2,nan
29708199,Mid-City Spanish Stylish - Your LA Oasis,11878053.0,1.4628750782374228e+18,James,City of Los Angeles,West Adams,34.0319016,-118.3442158,Entire home/apt,273.0,3.0,34,2026-06-02,1.38,1.0,223,17,HSR24-001338
29708280,Easy Stay,184731556.0,1.4689548341161874e+18,Elan I,City of Los Angeles,Playa Vista,33.9750476256932,-118.41330064606582,Private room,115.0,30.0,8,2026-04-13,0.09,1.0,46,2,nan
29713910,Master BdRm w/TV - Home  Sweet Home,15836380.0,1.46297185121011e+18,Nina,Other Cities,Lancaster,34.67704,-118.1992,Private room,64.0,1.0,366,2026-05-31,4.17,18.0,361,29,nan
29729920,Anthony's Guesthouse,223661207.0,1.4691862403407905e+18,Anthony,City of Los Angeles,Hyde Park,33.9909,-118.32483,Entire home/apt,93.0,30.0,6,2018-12-31,0.06,1.0,77,0,nan
29735040,Modern studio #5 near Beverly Hills,178478519.0,1.4630702319611154e+18,Danielle & Alexio,City of Los Angeles,Pico-Robertson,34.05384,-118.38018,Entire home/apt,84.0,31.0,48,2026-03-15,0.53,10.0,302,1,nan
29735444,Private Chic Studio Oasis near Beverly Hills #4,178478519.0,1.4630702319611154e+18,Danielle & Alexio,City of Los Angeles,Pico-Robertson,34.05331,-118.37809,Entire home/apt,86.0,31.0,47,2026-04-26,0.52,10.0,321,4,nan
29736739,Charming 2BR/2BA Cottage - Close to the Beach,223711917.0,1.469186527773945e+18,Azar,Other Cities,Santa Monica,34.00364,-118.48593,Entire home/apt,nan,30.0,17,2023-05-20,0.19,1.0,0,0,nan
29738397,Boho style quiet private room with pool&view,223520461.0,1.4691852630066e+18,Rubi,Unincorporated Areas,Hacienda Heights,33.99287,-117.98885,Private room,90.0,3.0,26,2025-10-17,0.28,8.0,7,2,nan
29738406,Room in Hacienda Heights,191005056.0,1.4689920490700111e+18,Steve,Unincorporated Areas,Hacienda Heights,33.97741,-117.96895,Private room,88.0,2.0,32,2020-01-06,0.35,1.0,90,0,nan
29738704,Walk to the Hollywood Bowl from a New House with a Jacuzzi,33701720.0,1.4654927807259267e+18,Kelly,City of Los Angeles,Hollywood Hills,34.10762,-118.34136,Entire home/apt,932.0,2.0,147,2026-05-04,1.6,1.0,218,5,HSR19-002608
29739961,*Self Check In, Guest Suite + Bath, Easy Parking*,201589300.0,1.4631439582287421e+18,Lena,City of Los Angeles,Canoga Park,34.19122,-118.61402,Private room,193.0,1.0,219,2026-06-01,2.36,2.0,329,24,HSR22-003762
29745359,Amazing 1+1 Venice Beach Remodel -2324 #4,25326961.0,1.465340288112116e+18,Mike,City of Los Angeles,Venice,33.98467,-118.46841,Entire home/apt,131.0,31.0,28,2026-02-20,0.31,38.0,325,1,nan
29756120,Venice Beach | Steps to the Ocean | Garage Parking,11351063.0,1.4628628408246467e+18,Aaron,City of Los Angeles,Venice,33.98115,-118.46683,Entire home/apt,391.0,31.0,11,2023-07-19,0.12,39.0,77,0,nan
29758957,T206 - Sunny, Modern 3 Beds 2 Baths + 2 park spots,159480876.0,1.463005832803773e+18,Rose,City of Los Angeles,West Los Angeles,34.05502700805664,-118.42594146728516,Entire home/apt,289.0,31.0,14,2026-05-24,0.25,24.0,246,4,nan
29765667,Farmhouse in the City,36479954.0,1.4655422657882734e+18,Vanessa,City of Los Angeles,Tarzana,34.18327,-118.53189,Private room,75.0,30.0,0,nan,nan,1.0,268,0,Exempt - This listing is a bed and breakfast
29779864,The Haven in Temple City LONG TERM ONLY.,221917312.0,1.469173877720775e+18,Lorna,Other Cities,Temple City,34.10259,-118.02981,Private room,nan,28.0,97,2023-04-30,1.05,1.0,0,0,nan
29780893,100% Private! Near LAX, LMU, Venice, Santa Monica,159401466.0,1.4685515951057385e+18,Gena,City of Los Angeles,Playa del Rey,33.96098,-118.43263,Entire home/apt,158.0,30.0,375,2025-01-29,4.04,1.0,169,0,HSR24-003776
29793627,A-Home 洛杉矶西柯汶纳古典优雅房 · Twin双床 · 钢琴酒吧 · 私家花园泳池,97447236.0,1.462864867975135e+18,Peter,Other Cities,West Covina,34.066208,-117.872581,Private room,97.0,2.0,35,2026-05-22,0.38,4.0,146,7,nan
29796218,Stylish NoHo Private Guest House with Pool,224169945.0,1.4691894265559875e+18,Allison,City of Los Angeles,North Hollywood,34.182,-118.38818,Entire home/apt,226.0,2.0,309,2026-06-01,3.35,1.0,56,23,HSR19-003528
29797995,Suite Museum Row & The Grove,75177834.0,1.466924270526697e+18,Amit,City of Los Angeles,Mid-Wilshire,34.0613,-118.35187,Entire home/apt,104.0,30.0,220,2026-05-15,2.38,2.0,153,22,HSR24-003542
29800322,Modern Condo near Beverly Hills (1 MONTH MINIMUM),57038004.0,1.4659323700147287e+18,Ethan,City of Los Angeles,Pico-Robertson,34.05627,-118.38443,Entire home/apt,244.0,31.0,48,2026-06-03,0.53,2.0,331,3,nan
29800873,Lovely room in a mansion,200023978.0,1.4690433049270113e+18,Ayin,City of Los Angeles,Chatsworth,34.26958,-118.57328,Private room,186.0,30.0,16,2023-11-24,0.17,6.0,365,0,HSR22-003728
29803558,Charming Room with Natural Light,30099936.0,1.465443296355638e+18,Noell,City of Los Angeles,Hyde Park,33.96881,-118.33069,Entire home/apt,62.0,30.0,353,2026-04-23,3.83,1.0,52,4,HSR22-003778
29804338,Freeways close by and eateries walking distance.,224232595.0,1.4691898493708547e+18,Alfredo,Other Cities,Lynwood,33.93159,-118.20878,Entire home/apt,164.0,2.0,163,2026-06-07,1.77,1.0,324,17,nan
29806665,Modern Newer house, Large Kitchen, Gated Parking!,141909186.0,1.468402377051372e+18,Gill,City of Los Angeles,North Hollywood,34.19352,-118.39976,Entire home/apt,118.0,30.0,33,2026-04-07,0.36,3.0,255,2,nan
29808954,Modern Studio in Trendy Los Feliz/Hollywood,1343997.0,1.462517446692066e+18,Ana,City of Los Angeles,Los Feliz,34.10215,-118.28865,Entire home/apt,83.0,30.0,13,2026-04-17,0.2,5.0,42,2,nan
29828200,East Hollywood artist's apartment with great views,21106941.0,1.4631467908245435e+18,Eric,City of Los Angeles,East Hollywood,34.07865,-118.30018,Entire home/apt,nan,30.0,0,nan,nan,1.0,0,0,nan
29831869,Cute City Apartment. Great Location. Room Azul,6216742.0,1.4627008360686858e+18,Su,City of Los Angeles,Lincoln Heights,34.06857,-118.22006,Private room,nan,30.0,27,2020-03-02,0.3,4.0,0,0,nan
29834486,Arcadia Guesthouse - Cottage,224095747.0,1.4691889565992983e+18,Stephen,Other Cities,Arcadia,34.12039,-118.0138,Entire home/apt,nan,90.0,0,nan,nan,1.0,0,0,nan
29848313,Historic home near convention ctr + parking,224056163.0,1.4691886640257044e+18,Your Bed,Other Cities,Long Beach,33.77872,-118.19914,Entire home/apt,419.0,1.0,278,2026-05-31,3.03,1.0,325,24,NRP21-00265
29848370,Bud and Breakfast, 420 friendly,112437926.0,1.4629009859717115e+18,Nadia,City of Los Angeles,Arlington Heights,34.04039,-118.33033,Private room,70.0,30.0,46,2019-10-20,0.5,2.0,365,0,nan
29851186,Luxurious Private Townhome in GuardGated Community,1971738.0,1.4625214345010422e+18,Ben,City of Los Angeles,Pacoima,34.26229225025104,-118.40537282309404,Entire home/apt,146.0,30.0,128,2025-10-11,1.38,5.0,77,2,nan
29856634,Entire Apartment all to Yourself in DTLA!,26196192.0,1.4626364809634432e+18,Jon,City of Los Angeles,Downtown,34.045380356155995,-118.25157060836356,Entire home/apt,87.0,30.0,97,2025-11-22,1.05,2.0,286,1,nan
29860019,Eagle Rock Bungalow,224569805.0,1.4632171115381875e+18,Stephen,City of Los Angeles,Eagle Rock,34.12798,-118.21974,Entire home/apt,120.0,1.0,89,2026-06-09,0.97,1.0,24,24,HSR23-004076
29862254,"Sea Breeze" Loft-Huge Space with Priv. Roof deck!,15775229.0,1.462970388820935e+18,Amanda,Other Cities,Santa Monica,34.01451,-118.48293,Entire home/apt,245.0,30.0,8,2022-10-01,0.09,8.0,166,0,nan
29867420,3 Bedroom main house centrally located, Torrance.,33871614.0,1.4654951061145736e+18,Louis,City of Los Angeles,Harbor Gateway,33.8326,-118.30736,Entire home/apt,243.0,30.0,32,2026-02-03,0.35,1.0,323,3,HSR19-005841
29875402,Cozy Cave 
with country veiw,87758858.0,1.4670544097539346e+18,Nancy,Unincorporated Areas,Leona Valley,34.6186408996582,-118.28246307373048,Entire home/apt,172.0,2.0,2,2026-04-19,0.78,1.0,178,2,nan
29875588,DTLA Luxury 2 Level Spacious Loft,67966828.0,1.4668400469105792e+18,Nijai,City of Los Angeles,Downtown,34.04011,-118.26277,Entire home/apt,173.0,31.0,0,nan,nan,1.0,269,0,nan
29876942,Newer Home with spectacular panoramic views!,145726972.0,1.4684318206236408e+18,Charles,City of Los Angeles,Sherman Oaks,34.14056,-118.44564,Entire home/apt,55.0,365.0,0,nan,nan,1.0,365,0,nan
29877746,$8M Sunset Strip Jetliner View Oasis,41117522.0,1.4656118086610908e+18,Ted,City of Los Angeles,Hollywood Hills West,34.10477,-118.3852,Entire home/apt,1303.0,30.0,32,2023-11-25,0.35,1.0,361,0,HSR24-000463
29877979,Bright & Cozy Guesthouse,224682635.0,1.4632174262569224e+18,Toby And Rosa,Other Cities,Burbank,34.18633,-118.35279,Entire home/apt,79.0,30.0,542,2026-05-31,5.87,2.0,194,11,nan
29880002,bright, airy Casa del Mar (built in the 20s!),112790120.0,1.4673611495265423e+18,Amanda,Other Cities,Long Beach,33.7721,-118.17553,Entire home/apt,nan,3.0,45,2019-08-27,0.49,1.0,0,0,NRP25-02015
29881781,Hip Loft w Rooftop Pool + Jacuzzi, Valet Parking,2994306.0,1.4626144321219948e+18,David,City of Los Angeles,Downtown,34.04888,-118.25179,Entire home/apt,115.0,30.0,97,2024-05-31,1.05,1.0,235,0,nan
29881931,Mid Century House w/ Pool on top of Private Dr.,41855948.0,1.465622748154467e+18,Owen,Other Cities,La Canada Flintridge,34.21326,-118.19358,Entire home/apt,625.0,3.0,30,2022-08-14,0.33,1.0,89,0,nan
29884585,Surf Bungalow w/dedicated workspace+daybed,5971563.0,1.4625432323690726e+18,Kasey,Other Cities,Long Beach,33.7855,-118.151,Entire home/apt,111.0,31.0,27,2025-11-05,0.29,5.0,336,2,PRP20-00013
29887016,1 Bedroom Centrally Located near the Grove & Museum row,21097703.0,1.4631466059014956e+18,Christina,City of Los Angeles,Mid-Wilshire,34.06285,-118.34939,Entire home/apt,90.0,31.0,12,2026-05-17,0.13,5.0,310,2,nan
29893878,Private 1 bedroom 1 bathroom -West Hollywood Hills,110505770.0,1.4673363870341443e+18,Sophia,City of Los Angeles,Hollywood Hills West,34.1087,-118.38772,Private room,85.0,30.0,0,nan,nan,1.0,89,0,nan
29904208,Cozy Private room near UCLA,170272076.0,1.4630520429984271e+18,Elvina,City of Los Angeles,Sawtelle,34.04729,-118.45997,Private room,67.0,30.0,0,nan,nan,6.0,365,0,nan
29904839,Cozy Silverlake Apt,224863448.0,1.4632179542975772e+18,Cindy,City of Los Angeles,Silver Lake,34.09646,-118.26056,Entire home/apt,116.0,30.0,9,2019-05-06,0.1,1.0,252,0,nan
29906438,Relax and Enjoy This Fully Furnished Studio,112952162.0,1.4673627916643935e+18,Adel,City of Los Angeles,Hollywood,34.1011,-118.34755,Entire home/apt,99.0,31.0,42,2025-03-21,0.46,84.0,77,0,nan
29906608,Los Angeles (San Gabriel) Beautiful/Clean Home -,224878375.0,1.4691942708049326e+18,Marlene,Other Cities,San Gabriel,34.07557,-118.09748,Entire home/apt,300.0,2.0,300,2026-05-11,3.25,1.0,228,25,nan
29907458,Cozy Private Room in my home,63332581.0,1.4627529412783982e+18,Stephanie,City of Los Angeles,El Sereno,34.0901,-118.16863,Private room,nan,30.0,159,2025-06-30,1.71,3.0,44,1,HSR19-000492
29921591,Stunning Daily Sunset and Spa-like Master Retreat,5716411.0,1.462687634902494e+18,Joseph Almonte,Other Cities,San Dimas,34.0658,-117.82153,Entire home/apt,304.0,14.0,16,2026-01-19,0.19,1.0,166,2,nan
29928011,Renovated Modern Unit in Highland Park,225020818.0,1.4691952497020472e+18,Lucy,City of Los Angeles,Highland Park,34.11422,-118.20289,Entire home/apt,nan,30.0,41,2019-10-07,0.44,3.0,0,0,nan
29928394,Newly Renovated - Clean, near Downtown LA - Highland Park,225020818.0,1.4691952497020472e+18,Lucy,City of Los Angeles,Highland Park,34.11343,-118.20279,Entire home/apt,nan,30.0,38,2019-10-28,0.41,3.0,0,0,nan
31927335,CJ’s Sunset Guest Suite - Fully Private Stay,48281255.0,1.4657296503338703e+18,⁨C.J.⁩,City of Los Angeles,Beverly Grove,34.08305,-118.37001,Entire home/apt,254.0,30.0,44,2020-08-08,0.5,1.0,269,0,nan
31930767,10mins to LAX Comfy Cozy 3 Bd/2.5 Bath Gate Comm,222294108.0,1.4691765510457324e+18,Kim,Other Cities,Hawthorne,33.89872,-118.33069,Entire home/apt,361.0,15.0,5,2019-04-30,0.06,1.0,83,0,nan
31934668,NEW 1 BR IN HOLLYWOOD. FREE PARKING, POOL & GYM!!,24598505.0,1.46530896155944e+18,Cat And Lee,City of Los Angeles,Hollywood,34.09889,-118.34652,Entire home/apt,nan,500.0,23,2020-02-27,0.26,1.0,365,0,nan
31937373,New cozy 1 BR, Quiet street, cute vintage vibe!,2960030.0,1.4626135492705825e+18,Nancy,City of Los Angeles,Woodland Hills,34.1611,-118.6157,Entire home/apt,92.0,30.0,14,2026-02-03,0.16,2.0,315,2,HSR19-004833
31958084,Garden in the Sky-Life on Top of the World,8936617.0,1.4625673301506888e+18,Lori,City of Los Angeles,Hollywood Hills West,34.11986,-118.38963,Entire home/apt,1107.0,30.0,5,2022-07-16,0.06,2.0,362,0,nan
31959412,Modern Harmony,3905317.0,1.4626422915107013e+18,David,City of Los Angeles,Hollywood,34.10072,-118.35783,Entire home/apt,nan,30.0,33,2024-05-17,0.39,1.0,0,0,HSR24-003249
31960096,Sweet Home Condo 1BA1BR with parking,75813720.0,1.4628162143573023e+18,Jess,Other Cities,Beverly Hills,34.06219,-118.373,Entire home/apt,236.0,4.0,64,2026-05-26,0.71,6.0,47,11,nan
31963619,Strand Beach Home,  Enjoy Summer $avings !!!,239660658.0,1.4692747567283233e+18,Linda,Other Cities,Hermosa Beach,33.85329,-118.39833,Entire home/apt,564.0,1.0,90,2026-05-29,1.83,6.0,209,27,nan
31979587,Splendid Palms Apartment.  Central to all of LA,5994344.0,1.46269506146504e+18,Jay,City of Los Angeles,Palms,34.01373,-118.41975,Entire home/apt,nan,30.0,95,2026-05-24,1.06,11.0,163,5,nan
31981857,Villa Julia - possibly pets , Max 8 guests+kids,119490265.0,1.4629162603570148e+18,Julia,City of Los Angeles,Reseda,34.19196,-118.52255,Entire home/apt,228.0,30.0,7,2022-11-04,0.08,5.0,364,0,nan
31984108,Spacious Cool Style Condo in LA 1B1B with Parking,143625425.0,1.468415397421105e+18,April,Other Cities,Beverly Hills,34.0634,-118.3726,Entire home/apt,nan,30.0,35,2023-06-08,0.39,4.0,0,0,nan
31984921,Cozy stay 2BA2BR close to Beverly Center,75813720.0,1.4628162143573023e+18,Jess,Other Cities,Beverly Hills,34.06417,-118.37337,Entire home/apt,265.0,5.0,44,2023-01-09,0.49,6.0,18,0,nan
31995174,Baldwin Hills-View Park Bedroom and bath,239892450.0,1.4692759694356966e+18,Brenda,Unincorporated Areas,View Park-Windsor Hills,33.99904,-118.34691,Private room,172.0,2.0,62,2026-05-31,0.77,1.0,75,23,nan
31995481,★ Santa Monica Couple's Getaway ★ Charming ★ 2 Rms,3116831.0,1.462528143468614e+18,Beth,Other Cities,Santa Monica,34.02298,-118.47409,Entire home/apt,249.0,2.0,219,2026-06-12,2.45,1.0,292,33,230593
30961531,Modern 1 Bedroom Apartment near Beaches-LAX-Forum,231345302.0,1.4692336148151194e+18,Jermaine,Other Cities,Inglewood,33.97062,-118.36872,Entire home/apt,88.0,31.0,141,2025-12-14,1.58,1.0,289,2,nan
30966732,AMARO PLACE Guest,132062096.0,1.4683212916514166e+18,Carlos,City of Los Angeles,Westwood,34.05905,-118.42536,Private room,75.0,30.0,5,2019-10-18,0.06,3.0,312,0,nan
30967429,Buddha room Attached to the main house.,109847711.0,1.4628950628922022e+18,Karishma,Other Cities,Hawthorne,33.91561,-118.37276,Private room,126.0,1.0,159,2026-04-04,1.75,2.0,362,13,nan
30969191,Ritzy 1 Bedroom  on Prestigious Wilshire Corridor,187543153.0,1.4689710804153244e+18,Bedford Corporate Housing,City of Los Angeles,Westwood,34.06096044063073,-118.44066325713474,Entire home/apt,nan,30.0,1,2023-10-03,0.03,64.0,0,0,nan
30972680,The Burlington Hotel,229716119.0,1.4692243934537344e+18,Simone,City of Los Angeles,Westlake,34.059814453125,-118.2696304321289,Private room,71.0,30.0,50,2024-03-29,0.55,38.0,365,0,Exempt - This listing is a transient occupancy residential structure
30983750,Seasons sunshine-A-四季阳光-民宿-A,231475130.0,1.4632386890084797e+18,Golden,Other Cities,Temple City,34.1108,-118.0641,Entire home/apt,172.0,28.0,18,2020-01-18,0.2,8.0,178,0,nan
30536584,Room 3 ~ Queen · Queen bed/w Private rm w/breakfast near everything,182148017.0,1.4687575902256072e+18,George Dewann,City of Los Angeles,Mid-City,34.03981,-118.3449,Private room,80.0,30.0,43,2020-07-12,0.47,5.0,89,0,HSR20-001497
30541817,Cozy Studio to Colorado Rose Parade and Lake Ave,47036972.0,1.4657053181946627e+18,Paul,Other Cities,Pasadena,34.14626,-118.13065,Entire home/apt,nan,1.0,5,2019-02-08,0.05,1.0,0,0,nan
30557111,Great Long Beach Getaway,26758064.0,1.4653816880481864e+18,Jon,Other Cities,Long Beach,33.77936,-118.15598,Private room,nan,31.0,0,nan,nan,1.0,0,0,nan
30557551,Silver Lake Luxury Home,118908878.0,1.4682135278313605e+18,Nava,City of Los Angeles,East Hollywood,34.08187,-118.2875,Entire home/apt,235.0,30.0,30,2023-01-12,0.34,1.0,299,0,nan
30558462,Room 5 ~ Full & Twin · Room 5 ~ Full & Twin · Private rm w/Full & Twin beds Breakfast included,182148017.0,1.4687575902256072e+18,George Dewann,City of Los Angeles,Mid-City,34.038,-118.34439,Private room,81.0,30.0,46,2021-06-20,0.5,5.0,89,0,HSR20-001497
30559747,Studio City Hills Home - Calming Escape w/ Tranquil Views,23118355.0,1.4626239615544484e+18,Ashton,City of Los Angeles,Studio City,34.14014,-118.3887,Entire home/apt,541.0,4.0,124,2026-03-14,1.36,31.0,179,12,HSR25-003306
30561576,Beautiful Home on the Sunset Strip, West Hollywood,229286997.0,1.4692219352734006e+18,Dennis,Other Cities,West Hollywood,34.09557,-118.36327,Entire home/apt,256.0,1.0,409,2026-06-14,4.47,4.0,317,74,Exempt
30562607,1 bedroom front unit house in Torrance/Los Angeles,103776098.0,1.4672458181120643e+18,Jeffrey,City of Los Angeles,Harbor Gateway,33.84494,-118.30804,Entire home/apt,145.0,30.0,38,2025-05-24,0.42,1.0,295,0,Exempt - This listing is a transient occupancy residential structure
30562982,Modern 2 BR House in Hollywood, Keyless Entry!,134940933.0,1.4683454013150295e+18,Jonathan,City of Los Angeles,Hollywood Hills,34.11946,-118.32051,Entire home/apt,nan,30.0,0,nan,nan,1.0,0,0,nan
30566216,Entire Big Place in Central Location,11524850.0,1.4628668005934103e+18,Alexander,City of Los Angeles,East Hollywood,34.09564,-118.30587,Entire home/apt,73.0,30.0,11,2025-10-07,0.12,21.0,364,1,nan
30566237,The Boho Zen,6739369.0,1.4627140867605358e+18,Laura,Other Cities,Santa Monica,34.0147442040497,-118.4840058179196,Entire home/apt,nan,30.0,38,2026-02-02,0.45,1.0,0,5,Exempt
30567026,Wooded Retreat in Altadena,9861042.0,1.4625715426086216e+18,Chelsea,Unincorporated Areas,Altadena,34.18361,-118.10434,Entire home/apt,970.0,3.0,90,2025-01-06,1.06,2.0,178,0,nan
30567431,Lovely-Cute 1BR Apt, Near DTLA, WD+AC+WiFI+Snacks!,62322868.0,1.4627502187750543e+18,Faraj,City of Los Angeles,Boyle Heights,34.046600341796875,-118.21173095703124,Entire home/apt,80.0,30.0,68,2020-08-01,0.74,12.0,42,0,Exempt - This listing is a hotel or motel
30570075,Warm and Cozy 2 bedroom in Mid Wilshire,59641447.0,1.4667227430495383e+18,Anthony,City of Los Angeles,Mid-Wilshire,34.05398,-118.34219,Entire home/apt,159.0,30.0,2,2019-01-27,0.02,1.0,173,0,nan
30581144,Private Master bedroom private bath best location,402155066.0,1.4636188688040133e+18,Mm,City of Los Angeles,Sawtelle,34.04299,-118.46725,Private room,67.0,30.0,0,nan,nan,10.0,365,0,nan
30582161,Cozy 1 Bedroom 1 Bath Apartment,227184756.0,1.463225789212523e+18,Barbara,City of Los Angeles,Sawtelle,34.03896,-118.4619,Entire home/apt,223.0,1.0,515,2026-06-12,5.67,1.0,276,73,HSR19-003895
30583252,Mid-City Studio w/ Full Kitchen & Private Patio,126614675.0,1.4682743348128788e+18,Alexander Peter,City of Los Angeles,Mid-City,34.0415,-118.35606,Entire home/apt,14.0,180.0,16,2026-04-27,0.18,4.0,350,5,nan
30589607,Your Private Resort in Southern California,45912009.0,1.4656857446470848e+18,Gina,Other Cities,Pasadena,34.17544,-118.15743,Entire home/apt,499.0,2.0,253,2026-06-09,2.77,1.0,251,19,SRU2020-00091
30590150,The Buena Park - Studio City's Best Guesthouse,23118355.0,1.4626239615544484e+18,Ashton,City of Los Angeles,Studio City,34.13789,-118.38789,Entire home/apt,120.0,30.0,100,2025-10-18,1.15,31.0,365,4,HSR22-001880
30590635,Very Venice Rooftop Penthouse Studio +Beach Access,13155698.0,1.4629045543719572e+18,Tamer,City of Los Angeles,Venice,33.99119,-118.47385,Entire home/apt,93.0,30.0,32,2019-11-30,0.36,1.0,353,0,nan
30658027,独立进出 步行华人超市 周边很多美食广场 全新套房  交通便利 生活便捷 近60号高速公路,206014969.0,1.4690745610507174e+18,Amy,Unincorporated Areas,Rowland Heights,33.98739,-117.9009,Private room,nan,30.0,1,2019-05-05,0.01,3.0,0,0,nan
30659297,Private Studio in the Heart of Los Angeles,229575396.0,1.463232959789457e+18,Lorraine,City of Los Angeles,Jefferson Park,34.03351,-118.31648,Entire home/apt,193.0,2.0,363,2026-05-18,4.07,3.0,251,23,HSR24-003057
30672568,Special Hollywood Stay-Fully Furnished,112952162.0,1.4673627916643935e+18,Adel,City of Los Angeles,Hollywood,34.10289,-118.34758,Entire home/apt,95.0,31.0,54,2023-09-01,0.59,84.0,108,0,nan
30676319,Alhambra舒适公寓 | 1B1B | 独立整套E | 便捷 | 免费专属停车 | 8年超赞房东,65424736.0,1.462769135176588e+18,Glory,Other Cities,Alhambra,34.08538,-118.12294,Entire home/apt,200.0,2.0,242,2026-05-04,2.66,7.0,172,31,nan
30677255,(NEW) Modern, Peaceful, Studio City Guesthouse,10333296.0,1.462837789489513e+18,Jocelyn,City of Los Angeles,Studio City,34.14365,-118.37629,Entire home/apt,nan,30.0,45,2020-11-20,0.49,1.0,19,0,nan
30680366,The Wilcox#2 - 1 bedroom Deluxe unit in Hollywood!,33249323.0,1.4654868282916524e+18,LA 30 Day Rentals,City of Los Angeles,Hollywood,34.08866,-118.32976,Entire home/apt,94.0,31.0,12,2025-12-06,0.14,56.0,355,1,nan
30689219,Private, 2-Room Getaway Near Major Attractions,95038959.0,1.4671457638169014e+18,Todd,City of Los Angeles,Encino,34.1614,-118.47483,Entire home/apt,355.0,30.0,53,2020-03-24,0.58,1.0,179,0,HSR19-002275
30689483,OB The Burlington Hotel,229716119.0,1.4692243934537344e+18,Simone,City of Los Angeles,Westlake,34.06067,-118.27009,Private room,93.0,30.0,32,2020-01-01,0.35,38.0,90,0,Exempt - This listing is a transient occupancy residential structure
30690465,Charming room in the house with  Outdoor Deck,1167240.0,1.4625387012647734e+18,Olena Nicolay,Other Cities,Glendale,34.15379,-118.2585,Private room,194.0,1.0,34,2026-05-24,0.37,2.0,143,2,nan
30691378,Romantic, relaxing retreat- amazing views of DTLA!,56492618.0,1.465924487291256e+18,Ameliana,City of Los Angeles,Mount Washington,34.10139,-118.22817,Entire home/apt,337.0,30.0,19,2022-04-17,0.21,1.0,178,0,HSR20-001208
30692690,Modern, Bright , and Spacious 5 bedroom Home,71719539.0,1.4627957441608259e+18,Katie,City of Los Angeles,El Sereno,34.08333,-118.18904,Entire home/apt,438.0,3.0,128,2026-05-17,1.4,17.0,317,11,HSR22-002523
30693793,Modern Hollywood Hills Apartment,7116086.0,1.46272382591005e+18,Shannon,City of Los Angeles,Hollywood Hills,34.10711,-118.32882,Private room,nan,30.0,0,nan,nan,1.0,0,0,nan
30694695,Bright and Modern Home (5 BR and 5 BATHROOMS),71719539.0,1.4627957441608259e+18,Katie,City of Los Angeles,Montecito Heights,34.08514,-118.18978,Entire home/apt,466.0,2.0,179,2026-05-25,1.97,17.0,289,14,HSR23-003262
30695167,Luxury executive bungalow,4563339.0,1.4625361912659904e+18,Angelique,City of Los Angeles,Tarzana,34.18078,-118.55403,Entire home/apt,81.0,30.0,17,2024-04-27,0.19,1.0,350,0,nan
30707549,Lush Canyon Sanctuary + Private Parking & Patio,5587620.0,1.462684417978272e+18,Hitomi,City of Los Angeles,Beverly Crest,34.10434,-118.44526,Entire home/apt,365.0,30.0,0,nan,nan,3.0,243,0,nan
30707869,Sanctuary Oasis in the Heart of it All,22364672.0,1.4626209133789263e+18,Frank,Other Cities,West Hollywood,34.09378,-118.35962,Entire home/apt,nan,2.0,117,2026-05-31,2.08,2.0,0,8,STR19-0004
30708470,Picturesque Cottage in the Heart of it All,22364672.0,1.4626209133789263e+18,Frank,Other Cities,West Hollywood,34.09425,-118.35877,Entire home/apt,nan,30.0,406,2025-12-10,4.6,2.0,6,10,STR19-0004
30710067,Large Naples Island BR w Balcony WiFi Walk 2 Ocean,112938085.0,1.462902024011997e+18,Sindy,Other Cities,Long Beach,33.75412,-118.12034,Private room,112.0,3.0,251,2026-06-07,2.77,3.0,300,36,PRP24-01811
30716427,Topanga Getaway,226393734.0,1.4692041182957601e+18,Stone,Unincorporated Areas,Topanga,34.07436,-118.60384,Entire home/apt,nan,2.0,0,nan,nan,1.0,0,0,nan
30718898,Brentwood Apartment,87389990.0,1.4670507543672294e+18,Gol,City of Los Angeles,Brentwood,34.05744,-118.46562,Entire home/apt,nan,30.0,3,2019-01-12,0.03,1.0,0,0,nan
30718911,AJ's Home - (private bath / entrance, min 30 days),221722451.0,1.4691723853095498e+18,Ajantha,City of Los Angeles,West Hills,34.20501,-118.62056,Private room,53.0,30.0,78,2024-10-01,0.87,3.0,321,0,nan
30739322,Chic LA Studio • Pool • Patio • Free Parking • B.H,230057595.0,1.4692264244079025e+18,Odile,City of Los Angeles,Carthay,34.063,-118.37076,Entire home/apt,308.0,1.0,263,2026-06-16,2.89,3.0,82,29,HSR21-002969
30740055,Modern Malibu Ocean View 1 bedroom,16016535.0,1.4629762204504156e+18,Katherine,Other Cities,Malibu,34.03912,-118.63893,Entire home/apt,nan,2.0,164,2025-01-01,1.93,3.0,0,0,STR21-0116
30757835,Spanish Style Studio by the cruise ship terminal,91544121.0,1.4671063639603208e+18,Malik,City of Los Angeles,San Pedro,33.7375,-118.28979,Entire home/apt,nan,31.0,38,2025-05-31,0.42,3.0,348,0,nan
30765127,The Blue Retriever Guest House (Duplex),77826407.0,1.4669538633177354e+18,Mark,Other Cities,Long Beach,33.8426330097158,-118.20024629041266,Entire home/apt,434.0,1.0,4,2020-02-16,0.04,1.0,110,0,PRP21-00149
30772658,Quiet, Private Studio on Tree Lined Cul-De-Sac,107089573.0,1.4672980940093307e+18,Michael,Other Cities,Culver City,34.008728,-118.393997,Entire home/apt,191.0,3.0,152,2026-05-31,1.67,1.0,127,30,nan
30773222,Cozy Escape near the beach 6 miles to Sofi Stadium,230254023.0,1.4632350556001772e+18,Irene Queen,City of Los Angeles,Playa del Rey,33.95583,-118.44437,Entire home/apt,404.0,2.0,295,2026-06-10,3.24,1.0,145,16,HSR22-003537
30774950,Santa Monica Studio w/Balcony and Parking!,68672147.0,1.4668492327309844e+18,Jason,Other Cities,Santa Monica,34.01783,-118.49224,Entire home/apt,nan,31.0,11,2026-03-29,0.12,27.0,1,2,nan
30776479,Super large bedroom with City view,223520461.0,1.4691852630066e+18,Rubi,Unincorporated Areas,Hacienda Heights,33.99282,-117.99009,Private room,113.0,2.0,11,2025-07-06,0.13,8.0,38,1,nan
30792810,Bright Master bedroom in Newly remodeled townhouse,18416698.0,1.463053828598875e+18,Michael,City of Los Angeles,Canoga Park,34.2110603005384,-118.60416680792387,Private room,72.0,30.0,1,2019-06-01,0.01,3.0,365,0,Exempt - This listing is a transient occupancy residential structure
30793134,W Palmdale 4 BR/2 BA  Walk to Marie Kerr Park,2220269.0,1.4625894409142397e+18,Dorothy,Other Cities,Palmdale,34.60132,-118.17999,Entire home/apt,308.0,7.0,28,2026-03-30,0.31,7.0,353,3,nan
30793314,Private Room in Burbank with View of Backyard,98397368.0,1.4671834884120374e+18,Rachel,Other Cities,Burbank,34.19246,-118.31731,Private room,nan,2.0,72,2023-04-22,0.79,1.0,0,0,nan
30795639,Desirable W Palmdale Home Close to the Park,2220269.0,1.4625894409142397e+18,Dorothy,Other Cities,Palmdale,34.60021,-118.18142,Entire home/apt,183.0,10.0,22,2023-06-16,0.24,7.0,365,0,nan
30796396,Blueground | Playa Del Rey, pool, nr beach,107434423.0,1.462889176402806e+18,Blueground,City of Los Angeles,Westchester,33.9591966,-118.4206003,Entire home/apt,nan,31.0,0,nan,nan,254.0,2,0,nan
30796835,In-law Suite, Near SoFI Stadium and LAX,2410.0,1.4625063035235597e+18,Daryl,Other Cities,Gardena,33.9072,-118.32038,Entire home/apt,371.0,1.0,0,nan,nan,1.0,179,0,nan
30797305,Casita Gracia,8361961.0,1.4627665498585244e+18,Jeff,City of Los Angeles,Atwater Village,34.11416,-118.25672,Entire home/apt,104.0,30.0,85,2025-08-12,0.94,2.0,176,1,HSR19-001219
30798754,1844 Raymond Ave,43582529.0,1.4656471297313475e+18,Shane,Other Cities,Signal Hill,33.79125,-118.16297,Entire home/apt,353.0,31.0,0,nan,nan,1.0,298,0,nan
31316161,Lennox Landing near LAX,165668915.0,1.4630312773876022e+18,Elena Rosa,Unincorporated Areas,Lennox,33.93931,-118.3609,Private room,90.0,10.0,326,2026-01-11,5.76,1.0,19,27,nan
31333502,Queens road, Sunset strip. Mid Century house.,1208884.0,1.462539768078879e+18,Sylvie,City of Los Angeles,Hollywood Hills West,34.09582,-118.37659,Entire home/apt,1061.0,10.0,2,2021-09-09,0.02,1.0,173,0,HSR24-003827
31336292,Vintage, Loving & Spacious Near LAX, SPACEX,& DTLA,204653081.0,1.463150145871029e+18,Gloria,City of Los Angeles,Gramercy Park,33.94279,-118.3119,Entire home/apt,169.0,30.0,72,2026-05-01,0.81,3.0,247,2,nan
31341657,Remodeled w/AC/Laundry/FWY Close,44310210.0,1.4626965869524995e+18,Tamara,Other Cities,Signal Hill,33.81753,-118.17761,Entire home/apt,585.0,1.0,562,2026-06-10,6.21,4.0,345,38,nan
31352265,Studio Apartment w/small balcony and parking!,68672147.0,1.4668492327309844e+18,Jason,Other Cities,Santa Monica,34.01578,-118.49211,Entire home/apt,nan,31.0,11,2026-05-30,0.13,27.0,0,1,nan
31357319,View Heights Resort - Close to airport,17012310.0,1.4630001394737434e+18,Adele,City of Los Angeles,Hyde Park,33.98296,-118.34439,Entire home/apt,nan,30.0,16,2022-03-05,0.18,1.0,0,0,HSR19-002429
31358130,Quiet cozy room, Prime Location the Arts District.,47159045.0,1.4657073783401633e+18,M,City of Los Angeles,North Hollywood,34.1695,-118.36632,Private room,66.0,30.0,19,2022-07-16,0.22,1.0,83,0,nan
31360675,Stunning Ocean Beachfront near Santa Monica/Venice,129655.0,1.4625103590750748e+18,Jason,City of Los Angeles,Playa Vista,33.96894,-118.42785,Entire home/apt,nan,31.0,12,2021-09-25,0.13,1.0,0,0,HSR20-002493
31362585,Cozy Private Studio w/ Full Kitchen & Washer/Dryer,132448096.0,1.4683245850900652e+18,Ava,City of Los Angeles,West Hills,34.19094,-118.64787,Entire home/apt,83.0,30.0,30,2026-03-09,0.33,1.0,138,2,HSR19-003864
31363358,7 Bedrooms  • Near Disneyland • Perfect for Groups,234863146.0,1.4692505239090737e+18,Irene,Unincorporated Areas,Hacienda Heights,33.99308,-117.94929,Entire home/apt,837.0,2.0,135,2026-05-24,1.57,1.0,163,23,nan
31363375,LA Choice House – 4 Guests Room w/ Private Bath,230090742.0,1.469226672990782e+18,LA Choice,City of Los Angeles,Harvard Heights,34.03992,-118.30648,Private room,117.0,30.0,29,2023-03-21,0.32,1.0,365,0,nan
31366308,Clean and Airy Apartment in Valley Village,233667182.0,1.4692445772747602e+18,Margarita,City of Los Angeles,Valley Village,34.16946,-118.38675,Entire home/apt,102.0,30.0,50,2025-10-21,0.56,1.0,219,2,nan
31368645,Stay in a Stylish Downtown Studio in Pasadena,14211572.0,1.4625894287174717e+18,Alexander,Other Cities,Pasadena,34.13985,-118.1458,Entire home/apt,nan,60.0,0,nan,nan,2.0,0,0,nan
31382789,Modern Studio Apartment,42245341.0,1.4656282887122542e+18,David,City of Los Angeles,Wilmington,33.781761169433594,-118.25276184082033,Entire home/apt,65.0,30.0,26,2024-12-31,0.29,1.0,76,0,nan
31383548,Beach Bungalow Suite,6422809.0,1.4627060448023076e+18,Taylor,Other Cities,Manhattan Beach,33.88751,-118.41381,Entire home/apt,97.0,30.0,9,2023-08-18,0.1,1.0,182,0,nan
31384026,Sherman Oaks Jewel,235044733.0,1.469251461696506e+18,Jeannie,City of Los Angeles,Sherman Oaks,34.16293,-118.43258,Entire home/apt,2227.0,30.0,1,2019-01-14,0.01,1.0,358,0,HSR19-000570
31384846,LUXURY 4 BDR HIGH-TECH HOUSE IN PERFECT LOCATION,4761562.0,1.4626648645396513e+18,Melissa,City of Los Angeles,Studio City,34.13994,-118.39422,Entire home/apt,843.0,2.0,204,2026-05-25,2.29,9.0,169,17,HSR22-004119
31387472,Spacious 2 Bedroom + 1 Bath Century City/UCLA,71181112.0,1.4668806650948001e+18,Gil,City of Los Angeles,West Los Angeles,34.05241,-118.42181,Entire home/apt,256.0,30.0,27,2026-06-12,0.31,2.0,89,3,nan
31392465,Mullholand Hollywood Sign stunning View House,13046293.0,1.462901780847252e+18,Tomer,City of Los Angeles,Hollywood Hills,34.12116241455078,-118.3413314819336,Entire home/apt,300.0,30.0,82,2023-10-17,0.93,7.0,107,0,HSR21-002127
30998488,Cozy room in a charming, light filled LA apartment,23034731.0,1.465267680155162e+18,Anthony,City of Los Angeles,Westlake,34.06235,-118.26888,Private room,nan,30.0,0,nan,nan,1.0,0,0,nan
31002097,New Venice Beach Private Bungalow, With Parking,214390617.0,1.4691224331903447e+18,Steven,City of Los Angeles,Venice,33.99797,-118.4709,Entire home/apt,162.0,31.0,175,2023-10-31,1.94,1.0,244,0,HSR20-000588
31004677,seasons sunshine -B- 四季阳光-民宿-B,231475130.0,1.4632386890084797e+18,Golden,Other Cities,Temple City,34.11038,-118.06359,Entire home/apt,94.0,28.0,18,2020-09-03,0.2,8.0,83,0,nan
31016599,Prime location next2 LAX and 20 min from Hollywood,103235369.0,1.4628782010326177e+18,James,Other Cities,Inglewood,33.97432,-118.3589,Private room,nan,31.0,2,2019-09-13,0.02,2.0,29,0,nan
31017431,Private Master Bedroom A1 With attached bathroom,230057655.0,1.4692264247875333e+18,Sasan,City of Los Angeles,Canoga Park,34.20444,-118.59155,Private room,57.0,30.0,32,2026-05-18,0.35,4.0,358,1,Exempt - This listing is a bed and breakfast
31021784,Southern California vacation home rental,231696428.0,1.4632392445757353e+18,Sean,Other Cities,Glendora,34.13619,-117.8563,Entire home/apt,298.0,2.0,243,2026-05-29,3.12,1.0,300,22,nan
31022752,Craftsman Character Guest House,231707759.0,1.4692354002510659e+18,Kenji,Other Cities,Pasadena,34.13683,-118.14559,Entire home/apt,257.0,2.0,240,2026-05-11,2.64,1.0,92,20,SRU2020-00092
31023434,Great 2+2 in LA/SAN FDO. VALLEY CLOSE TO BURBANK,16672866.0,1.4629923872903475e+18,Carlos,City of Los Angeles,Panorama City,34.24002,-118.44984,Entire home/apt,159.0,30.0,6,2025-08-29,0.07,23.0,365,2,nan
31024882,3/2, near DTLA, huge yard, views, pets ok!,231728168.0,1.469235485073628e+18,Richard,City of Los Angeles,Mount Washington,34.10474,-118.22723,Entire home/apt,195.0,30.0,16,2026-03-10,0.18,1.0,70,3,nan
31026723,House with 3 BRR, 2 BAT, with gym and Piano,231719877.0,1.4632392945807631e+18,Sherly,City of Los Angeles,Winnetka,34.21256,-118.56251,Private room,128.0,30.0,40,2025-04-28,0.44,6.0,174,0,HSR19-005014
31040958,Cheerful bedroom private room in residential home,15444333.0,1.4629624825022295e+18,Marcela,City of Los Angeles,Baldwin Hills/Crenshaw,34.02225,-118.36264,Private room,71.0,30.0,51,2025-12-17,1.01,1.0,179,1,HSR24-002857
31048422,“Home away from home 2 “W/private Entrance,231719877.0,1.4632392945807631e+18,Sherly,City of Los Angeles,Reseda,34.21033693689317,-118.56076135176856,Private room,76.0,30.0,29,2025-11-30,0.32,6.0,78,2,HSR19-005014
31053097,202A-DTLA Bright Designer Studio DTLA 4ppl,229603019.0,1.469223727385053e+18,Angie & Bruce,City of Los Angeles,Westlake,34.05436,-118.26532,Entire home/apt,72.0,30.0,56,2025-10-02,0.62,30.0,298,1,Exempt - This listing is a hotel or motel
31053254,302-Industrial Style Bright Studio by DTLA,229603019.0,1.469223727385053e+18,Angie & Bruce,City of Los Angeles,Westlake,34.05665,-118.26425,Entire home/apt,64.0,30.0,60,2025-04-01,0.66,30.0,354,0,Exempt - This listing is a hotel or motel
31053857,612-DTLA Sunset View Industrial style apartment,229603019.0,1.469223727385053e+18,Angie & Bruce,City of Los Angeles,Westlake,34.05665,-118.26465,Entire home/apt,130.0,30.0,27,2023-08-10,0.32,30.0,365,0,Exempt - This listing is a hotel or motel
31054912,Spacious, clean, and private loft in Los Angeles,231976618.0,1.4692366949685174e+18,Adan,Unincorporated Areas,East Los Angeles,34.03071,-118.15105,Entire home/apt,253.0,1.0,343,2026-06-08,3.77,3.0,308,31,nan
31055994,House with the Ocean view,223101527.0,1.4691823071505326e+18,Qi,Other Cities,Rancho Palos Verdes,33.73742,-118.35625,Private room,nan,31.0,37,2020-01-11,0.41,1.0,0,0,nan
31067891,Charming, Cozy Home with Pool!,79571632.0,1.4669720267065055e+18,Dee Dee,Other Cities,Glendale,34.16168844977219,-118.30149572852812,Entire home/apt,210.0,30.0,60,2025-03-07,1.51,1.0,182,0,nan
31075840,Charming, Spacious and Private Place - Unit H,150054518.0,1.46298399200504e+18,Nmatters,Other Cities,Carson,33.82833,-118.27113,Entire home/apt,157.0,1.0,348,2026-05-31,3.9,2.0,206,54,nan
31077783,2 rooms Back house,,158237273.0,1.4685417308905946e+18,Keren,City of Los Angeles,Northridge,34.22157,-118.55926,Entire home/apt,126.0,30.0,1,2019-02-10,0.01,5.0,107,0,HSR20-000761
31085725,Beautiful Studio-Fully Furnished in Hollywood,112952162.0,1.4673627916643935e+18,Adel,City of Los Angeles,Hollywood,34.1032,-118.34615,Private room,95.0,31.0,41,2024-06-23,0.45,84.0,104,0,nan
31086285,Stylish 2BR Retreat - Ideal for Extended Stays,202108200.0,1.4631450154051244e+18,Lori,City of Los Angeles,Playa del Rey,33.9534,-118.43881,Entire home/apt,220.0,30.0,78,2026-06-05,0.9,1.0,349,3,HSR19-004208
31099230,SPACIOUS AND PRIVATE SUITE.,33392864.0,1.465488691314797e+18,Bertha And Kazu,Other Cities,Gardena,33.90139,-118.32555,Entire home/apt,200.0,2.0,249,2026-06-01,2.79,1.0,237,36,HSP #24-004
31110833,Condo-style 1 BED, Close to Northridge hospital,231719877.0,1.4632392945807631e+18,Sherly,City of Los Angeles,Reseda,34.21068,-118.56072,Entire home/apt,110.0,30.0,32,2026-04-01,0.37,6.0,167,4,HSR19-005014
31121871,WORLD CUP Luxurious Hollywood Oasis with Pool/Spa,93545817.0,1.4671293398300772e+18,Lisa,City of Los Angeles,Hollywood Hills,34.11105,-118.326,Private room,398.0,2.0,113,2025-09-08,1.25,2.0,37,1,HSR23-002715
31127803,Hollywood gated,chill studio in house,own entrance,23048713.0,1.4652678831695396e+18,Irina,City of Los Angeles,Hollywood Hills,34.11009,-118.33177,Private room,86.0,30.0,166,2026-06-01,1.83,4.0,258,6,HSR19-003166
31128599,HAKUNA MATATA,129432576.0,1.468298076878215e+18,Dunson,Other Cities,Pasadena,34.15744,-118.12294,Private room,nan,1.0,0,nan,nan,1.0,0,0,nan
31148133,Sophisticated Long Beach Suite with Garage Parking,115510331.0,1.4681866909447775e+18,Greta,Other Cities,Long Beach,33.76895,-118.1735,Entire home/apt,nan,1.0,461,2026-05-26,5.08,9.0,0,59,NRP21-00185
31149341,Private Modern Hilltop Guest Suite,34679811.0,1.4655112930145818e+18,Ryan,Unincorporated Areas,East Los Angeles,34.053,-118.1818,Entire home/apt,198.0,2.0,300,2026-05-18,3.71,1.0,259,29,nan
31150216,PEACEFUL Retreat INCREDIBLE Views Hollywood Hills,218294555.0,1.4632019951718484e+18,Superhost PJ,City of Los Angeles,Hollywood Hills,34.12061,-118.35138,Private room,nan,30.0,28,2022-11-23,0.31,2.0,0,0,nan
31160963,Explore Pasadena from this Modern Downtown Home,14211572.0,1.4625894287174717e+18,Alexander,Other Cities,Pasadena,34.14041,-118.14579,Entire home/apt,nan,60.0,0,nan,nan,2.0,0,0,nan
31167819,Gorgeous Home on Hidden Organic Farm in heart ofLA,52262071.0,1.4658422070160087e+18,Aengus,City of Los Angeles,Mid-Wilshire,34.05206298828125,-118.32599639892578,Entire home/apt,318.0,30.0,57,2022-05-14,0.63,1.0,365,0,HSR20-001518
31176203,Rose Park Retreat,22895579.0,1.4631911414764403e+18,Nancy,Other Cities,Long Beach,33.77475,-118.15833,Entire home/apt,115.0,31.0,37,2025-08-08,0.41,7.0,289,2,NRP21-00336
31176746,Good Fortune,22895579.0,1.4631911414764403e+18,Nancy,Other Cities,Long Beach,33.7754,-118.15876,Entire home/apt,113.0,31.0,27,2026-05-31,0.31,7.0,250,3,nan
31187932,Huge Luxury Apartment ( The entire floor ),380595.0,1.4625170182466289e+18,Mado,City of Los Angeles,Mid-Wilshire,34.06659,-118.34499,Entire home/apt,nan,30.0,1,2019-02-19,0.01,1.0,0,0,nan
31189202,MOVIE PRODUCER COTTAGE; North Hollywood,119676461.0,1.468219422667742e+18,David,City of Los Angeles,North Hollywood,34.17597,-118.36929,Entire home/apt,nan,30.0,128,2026-05-07,1.42,6.0,51,6,HSR19-002510
31192512,2 Room Suite with private bath&kitchen, ocean view,121843517.0,1.4682367459995466e+18,Julia,Other Cities,Rancho Palos Verdes,33.76135,-118.41238,Entire home/apt,120.0,30.0,2,2022-08-24,0.03,1.0,287,0,nan
31193276,相遇就是一种缘分，一种距离的美，你开心、快乐，我也会快乐，快乐就是这么简单！期待与你相识。,231648930.0,1.4692351228599844e+18,Joy,Unincorporated Areas,Hacienda Heights,33.98257,-117.98543,Private room,98.0,28.0,15,2020-03-28,0.17,1.0,364,0,nan
31193590,"Oasis" 4 Everything Los Angeles/OC Disneyland...,60097992.0,1.4667371662266214e+18,Jaesen,Other Cities,Long Beach,33.87739,-118.18453,Entire home/apt,206.0,2.0,458,2026-06-09,5.07,1.0,270,41,PRP21-00206
31194373,Majestic ocean view studio! Charming loft,239712.0,1.4625134888048123e+18,Silvio,Other Cities,Santa Monica,34.01419,-118.49676,Entire home/apt,160.0,30.0,15,2020-02-16,0.17,10.0,365,0,Exempt
31195287,Modern, bright cottage with gorgeous outdoor patio,4577431.0,1.4626606532018145e+18,Jennifer,City of Los Angeles,Cypress Park,34.08946,-118.21306,Entire home/apt,nan,30.0,7,2019-02-12,0.08,1.0,0,0,HSR20-000696
31210528,The Hidden Jewel of Encino,220118615.0,1.4632061380380265e+18,Home Sweet,City of Los Angeles,Encino,34.17285,-118.51756,Entire home/apt,118.0,30.0,47,2024-11-04,0.53,6.0,338,0,HSR19-025463
31212142,Selma Charm in Historic Hollywood,113109354.0,1.468170043496548e+18,Thomas,City of Los Angeles,Hollywood,34.09875,-118.32071,Entire home/apt,76.0,30.0,63,2026-04-29,0.7,4.0,308,6,nan
31213251,2B/1Bath Suite/Near College/Privat Entrance,224591683.0,1.469192371132181e+18,Feng,Other Cities,Azusa,34.14744,-117.89283,Private room,nan,2.0,44,2019-11-11,0.49,1.0,0,0,nan
31218772,Best location, Private room, UCLA, Santa Monica LA,4780152.0,1.4625372374553434e+18,Sara M,City of Los Angeles,Brentwood,34.04493,-118.46782,Private room,65.0,30.0,1,2026-05-31,1.0,114.0,365,1,nan
31240022,Cozy Greek Style Studio Apartment with Patio,28005117.0,1.4626430812846216e+18,Cihan,City of Los Angeles,Hollywood,34.08779,-118.3121,Entire home/apt,78.0,30.0,12,2024-02-02,0.14,7.0,365,0,nan
31255722,Relaxing Oasis in the Heart of the City,58520477.0,1.4627402897621975e+18,Daniel,Other Cities,Glendale,34.15633,-118.24898,Private room,104.0,2.0,160,2026-06-08,1.77,1.0,135,30,nan
31259913,Large bright bedroom A or B, shared bathroom,33772749.0,1.4654937898312945e+18,Will,Other Cities,Long Beach,33.77798,-118.19574,Private room,nan,2.0,9,2022-03-20,0.1,11.0,0,0,PRP21-00217
31261645,Large 5 bedroom charmer+pool,13856090.0,1.4629248794630838e+18,Doris & Michael Nikravesh,City of Los Angeles,Sun Valley,34.22597,-118.3903,Entire home/apt,251.0,30.0,53,2025-04-18,0.62,57.0,334,0,Exempt - This listing is a transient occupancy residential structure
31261712,New Private Mas Bedroom A2  w/pri/bath.,230057655.0,1.4692264247875333e+18,Sasan,City of Los Angeles,Canoga Park,34.20428579038609,-118.59168148040771,Private room,58.0,30.0,16,2026-01-24,0.18,4.0,165,2,Exempt - This listing is a bed and breakfast
31261795,Exquisite Converted Hilltop Artist's Loft Studio,185353123.0,1.46895844848419e+18,Greka,City of Los Angeles,Mount Washington,34.10958,-118.21657,Entire home/apt,198.0,30.0,42,2024-02-04,0.47,1.0,364,0,HSR19-003979
31262343,Baldwin Hills Urban Oasis,569154.0,1.4625220762422088e+18,Dolann Marie,City of Los Angeles,Baldwin Hills/Crenshaw,34.01054,-118.34419,Entire home/apt,73.0,30.0,7,2026-05-31,0.08,1.0,116,1,nan
31262496,Architectural mid century home &private beach club,24844945.0,1.46532140506246e+18,Lynne,Other Cities,Malibu,34.03707,-118.84396,Entire home/apt,833.0,30.0,9,2022-03-20,0.13,1.0,83,0,Dr-STR#21-0124 City of Malibu
31262886,Chic Modern Studio Near LA & OC - Prime Location!,3610825.0,1.4625308968004372e+18,Celina,Unincorporated Areas,Valinda,34.02978,-117.93331,Entire home/apt,230.0,3.0,207,2026-04-19,2.31,3.0,58,13,nan
31265818,Incredible 1 Bedroom Beach Pad with Parking-M18,25326961.0,1.465340288112116e+18,Mike,City of Los Angeles,Venice,33.98794,-118.46968,Entire home/apt,111.0,31.0,31,2025-11-15,0.35,38.0,338,1,nan
31266811,Near Hollywood Safe Place to Stay in  Los Angeles,233753468.0,1.463244650545821e+18,Tabarak,City of Los Angeles,Koreatown,34.06584,-118.30268,Shared room,20.0,90.0,9,2019-08-10,0.1,1.0,269,0,nan
31267256,Private Master Bedroom A3 W/Pri/bath.,230057655.0,1.4692264247875333e+18,Sasan,City of Los Angeles,Canoga Park,34.20422811482129,-118.59159564971924,Private room,58.0,30.0,51,2025-02-13,0.61,4.0,352,0,Exempt - This listing is a bed and breakfast
31269158,LARGE master bedroom w. Downtown LA views,8135809.0,1.462563935900103e+18,Nicolette,Unincorporated Areas,View Park-Windsor Hills,34.00369,-118.339,Private room,226.0,1.0,479,2026-06-13,5.36,3.0,298,45,nan
31269772,Large Master Bedroom w Hollywood  sign VIEWS,8135809.0,1.462563935900103e+18,Nicolette,Unincorporated Areas,View Park-Windsor Hills,34.00547,-118.33723,Private room,217.0,1.0,532,2026-06-15,5.95,3.0,323,59,nan
31269790,Beautiful, Modern, Fully Remodeled Private House!,14594741.0,1.4629423297420106e+18,Mark,City of Los Angeles,North Hollywood,34.19334,-118.40084,Entire home/apt,129.0,30.0,30,2026-06-12,0.35,4.0,337,3,Exempt - This listing is a transient occupancy residential structure
31290800,Beautiful private room,234179691.0,1.4632458373910438e+18,Daysi,Other Cities,Hawthorne,33.93215,-118.3569,Private room,123.0,1.0,286,2026-05-31,3.2,1.0,335,39,nan
31291548,Serene Venice room with private entrance and yard,2868384.0,1.4626110805952061e+18,Daniela,City of Los Angeles,Venice,34.00194,-118.46435,Entire home/apt,96.0,30.0,65,2020-09-12,0.72,4.0,321,0,HSR20-002196
32013337,Santa Monica (Studio Apt.),28933623.0,1.4626463753047754e+18,Cyrus,Other Cities,Santa Monica,34.02762,-118.47935,Entire home/apt,110.0,30.0,22,2026-04-23,0.25,13.0,275,5,nan
32016074,Cozy studio with log cabin feel.  Fully Sanitized.,56873926.0,1.4659298618463163e+18,Tanya,Other Cities,Culver City,33.99909,-118.39721,Entire home/apt,176.0,2.0,153,2026-02-23,1.76,1.0,167,8,nan
32016432,Glendale Spacious Character Home In Prime Location,240044961.0,1.4692767344569075e+18,Eleni,Other Cities,Glendale,34.15969,-118.2481,Entire home/apt,583.0,3.0,83,2026-05-25,0.93,1.0,157,12,nan
32035081,Private dirt road fishing pond with gaming room,23518965.0,1.465274364424303e+18,Michael,Unincorporated Areas,Tujunga Canyons,34.43193,-118.21339,Entire home/apt,262.0,1.0,18,2020-03-02,0.2,3.0,179,0,nan
32040618,Incredible view with pool & spa in a chic home.,10570726.0,1.462574846936285e+18,Linda,City of Los Angeles,Studio City,34.13593,-118.38173,Entire home/apt,567.0,30.0,38,2023-10-23,0.42,1.0,226,0,HSR21-003071
32041165,Venice Tiki Pad 🌺 Poolside Oasis w/ Private Entry,13751512.0,1.4625876224043195e+18,Barbara,City of Los Angeles,Mar Vista,34.01099,-118.42703,Entire home/apt,257.0,1.0,304,2026-05-26,3.4,1.0,264,27,HSR19-003020
32041915,Roomy Echo Park Craftsman One Bedroom with View!,2496463.0,1.462524555121645e+18,Shana,City of Los Angeles,Echo Park,34.07427,-118.25547,Entire home/apt,105.0,31.0,45,2026-05-20,0.51,2.0,84,3,nan
32045673,105 *LA Dreaming@ ALE Ready Oasis with large Pool,10832832.0,1.4625760483293507e+18,Katy & Team,City of Los Angeles,Northridge,34.22638,-118.50979,Entire home/apt,830.0,30.0,19,2025-12-10,0.21,71.0,261,1,HSR20-001158
32047112,洛杉矶高级温馨舒适花园别墅,132532709.0,1.4629453196427402e+18,Jane,Other Cities,El Monte,34.06547,-118.05985,Private room,120.0,1.0,8,2026-01-12,0.09,1.0,87,3,nan
32047387,Ocean Front HOME with Amazing views,100824807.0,1.4628722826155052e+18,Shawn,Other Cities,Long Beach,33.762882,-118.161285,Entire home/apt,452.0,31.0,141,2025-11-07,1.61,1.0,126,1,nan
32047649,❤️ Serene 4/3 Venice Canals Getaway w/ FASTEST Wifi,7356043.0,1.4625604982517924e+18,Trevor,City of Los Angeles,Venice,33.98409,-118.46857,Entire home/apt,667.0,30.0,82,2024-04-06,0.92,10.0,90,0,HSR23-001443
32048318,Tastefully remodeled home by DTLA & USC KECK,62956757.0,1.4667770792400842e+18,Zac,City of Los Angeles,Lincoln Heights,34.07483,-118.19549,Entire home/apt,89.0,31.0,23,2025-11-01,0.26,3.0,33,3,nan
32051369,Charming Studio - Great location - sunny & clean!,22867783.0,1.4626229770407017e+18,Shane,Other Cities,Santa Monica,34.02559,-118.47947,Entire home/apt,nan,3.0,15,2020-07-27,0.18,1.0,0,0,231213
32089876,Wonderful Apt 99 Walk Score in the best area of HW,230016718.0,1.4692261372455017e+18,StayHW Sam,City of Los Angeles,Hollywood,34.10257,-118.33724,Entire home/apt,294.0,30.0,125,2024-11-08,1.4,48.0,365,0,HSR23-002997
32093763,Beautiful BunGalow@thebeach,25230474.0,1.4653384336505984e+18,Lana,Other Cities,Hermosa Beach,33.86479,-118.3999,Entire home/apt,377.0,1.0,112,2026-04-26,1.27,1.0,322,9,nan
32094961,Central to everything in LA!,10138417.0,1.4625728289741972e+18,Royal,City of Los Angeles,West Adams,34.03214,-118.34914,Entire home/apt,179.0,31.0,71,2024-08-20,0.79,1.0,347,0,nan
32096660,Peace, Love and Light! 
3 bedroom Condo.,240741294.0,1.4692797893597043e+18,Kaharra,Other Cities,Santa Clarita,34.42145538330078,-118.45154571533205,Entire home/apt,259.0,2.0,31,2026-06-14,0.35,1.0,331,3,nan
32106242,Vintage Eclectic Bohemian Home in Old Town .,1212408.0,1.4625398397274573e+18,Jacklyn,Other Cities,La Verne,34.09914,-117.76559,Private room,103.0,1.0,173,2026-05-27,1.98,2.0,72,12,05-10042021
32109690,the mid city . registration : HSR19-002172,240892068.0,1.4632741960503322e+18,Jose,City of Los Angeles,Mid-City,34.03631,-118.34406,Private room,75.0,1.0,395,2026-06-15,4.7,1.0,223,72,HSR19-002172
32112701,Open bright 1 Bedroom Apartment,187543153.0,1.4689710804153244e+18,Bedford Corporate Housing,City of Los Angeles,Playa Vista,33.976472318243935,-118.41634181965163,Entire home/apt,nan,30.0,1,2019-06-09,0.01,64.0,0,0,nan
32136959,Studio intern paradise, Disney,WB, UNIVERSALSTUDIO,31374204.0,1.4626548759273219e+18,Ru,Other Cities,Burbank,34.20415,-118.33584,Private room,1028.0,1.0,1,2019-04-30,0.01,18.0,365,0,nan
32137042,Hollywood Hills/Universal Studios (2BD+1BA DUPLEX),241090333.0,1.469281377143293e+18,Vanessa,City of Los Angeles,Hollywood Hills,34.12859,-118.35338,Entire home/apt,321.0,1.0,154,2026-05-31,1.79,1.0,230,14,HSR24-001681
32140972,Great Location Santa Monica Studio Without Parking,68672147.0,1.4668492327309844e+18,Jason,Other Cities,Santa Monica,34.0158,-118.49199,Entire home/apt,nan,31.0,7,2026-06-16,0.09,27.0,0,1,nan
32141015,cozy town-house north hollywood,169613287.0,1.4686401860544328e+18,Gaby,City of Los Angeles,North Hollywood,34.18955,-118.3715,Entire home/apt,149.0,30.0,10,2019-10-01,0.11,1.0,179,0,Exempt - This listing is a transient occupancy residential structure
32147751,Explore LA from a modern Hollywood Apartment,241155490.0,1.463274875400056e+18,Roomy,City of Los Angeles,North Hollywood,34.17132,-118.37353,Entire home/apt,nan,30.0,52,2019-12-09,0.58,1.0,0,0,nan
32147787,Secluded, Contemporary Bungalow in the Heart of Hollywood,26386377.0,1.4878852755208978e+18,James,City of Los Angeles,Hollywood,34.0942,-118.33496,Entire home/apt,144.0,30.0,79,2026-04-14,0.89,1.0,129,2,nan
32148828,Spacious Family-Friendly Casita 20 min. from SoFi,31051980.0,1.462653724487626e+18,Hillary,City of Los Angeles,Mid-City,34.0512,-118.37203,Entire home/apt,803.0,5.0,9,2024-07-08,0.24,1.0,30,0,HSR26-000578
32166554,Remarkable Hollywood Studio-Fully Furnished,112952162.0,1.4673627916643935e+18,Adel,City of Los Angeles,Hollywood,34.10165,-118.34808,Entire home/apt,93.0,31.0,50,2024-12-01,0.56,84.0,193,0,nan
32167814,HOLLYWOOD COUNTRY HOUSE,6277851.0,1.462544810744886e+18,Eleonora,City of Los Angeles,Hollywood,34.10403,-118.33873,Entire home/apt,nan,31.0,35,2024-01-31,0.39,8.0,0,0,nan
32172771,Villa Blanca in the heart of Brentwood,241387003.0,1.463275443350351e+18,Lauren,City of Los Angeles,Brentwood,34.05696,-118.46474,Entire home/apt,459.0,30.0,1,2023-12-08,0.03,1.0,362,0,nan
32186444,Private room next to Warner Bros, Disney, NYFA,31374204.0,1.4626548759273219e+18,Ru,Other Cities,Burbank,34.20502,-118.33731,Private room,1364.0,7.0,1,2019-03-18,0.01,18.0,365,0,nan
32190993,Serene hillside retreat, city and Mountain Views,19132344.0,1.463070328291449e+18,Leo,Other Cities,Glendale,34.12755,-118.23872,Entire home/apt,448.0,2.0,142,2026-05-23,1.59,2.0,170,14,nan
32191306,Shopping Eating Sightseeing Unforgetable Memories,241549097.0,1.4692834722530307e+18,Bobbie,Other Cities,Beverly Hills,34.06456,-118.39806,Private room,nan,90.0,7,2026-01-01,0.12,2.0,0,5,nan
32197364,The Best AC/WiFi/Free Parking/Bikes/Netflix,242627050.0,1.5293268501002022e+18,Ana,Other Cities,South Gate,33.95504,-118.203247,Entire home/apt,285.0,2.0,385,2026-05-25,4.3,1.0,192,26,nan
32209692,Sanctuary Space in Artists home,447911.0,1.4625186527964493e+18,Lt,City of Los Angeles,Montecito Heights,34.10133,-118.19481,Private room,77.0,30.0,0,nan,nan,1.0,89,0,nan
32214263,****3Bed/2Bed, Walk to Convention Center,34469588.0,1.4655063968969708e+18,Kay,Other Cities,Long Beach,33.76771,-118.19427,Entire home/apt,245.0,31.0,47,2022-06-22,0.53,4.0,249,0,nan
32216514,RODEO DRIVE & SHOPPING JUST OUTSIDE YOUR DOOR,241549097.0,1.4692834722530307e+18,Bobbie,Other Cities,Beverly Hills,34.06459,-118.39881,Private room,37.0,90.0,61,2024-04-05,0.7,2.0,365,0,nan
32223150,Beach Pool Home Room New Modern Vibe, Views HotTub,2503251.0,1.4625969322978092e+18,Laura, Super Host, Homeowner, VivaBeachLife,Other Cities,El Segundo,33.9214081,-118.4192518,Private room,138.0,31.0,0,nan,nan,12.0,365,0,nan
32224775,RUSTIC SUITE W/GARDEN IN QUIET HILLTOP STREET,200659000.0,1.469047029210408e+18,Top Tier,City of Los Angeles,Echo Park,34.07781,-118.26957,Entire home/apt,239.0,2.0,336,2026-06-15,3.78,3.0,68,48,HSR24-000590
32238956,Upstairs Private Room #2 Shared Bath Luxury House,311480751.0,1.4879631601855834e+18,Eric Kahung,Unincorporated Areas,Rowland Heights,33.98893,-117.8843,Private room,38.0,30.0,28,2026-04-06,0.32,4.0,251,3,nan
32283927,Private, Quiet, Clean, and Fully-Furnished Studio,242310726.0,1.4632777691078705e+18,Dave,Other Cities,Lancaster,34.6999,-118.16172,Entire home/apt,168.0,3.0,103,2026-06-13,1.15,1.0,357,8,nan
32286224,Private 1 Bedroom Home: 1 Mile to Cabrillo Beach,242337078.0,1.4692866722722035e+18,Amanda,City of Los Angeles,San Pedro,33.71647,-118.2905,Entire home/apt,152.0,30.0,26,2025-07-13,0.29,1.0,145,1,nan
32287619,Terranea Two Queen Beds Oceanfront Casita 30-202,41736985.0,1.4656209654173786e+18,Beth,Other Cities,Rancho Palos Verdes,33.73777,-118.39664,Entire home/apt,648.0,1.0,46,2026-06-08,0.72,10.0,27,11,nan
32291990,Charming Condo In Woodland Hills,12772640.0,1.4628952426879421e+18,Elliott,City of Los Angeles,Woodland Hills,34.18537,-118.61072,Entire home/apt,306.0,30.0,1,2019-02-19,0.01,2.0,359,0,nan
32306216,Ocean views and short walk to beach (Hermosa),242513319.0,1.4692874747467745e+18,Daniel,Other Cities,Hermosa Beach,33.87651,-118.39939,Entire home/apt,1084.0,4.0,4,2021-07-08,0.05,1.0,87,0,nan
32310268,Palmdale Cozy and Private,153112733.0,1.4629908778526182e+18,Brita,Other Cities,Palmdale,34.5679,-118.07266,Private room,nan,2.0,5,2020-09-14,0.06,2.0,0,0,nan
32312434,Stunning Contemporary Oasis the Heart of the City,36144153.0,1.4626710245653317e+18,Des,City of Los Angeles,Koreatown,34.07065,-118.28869,Entire home/apt,465.0,30.0,86,2024-02-10,0.98,2.0,279,0,HSR24-002052
32312483,Cozy Burbank Oasis,21017016.0,1.4631445989342802e+18,Dia,Other Cities,Burbank,34.15321,-118.33885,Entire home/apt,nan,2.0,1,2019-02-17,0.01,1.0,0,0,nan
32313621,Redondo Beach- Total remodel- pics to come,33231304.0,1.4626612018598838e+18,Erin,Other Cities,Redondo Beach,33.83448,-118.38433,Entire home/apt,422.0,3.0,60,2025-11-03,0.68,1.0,145,1,nan
32313931,Beachside w/ King Bed, In-Unit W/D & 2x Parking,242583702.0,1.4692878412736863e+18,Nick,Other Cities,Manhattan Beach,33.90429,-118.42043,Entire home/apt,238.0,3.0,25,2024-08-15,0.31,1.0,57,0,nan
32313969,Stay Three - Sunny Townhome Near Downtown LA,357712585.0,1.4697158384046162e+18,Tiffany,Other Cities,San Gabriel,34.081309997554264,-118.1046520976296,Entire home/apt,305.0,2.0,205,2026-05-31,2.3,6.0,239,26,nan
32314082,Hidden Family Retreat in LA,242584507.0,1.4692878445320028e+18,Yelena,City of Los Angeles,North Hills,34.2563,-118.49807,Entire home/apt,713.0,2.0,32,2024-01-01,0.36,2.0,365,0,HSR21-000211
32314987,Ocean View Village Home Near Seashore Restaurants,3392276.0,1.4625296712410327e+18,Amir,City of Los Angeles,Pacific Palisades,34.04161,-118.53205,Entire home/apt,325.0,30.0,10,2025-01-15,0.11,48.0,365,0,nan
32315467,5 min WALK to Universal | Steam Room | Luxe,198745390.0,1.4631377776881812e+18,Jack,City of Los Angeles,Hollywood Hills,34.13096,-118.3521,Entire home/apt,223.0,30.0,211,2025-10-16,2.66,3.0,326,12,HSR23-001202
32317509,PaseoDelMar Walkers Delight. Backyard. Sonos.Dyson,8763731.0,1.462566545336681e+18,Starline Real Estate,City of Los Angeles,San Pedro,33.7138,-118.30752,Entire home/apt,224.0,30.0,9,2025-04-13,0.11,21.0,293,0,HSR20-001147
32317570,Caxton Manor,34293129.0,1.4626648408529047e+18,Robert,City of Los Angeles,Arlington Heights,34.05098,-118.31373,Private room,143.0,2.0,133,2026-06-15,1.53,1.0,68,12,HSR26-000467
32318222,Relaxing and private room,242361385.0,1.4692869901549005e+18,Jenell,Unincorporated Areas,West Compton,33.90055,-118.26036,Private room,74.0,3.0,206,2026-06-12,2.4,1.0,168,20,nan
32339338,New Clean Private Guesthouse,58750988.0,1.4667038452641024e+18,Lihi,City of Los Angeles,Reseda,34.18964,-118.52675,Entire home/apt,169.0,3.0,197,2026-06-05,2.21,1.0,59,35,HSR24-002074
32341158,Serene & beautiful bohemian hilltop retreat.,19132344.0,1.463070328291449e+18,Leo,Other Cities,Glendale,34.12905,-118.23698,Entire home/apt,481.0,2.0,107,2026-05-09,1.2,2.0,143,10,nan
32366710,Yellow  house 1,242121987.0,1.4692858664212877e+18,Na,City of Los Angeles,Mar Vista,34.01192,-118.42515,Private room,nan,35.0,32,2020-03-14,0.36,2.0,269,0,HSR19-000601
32366857,Master Room with Private Bathroom in Diamond Bar,41678744.0,1.465619910225303e+18,Chelsea,Other Cities,Diamond Bar,34.00213,-117.80704,Private room,nan,5.0,4,2020-01-04,0.05,2.0,0,0,nan
32368485,Modern Luxury Condo - Welcome!,2962051.0,1.4626135797981012e+18,Mark,Other Cities,Santa Clarita,34.41288,-118.46435,Entire home/apt,97.0,33.0,1,2019-03-23,0.01,1.0,123,0,nan
32369668,The Ranch House,34009204.0,1.462663895872891e+18,Warren,Other Cities,Lancaster,34.719661712646484,-118.28301239013672,Private room,43.0,7.0,21,2025-07-31,0.24,3.0,358,1,nan
32380047,Modern Home 5 mins Walk to Hollywood Walk of Fame,194328976.0,1.4690124109486487e+18,Kennis,City of Los Angeles,Hollywood,34.0965,-118.33756,Entire home/apt,100.0,30.0,22,2024-10-11,0.25,3.0,363,0,nan
32382567,Luxurious Private Bedroom in the Heart of LA,76665249.0,1.4669399020735434e+18,Manuel,City of Los Angeles,Mid-Wilshire,34.06641,-118.35186,Private room,nan,30.0,11,2019-12-08,0.12,1.0,0,0,nan
32386102,Peaceful and Central  Los Angeles "Treehouse",38694062.0,1.4655785074504717e+18,Michael,Unincorporated Areas,View Park-Windsor Hills,33.99636,-118.33839,Entire home/apt,245.0,1.0,679,2026-06-14,7.61,2.0,229,85,nan
32393934,Pool house by universal, Disney. NYFA, WARNERBROS,31374204.0,1.4626548759273219e+18,Ru,Other Cities,Burbank,34.20496,-118.33581,Private room,1142.0,1.0,1,2019-02-25,0.01,18.0,365,0,nan
32395336,Clean Kid-Friendly w/Bunk Beds!,237393871.0,1.4632544370255695e+18,BerkelMD Homes,City of Los Angeles,Koreatown,34.06324899118703,-118.31281732767822,Entire home/apt,456.0,30.0,1,2026-03-17,0.32,1.0,270,1,Exempt - This listing is a transient occupancy residential structure
32398669,Blueground | Downtown, gym & w/d, nr the Broad,107434423.0,1.462889176402806e+18,Blueground,City of Los Angeles,Downtown,34.05405,-118.25115,Entire home/apt,nan,31.0,2,2021-07-12,0.02,254.0,2,0,nan
32399629,Cozy Urban Gem Walk-Friendly Highland Park, LA,178503478.0,1.4687258414782697e+18,Brian,City of Los Angeles,Highland Park,34.118858337402344,-118.2097396850586,Entire home/apt,89.0,30.0,36,2026-02-16,0.41,2.0,231,1,nan
32400191,Cute and Comfy private room w/ bath in Canoga Park,242660248.0,1.4692881657203366e+18,Yelena,City of Los Angeles,Canoga Park,34.20712,-118.59323,Private room,76.0,30.0,8,2020-01-24,0.09,6.0,268,0,HSR19-003836
32402614,Sanitized Courtyard Facing  Spacious 1 Bedroom,187543153.0,1.4689710804153244e+18,Bedford Corporate Housing,City of Los Angeles,Westwood,34.06281,-118.44216,Entire home/apt,nan,30.0,4,2020-11-08,0.05,64.0,0,0,nan
32404874,4 bd 3 ba in quiet Del Rey, 5 mins from the beach,3313900.0,1.4626255749512788e+18,Anais,City of Los Angeles,Del Rey,33.98885,-118.4256,Entire home/apt,nan,30.0,8,2021-08-11,0.09,1.0,10,0,HSR22-000718
32409692,Spectacular 5th floor 2 Bedroom,187543153.0,1.4689710804153244e+18,Bedford Corporate Housing,City of Los Angeles,Westwood,34.059186525060234,-118.44014773022091,Entire home/apt,nan,30.0,0,nan,nan,64.0,0,0,nan
32409782,Yellow  house  2,242121987.0,1.4692858664212877e+18,Na,City of Los Angeles,Mar Vista,34.01214,-118.42379,Private room,84.0,30.0,40,2020-03-08,0.45,2.0,263,0,HSR19-000601
32409916,Cute and Comfy Private Room & Bath in Canoga Park,242660248.0,1.4692881657203366e+18,Yelena,City of Los Angeles,Canoga Park,34.20913,-118.59241,Private room,61.0,30.0,4,2020-08-21,0.05,6.0,365,0,HSR19-003836
32420791,The Bar House/
San Vicente Village,170082386.0,1.4686439079035528e+18,Torrey Sleight,City of Los Angeles,Brentwood,34.0503,-118.46577,Entire home/apt,132.0,31.0,45,2024-12-09,0.52,8.0,353,0,nan
31292493,LA Escape,48301416.0,1.462709391739282e+18,Joe,Unincorporated Areas,East Los Angeles,34.01832,-118.14286,Entire home/apt,160.0,2.0,246,2026-05-07,2.74,7.0,69,23,nan
31293013,Spacious Hollywood One Bedroom Suite-Furnished,112952162.0,1.4673627916643935e+18,Adel,City of Los Angeles,Hollywood,34.10253,-118.34803,Entire home/apt,103.0,31.0,49,2024-11-14,0.54,84.0,231,0,nan
31297925,4 Bedroom Celebrity House with Pool & City View,27447027.0,1.4626410466184233e+18,James,City of Los Angeles,Hollywood Hills West,34.10585,-118.38897,Entire home/apt,962.0,30.0,0,nan,nan,20.0,365,0,nan
31298582,Santa Monica Gem close to the beautiful Pacific,117865475.0,1.468205286793905e+18,Bari,Other Cities,Santa Monica,34.02457,-118.49774,Entire home/apt,nan,30.0,2,2019-06-08,0.02,1.0,0,0,nan
31309299,A Cozy Home with amazing ocean views,233144448.0,1.4692423011691832e+18,Aj,Other Cities,Palos Verdes Estates,33.76429,-118.41566,Entire home/apt,274.0,1.0,21,2026-03-07,0.24,1.0,247,1,nan
31311882,Santa Monica Studio Apartment 6 Blocks to Beach,68672147.0,1.4668492327309844e+18,Jason,Other Cities,Santa Monica,34.0173,-118.4906,Entire home/apt,nan,31.0,7,2022-07-10,0.08,27.0,0,0,nan
32921708,VeniceBeach Chic Studio StepsTo Beach  WiFi/Park/2,101401349.0,1.4672165638519035e+18,Superbahost,City of Los Angeles,Venice,33.99083,-118.47516,Entire home/apt,173.0,30.0,21,2025-09-17,0.25,13.0,179,1,nan
32922001,Chic Venice Beach/Steps to Beach/Parking/Wifi/11B3,101401349.0,1.4672165638519035e+18,Superbahost,City of Los Angeles,Venice,33.98994,-118.47533,Entire home/apt,99.0,31.0,21,2025-01-09,0.24,13.0,132,0,nan
32926569,Craftsman House in Belmont Heights with parking,102107750.0,1.4672254013687388e+18,Jessica,Other Cities,Long Beach,33.76888,-118.14486,Entire home/apt,402.0,2.0,251,2026-05-30,2.9,1.0,53,29,NRP22-01045
32940464,Charming Private Beach Studio,15026213.0,1.4629524696129787e+18,Tamra,Other Cities,Hermosa Beach,33.86374,-118.39343,Entire home/apt,105.0,30.0,2,2019-11-30,0.02,1.0,227,0,nan
32941625,Venice Beach Steps To Beach Bohemian Patio,247489013.0,1.469312763555228e+18,Rita,City of Los Angeles,Venice,33.98005,-118.46606,Entire home/apt,519.0,30.0,42,2021-08-22,0.48,1.0,267,0,nan
32944149,Room 3,247831026.0,1.4632922437753106e+18,Kevin,Unincorporated Areas,Avocado Heights,34.03887,-117.99609,Private room,nan,1.0,54,2024-10-26,0.62,5.0,0,0,nan
32944300,Room 4,247831026.0,1.4632922437753106e+18,Kevin,Unincorporated Areas,Avocado Heights,34.03778,-117.99586,Private room,92.0,1.0,62,2023-10-20,0.71,5.0,270,0,nan
32944680,Room 2,247831026.0,1.4632922437753106e+18,Kevin,Unincorporated Areas,Avocado Heights,34.03806,-117.99425,Private room,86.0,1.0,29,2021-10-04,0.33,5.0,269,0,nan
32944802,Room O,247831026.0,1.4632922437753106e+18,Kevin,Unincorporated Areas,Avocado Heights,34.03953,-117.99428,Private room,97.0,1.0,34,2026-03-16,0.39,5.0,269,2,nan
32944881,San Dimas suite private bath Disney Raging Water,7864157.0,1.4627431826243484e+18,Dottiezeng@Gmail.Com,Other Cities,San Dimas,34.10329,-117.80581,Private room,nan,1.0,8,2019-05-23,0.09,1.0,0,0,nan
32962411,Retreat from the City in a Boho-Chic Hillside Bolt-hole,32373372.0,1.4626583340491663e+18,Tara,Unincorporated Areas,Topanga,34.11063,-118.62487,Entire home/apt,239.0,2.0,231,2026-05-28,2.62,1.0,172,5,nan
32963176,Modern mountain-view hammock & greenroom!,39274644.0,1.4655865507264673e+18,Kevin,Unincorporated Areas,Rowland Heights,33.97011,-117.89763,Private room,106.0,2.0,52,2025-10-06,0.59,1.0,287,2,nan
32967239,Silverlake Alcove Studio Den -Very Walkable,9621411.0,1.4625704050458834e+18,Sarah,City of Los Angeles,Silver Lake,34.10446,-118.27165,Entire home/apt,149.0,4.0,159,2026-05-20,1.8,1.0,103,27,HSR21-001045
32968765,Burbank Pool Home, close to All Studios and park!,16406543.0,1.462985895737417e+18,Iyari,Other Cities,Burbank,34.16623,-118.34234,Entire home/apt,410.0,14.0,11,2022-07-30,0.13,1.0,64,0,nan
32987319,One Bedroom Galore-Fully Furnished,112952162.0,1.4673627916643935e+18,Adel,City of Los Angeles,Hollywood,34.101,-118.34768,Entire home/apt,101.0,31.0,44,2024-10-12,0.5,84.0,224,0,nan
32992798,Nice room in quiet Echo Park home in nature,85737916.0,1.467033010142543e+18,Laetitia,City of Los Angeles,Elysian Park,34.09106,-118.24449,Private room,nan,30.0,110,2026-06-14,1.24,1.0,54,29,HSR25-000437
32995226,Coronado Palms #1,8793884.0,1.462566675193551e+18,Roxie,Other Cities,Long Beach,33.77761,-118.15368,Entire home/apt,221.0,1.0,159,2025-11-29,1.86,1.0,327,7,nrp21-00296
32995327,“Villa Falconiare” A Hollywood Hills  Estate,7363835.0,1.4627300104476385e+18,Emma,City of Los Angeles,Hollywood Hills,34.13039,-118.34306,Entire home/apt,994.0,30.0,0,nan,nan,1.0,173,0,nan
32995810,2 bedroom 1 bath private home with a Pool,50028006.0,1.4627149912773658e+18,Anjali,Other Cities,Cerritos,33.86743,-118.05392,Entire home/apt,128.0,30.0,51,2024-11-30,0.59,1.0,207,0,nan
33004565,Lovely Guest House,164526420.0,1.468599047365745e+18,Tommy,Unincorporated Areas,North El Monte,34.10423,-118.02861,Entire home/apt,203.0,2.0,243,2026-06-05,2.8,2.0,161,29,nan
33018427,UNFORGETTABLE ！ MARINA VIEW ！ Just remodeled !,88822304.0,1.467077693548913e+18,Yz,Unincorporated Areas,Marina del Rey,33.98416,-118.45653,Entire home/apt,294.0,8.0,8,2024-06-03,0.13,2.0,308,0,nan
33019129,Chic and Cozy Suite by Walk of Fame,190689855.0,1.4689901031730012e+18,Jason,City of Los Angeles,Hollywood,34.09878,-118.34311,Entire home/apt,179.0,30.0,24,2020-08-09,0.28,3.0,270,0,HSR19-004279
33020074,Charming LA Home with pool, hot tub, sauna,1305131.0,1.4625423007979218e+18,Lauren,City of Los Angeles,Atwater Village,34.115995937586504,-118.26187202457642,Entire home/apt,505.0,30.0,12,2025-11-30,0.14,2.0,279,1,nan
33020972,Beach Condo downtown with Ocean view,36725880.0,1.465547275049622e+18,Paula,Other Cities,Long Beach,33.76436,-118.18031,Entire home/apt,119.0,31.0,35,2022-01-23,0.4,1.0,44,0,nan
33033558,Traveling pros, yoga lovers-best place for you!,10182297.0,1.4625730357117883e+18,Nelly,City of Los Angeles,Winnetka,34.21417354387796,-118.57222785182904,Private room,64.0,31.0,13,2026-05-23,0.16,3.0,166,2,nan
33050571,Echo Park 2 Bedroom, Custom Mural, Clawfoot Tub,8398671.0,1.462767254040648e+18,Sara,City of Los Angeles,Echo Park,34.08359,-118.25976,Entire home/apt,nan,30.0,10,2020-02-29,0.11,37.0,0,0,HSR19-003970
33051548,Gorgeous Redone 3BD 2BA unit near Beverly Center,148610158.0,1.468455027289366e+18,Natalia,City of Los Angeles,Beverly Grove,34.07573,-118.3759,Entire home/apt,475.0,30.0,10,2021-06-14,0.11,2.0,364,0,HSR19-002241
33070557,The Sanctuary,36142964.0,1.4655368266270886e+18,Linda,Other Cities,Culver City,33.99701,-118.38586,Private room,115.0,2.0,267,2026-06-08,3.03,2.0,81,39,nan
33078856,Huge Private Bedrm & Bath, Queen Bed, SaMo WLA Gem,256280.0,1.4625139152963052e+18,Hasan,Other Cities,Santa Monica,34.03559,-118.47552,Private room,nan,1.0,10,2019-08-11,0.12,2.0,0,0,232359
33088399,Private Bamboo Retreat- EV Charger+Prime Location,33153458.0,1.4654855143296602e+18,Vincent,Other Cities,Burbank,34.17085,-118.33783,Entire home/apt,289.0,1.0,394,2026-05-27,4.5,2.0,182,34,nan
33092689,Quiet Private Hillside Studio Near Highland Park,32620085.0,1.462659138242921e+18,Nina,City of Los Angeles,Mount Washington,34.11238,-118.21582,Private room,112.0,2.0,289,2026-06-13,3.28,1.0,325,43,HSR22-002660
33095302,Private Residence Six Houses From The Beach!,1396279.0,1.462544649910764e+18,Kelli,City of Los Angeles,Venice,33.98534,-118.4726,Entire home/apt,325.0,2.0,288,2026-05-17,3.29,1.0,106,31,HSR19-002069
33096634,Cozy, Quiet, Guest Suite Hideaway.,249099816.0,1.469320746648773e+18,Rj,City of Los Angeles,Mid-City,34.03963,-118.35042,Entire home/apt,68.0,31.0,97,2026-05-15,1.11,1.0,325,1,HSR19-002354
33098207,Spacious Art Loft,31859565.0,1.4654681974447916e+18,Austin,City of Los Angeles,Downtown,34.01501,-118.23008,Entire home/apt,208.0,30.0,4,2019-11-17,0.05,1.0,269,0,nan
33098460,Spacious Master Bedroom 210 ft¤ in a Garden Home,135162805.0,1.4683473422884992e+18,Charina,City of Los Angeles,Winnetka,34.20882,-118.58157,Private room,69.0,30.0,6,2020-02-08,0.07,2.0,365,0,HSR19-005025
33098901,Updated 2 bdrm Apt. Clean, 3 miles to LAX & Rams,27842033.0,1.465410891983562e+18,Bernard,Other Cities,Inglewood,33.9578,-118.36618,Entire home/apt,133.0,31.0,222,2026-05-09,2.58,3.0,125,1,nan
33110597,Artist's Secret Garden Apartment, Downtown LBC,36811152.0,1.465548444903661e+18,Al,Other Cities,Long Beach,33.76999,-118.18608,Entire home/apt,nan,31.0,154,2025-09-24,1.8,2.0,24,3,PRP21-00221
33117480,Guesthouse Quiet Nbrhd Smart TV,8763731.0,1.462566545336681e+18,Starline Real Estate,City of Los Angeles,San Pedro,33.71416,-118.3091,Entire home/apt,94.0,30.0,56,2026-04-18,0.64,21.0,309,3,HSR20-001147
33118257,Majestic Morrocan Oasis,7279762.0,1.4627278925588887e+18,Cloe,City of Los Angeles,Venice,33.99181,-118.46445,Entire home/apt,906.0,30.0,24,2023-09-05,0.3,3.0,89,0,HSR22-001077
33118810,SoFi & LAX Retreat · Pool, Spa & Fire Pit,6795635.0,1.462547314978023e+18,Shonelle,Other Cities,Inglewood,33.95373,-118.33343,Entire home/apt,254.0,31.0,13,2019-08-04,0.15,3.0,88,0,nan
33120250,Private Spanish Style Studio in Long Beach,22490058.0,1.4631810744110403e+18,Gabe,Other Cities,Long Beach,33.803,-118.18658,Entire home/apt,nan,31.0,7,2020-03-01,0.08,1.0,0,0,nan
33120695,Large private suite in centrally located home,3579795.0,1.4626330342649382e+18,Markus,Other Cities,Pasadena,34.14231,-118.13454,Private room,85.0,30.0,19,2025-02-25,0.22,1.0,64,0,nan
33131745,Cute-Charming Studio Near DTLA, WD+AC+WiFI+Snacks!,62322868.0,1.4627502187750543e+18,Faraj,City of Los Angeles,Boyle Heights,34.046600341796875,-118.21173095703124,Entire home/apt,75.0,30.0,101,2024-09-13,1.14,12.0,41,0,Exempt - This listing is a hotel or motel
33134162,Live in the Heart of the Downtown LA with a View,94025380.0,1.467134725418641e+18,Emmanuel,City of Los Angeles,Downtown,34.04135,-118.25538,Private room,94.0,30.0,0,nan,nan,1.0,365,0,nan
33136887,SoCal guest suite w/private  bath, 5 min to beach,38208066.0,1.4655717237454019e+18,Daniel & Ivy,Other Cities,Torrance,33.83534,-118.36853,Private room,96.0,1.0,939,2026-06-09,10.69,1.0,81,138,nan
33140125,The Martinez's Casa, a home away from home.,72803012.0,1.4668984380160712e+18,Aurora,Other Cities,Bellflower,33.89995,-118.11038,Private room,120.0,1.0,10,2022-07-25,0.11,2.0,165,0,nan
33140606,Mickey Premium Suite in Glendale Hills Getaway,92147195.0,1.4671130167528292e+18,Christopher,Other Cities,La Canada Flintridge,34.1857,-118.19793,Entire home/apt,398.0,3.0,66,2026-01-02,0.75,1.0,32,1,nan
33142773,The Bungalow- Beach, Canals, Restaurants, Shops,242192495.0,1.4692861164873836e+18,David,City of Los Angeles,Venice,33.98741,-118.46319,Entire home/apt,873.0,1.0,16,2026-05-24,0.2,2.0,355,4,HSR25-001955
31398676,2 Bed Zen apt in best neighborhood in Venice Beach,22300389.0,1.4631764239647104e+18,Kalee,City of Los Angeles,Venice,33.99765,-118.46899,Private room,191.0,30.0,0,nan,nan,1.0,363,0,nan
31409648,Live on The Strand — Beachfront Ocean Views,235257570.0,1.4692525094519954e+18,Wanda,Other Cities,Hermosa Beach,33.86556,-118.40218,Entire home/apt,847.0,7.0,18,2025-08-02,0.23,1.0,100,1,nan
31417935,Clean,164338869.0,1.4685975540876772e+18,Rom,City of Los Angeles,Del Rey,33.99525243487253,-118.41830414263032,Private room,442.0,30.0,0,nan,nan,3.0,364,0,Hsr19-001055
31435998,Guest House, 2 bdrm near CSUN - EV Outlet,235470627.0,1.4692535180018688e+18,Shuntel,City of Los Angeles,Northridge,34.22374,-118.51913,Entire home/apt,325.0,1.0,204,2026-06-04,2.28,1.0,208,12,HSR22-003676
31440571,Remodel, Cozy Room by LAX/Beach,52719339.0,1.4658541477639977e+18,Ignacia,Other Cities,Torrance,33.85421,-118.35486,Private room,55.0,31.0,41,2026-05-01,0.46,5.0,325,7,nan
31444793,Large Room in Private Home with Views,15689122.0,1.4629683213898852e+18,Laura,City of Los Angeles,Beverly Crest,34.10904,-118.44667,Private room,73.0,31.0,26,2026-02-23,0.29,3.0,117,1,HSR19-000722
31445044,Red Door Family Retreat,235547079.0,1.4692538668770652e+18,Carolyn,Other Cities,Long Beach,33.77659,-118.12667,Entire home/apt,365.0,3.0,74,2026-05-31,1.51,1.0,323,20,NRP22-00603
31445936,⭐fast wifi, 50" TV, 4K Netflix, Nespresso 30+ days,243728172.0,1.4879558941177352e+18,Peter,City of Los Angeles,Canoga Park,34.21061,-118.5899,Private room,nan,30.0,39,2021-07-30,0.44,2.0,0,0,nan
31448470,Cozy 1 bedroom apartment in a fantastic location,57420202.0,1.465938893642374e+18,Vlad,City of Los Angeles,Palms,34.03058,-118.39452,Entire home/apt,134.0,30.0,1,2019-05-06,0.01,1.0,87,0,nan
31469583,The Penrose Cottage,207429853.0,1.4690821547236634e+18,Deborah,City of Los Angeles,Shadow Hills,34.23341,-118.36056,Entire home/apt,220.0,30.0,44,2026-04-12,0.5,2.0,282,5,HSR19-001931
31472416,NEW! Hollywood Hills Bungalow at Universal Studios,4642924.0,1.462662266675452e+18,Laura,City of Los Angeles,Hollywood Hills,34.13168,-118.35726,Entire home/apt,505.0,nan,80,2026-06-16,0.88,1.0,0,1,HSR26-001193
31475203,Private 2 story Bungalow,3034991.0,1.4626155009371999e+18,Jessica,City of Los Angeles,Eagle Rock,34.13664,-118.19266,Entire home/apt,nan,30.0,1,2019-02-28,0.01,1.0,0,0,nan
31475343,Condo-1 bed Hollywood! Come stay with the stars,164998304.0,1.4630298263419128e+18,Priest,City of Los Angeles,Hollywood,34.09922,-118.32704,Entire home/apt,183.0,30.0,0,nan,nan,1.0,365,0,Exempt - This listing is a transient occupancy residential structure
31495955,New Construction sweet home 4B/4.5Bath,148291953.0,1.4629800216792067e+18,Jingchun,Other Cities,Temple City,34.10157,-118.03014,Entire home/apt,340.0,28.0,9,2026-05-15,0.21,4.0,345,3,nan
31519147,Malibu Oceanfront Studio,27134263.0,1.4654007643498806e+18,Lynda A,Other Cities,Malibu,34.03043,-118.75293,Entire home/apt,131.0,31.0,3,2025-08-01,0.08,1.0,167,1,nan
31537264,The Tiny Surfer's Ocean-Inspired Mountain Cabana,79449599.0,1.4669707820253194e+18,Kristine And Barry,Unincorporated Areas,Topanga,34.08218,-118.60417,Entire home/apt,187.0,1.0,220,2026-06-10,2.45,1.0,93,96,nan
31543289,Beautiful Studio Back House,67760372.0,1.4627752520329953e+18,Nicole,Other Cities,Inglewood,33.96564,-118.31951,Entire home/apt,92.0,31.0,106,2023-07-11,1.68,1.0,254,0,nan
31545073,Spacious Studio Universal Private Entry Patio,170985204.0,1.4686616748292058e+18,Global Exclusive Rentals,City of Los Angeles,Valley Village,34.17017115332678,-118.41256374192436,Entire home/apt,136.0,30.0,142,2025-09-14,1.58,13.0,365,5,HSR23-002794
31550261,3 bedrooms house in central location, easy access!,27447027.0,1.4626410466184233e+18,James,City of Los Angeles,Mid-Wilshire,34.05163,-118.33335,Entire home/apt,330.0,30.0,1,2019-05-28,0.01,20.0,180,0,nan
31563889,The Point Dume Bungalow on Carbon Beach,21817201.0,1.4626187284018227e+18,The Malibu Suites,Other Cities,Malibu,34.0391,-118.67322,Entire home/apt,544.0,2.0,421,2026-05-28,5.04,15.0,86,39,STR26-0025
31570119,Bright and colorful room in 2 bedroom 1 bath,1578490.0,1.462562203031003e+18,Amy,City of Los Angeles,Mar Vista,34.02053,-118.43562,Private room,54.0,30.0,3,2025-05-01,0.03,1.0,54,0,nan
31572126,Bright Oasis-TV, work space, semi private bathroom,1318259.0,1.4625426402932913e+18,Jennifer,City of Los Angeles,Lake Balboa,34.20204,-118.50646,Private room,50.0,30.0,14,2025-08-30,0.16,3.0,76,1,nan
31573184,Private Room in Beautiful Los Angeles,32536886.0,1.4654774148444265e+18,Zac,City of Los Angeles,Westchester,33.97651,-118.3833,Private room,1142.0,1.0,0,nan,nan,1.0,363,0,nan
31574251,Poolhouse by Warner Bros, Disney studio, Universal,31374204.0,1.4626548759273219e+18,Ru,Other Cities,Burbank,34.20343,-118.3361,Entire home/apt,5019.0,7.0,1,2019-05-11,0.01,18.0,365,0,nan
31574513,Private Room by UNIVERSAL,WARNERBROS,DISNEY studio,31374204.0,1.4626548759273219e+18,Ru,Other Cities,Burbank,34.20024,-118.33596,Private room,2165.0,7.0,2,2019-03-03,0.02,18.0,365,0,nan
31590671,LOS ANGELES CRAFTSMAN STYLE STUDIO,98553583.0,1.4628671042531372e+18,Patricia,City of Los Angeles,Jefferson Park,34.0322,-118.31512,Entire home/apt,143.0,30.0,53,2025-07-15,0.6,1.0,38,1,nan
31590697,ocean park guest house,42545.0,1.4625074667992806e+18,Mary,City of Los Angeles,Sawtelle,34.02746,-118.45102,Entire home/apt,210.0,30.0,0,nan,nan,1.0,364,0,HSR23-000209
31591378,Luxury One Bedroom in Hollywood-Furnished,112952162.0,1.4673627916643935e+18,Adel,City of Los Angeles,Hollywood,34.10092,-118.34673,Entire home/apt,108.0,31.0,48,2024-03-02,0.53,84.0,194,0,nan
31594451,Private Guesthouse with Full Kitchen,236837569.0,1.4692603708392492e+18,Kim,Other Cities,Monrovia,34.15262,-118.00032,Entire home/apt,119.0,4.0,15,2026-01-04,0.19,1.0,154,2,nan
31595654,Artistic Haven in Hollywood with Pool and jacuzzi,25890737.0,1.4653518624453194e+18,Esther,City of Los Angeles,Hollywood,34.09957,-118.35475,Entire home/apt,232.0,1.0,109,2026-06-11,1.26,2.0,274,20,HSR22-001116
31596930,DTLA Historic Folk Victorian,66141477.0,1.46277104219605e+18,Yolanda,City of Los Angeles,Historic South-Central,34.0198,-118.26673,Private room,102.0,30.0,84,2024-10-12,0.94,1.0,89,0,HSR23-001255
31597058,Beach House with a fabulous backyard,32158335.0,1.4654724099580797e+18,Öznur,Other Cities,Long Beach,33.80199,-118.14444,Entire home/apt,539.0,3.0,62,2026-05-31,1.26,1.0,138,21,NRP22-00618
31600020,Hip Hollywood Studio,60150960.0,1.466739432148566e+18,⁨J.R.⁩,City of Los Angeles,Hollywood,34.08354,-118.3134,Entire home/apt,nan,30.0,39,2019-10-21,0.43,1.0,0,0,nan
31602454,★Gorgeous Hideout  ★ Ace Location ★ European Style,23691718.0,1.4652771064225052e+18,Alexander,City of Los Angeles,Fairfax,34.07939,-118.35558,Private room,nan,30.0,21,2019-08-12,0.23,1.0,0,0,nan
31603651,Big House at the Beach / Near Convention Center,36923683.0,1.4655499463985295e+18,Mellissa,Other Cities,Long Beach,33.76422,-118.1593,Entire home/apt,842.0,4.0,101,2026-05-18,1.13,1.0,346,8,NRP22-00519
31605258,Cozy Comfort Close-by Calabasas,129614274.0,1.468299719408744e+18,Ikbal,City of Los Angeles,Canoga Park,34.21603,-118.60668,Private room,47.0,30.0,3,2023-04-01,0.04,1.0,180,0,Exempt - This listing is a transient occupancy residential structure
31628291,Spacious Private Rm & Bath near LAX in quiet area,17268083.0,1.463006086624921e+18,Chuka,Other Cities,Inglewood,33.98015,-118.37191,Private room,nan,30.0,1,2019-04-21,0.01,2.0,0,0,nan
31631134,Hip & Stylish Bungalow Near Dodgers Stadium & DTLA,21711660.0,1.463162152410194e+18,Chelsea,City of Los Angeles,Cypress Park,34.0958,-118.2286,Entire home/apt,326.0,1.0,731,2026-06-09,9.2,1.0,211,95,HSR24-000855
31641894,Quiet Avalon Getaway Villa w/ Ocean View & Balcony,126644161.0,1.4629318896934497e+18,Evolve,Other Cities,Avalon,33.35349,-118.33042,Entire home/apt,620.0,2.0,136,2026-05-27,1.61,147.0,281,29,nan
31649235,Beachside condo in S. Monica- now at Discount,38667063.0,1.4655781539438904e+18,Shoshana,Other Cities,Santa Monica,34.00935,-118.48754,Entire home/apt,194.0,30.0,24,2026-03-15,0.27,1.0,302,4,nan
31652531,LARGE ONE STORY STUDIO WITH PRIVET ENTRY,121087610.0,1.4682306534012344e+18,Sigal,Other Cities,Agoura Hills,34.1606,-118.75224,Entire home/apt,nan,30.0,2,2019-02-21,0.02,5.0,0,0,nan
31652722,Studio in the middle of Koreatown,42422887.0,1.462690577814776e+18,Paige,City of Los Angeles,Koreatown,34.06792,-118.30317,Entire home/apt,113.0,30.0,2,2019-10-08,0.02,1.0,203,0,nan
31653190,Spectacular & Private LA View Home  with hot tub,204554631.0,1.4690671488014884e+18,Farah,City of Los Angeles,Eagle Rock,34.13322,-118.22818,Entire home/apt,557.0,4.0,89,2026-06-14,1.01,1.0,77,5,HSR26-000099
31670415,Zen 2-Story Home in Heart of West Hollywood,207600674.0,1.4690829832292787e+18,Ariane,City of Los Angeles,Beverly Grove,34.0692,-118.37356,Entire home/apt,181.0,30.0,83,2026-05-31,0.95,1.0,330,6,nan
31681009,PoolHouse next to NYFA, Disney,WB,UNIVERSAL STUDIO,31374204.0,1.4626548759273219e+18,Ru,Other Cities,Burbank,34.20486,-118.33767,Private room,4006.0,5.0,0,nan,nan,18.0,365,0,nan
31686568,Lux apart walking to Americana/EV charger,196751356.0,1.4690258370916163e+18,Gia,Other Cities,Glendale,34.14522,-118.25782,Entire home/apt,380.0,3.0,186,2026-05-31,2.09,10.0,346,16,nan
31690844,Private Backyard Oasis.,136975790.0,1.4683624911759736e+18,Dustin,Other Cities,Long Beach,33.79764,-118.12752,Entire home/apt,127.0,31.0,53,2026-03-28,0.65,1.0,249,1,nan
31695262,Not available,141350816.0,1.462964768677003e+18,Tita,City of Los Angeles,Los Feliz,34.10836,-118.27559,Entire home/apt,nan,30.0,0,nan,nan,3.0,0,0,nan
31697406,Master bedroom, private entrance,237719830.0,1.4632552920283674e+18,Claribel,City of Los Angeles,Woodland Hills,34.17021,-118.58157,Private room,97.0,30.0,65,2025-07-04,0.74,3.0,269,1,HSR24-002387
31713961,A Warm Inviting Home In Quiet Neighborhood,237881146.0,1.469265689981715e+18,Christopher,Unincorporated Areas,Desert View Highlands,34.59188,-118.15573,Private room,48.0,14.0,35,2025-12-29,0.39,2.0,192,4,nan
31719747,Stunning Private  Suite in Silver Lake / Echo Park,64927980.0,1.4668029794467118e+18,Danny,City of Los Angeles,Echo Park,34.08092,-118.26809,Private room,64.0,30.0,41,2025-09-30,0.46,2.0,47,2,nan
31730069,Hollywood Studio - Corporate & Business Travelers,99397355.0,1.4671948706429494e+18,Frank,City of Los Angeles,Hollywood,34.0858,-118.32604,Entire home/apt,76.0,31.0,46,2026-05-22,0.51,9.0,315,3,nan
31741221,Peaceful 3 BR Family Home in Heart of Culver City,20184331.0,1.4631011039712236e+18,Monica And Benjamin,Other Cities,Culver City,34.01056,-118.40907,Entire home/apt,402.0,3.0,28,2025-07-01,0.32,2.0,5,1,nan
31749610,Buena Vida Barn,21785118.0,1.4631639082593262e+18,Ashlee,City of Los Angeles,Canoga Park,34.22382,-118.59313,Entire home/apt,64.0,30.0,197,2026-05-24,2.19,1.0,351,3,HSR19-001569
31763466,Our Delightful Casita, a home away from home,72803012.0,1.4668984380160712e+18,Aurora,Other Cities,Bellflower,33.90044,-118.11242,Private room,nan,1.0,49,2022-07-20,0.55,2.0,0,0,nan
31801126,Quiet Noho Apartment close to Universal Studios,27391110.0,1.4626408593868078e+18,Morgan,City of Los Angeles,North Hollywood,34.16623874010473,-118.363753275794,Private room,85.0,30.0,2,2022-07-01,0.02,1.0,178,0,nan
31804411,Welcome to your NEW HOME！New Superior Condo 全新小区房,101753163.0,1.467221074660477e+18,Tian Yi,Other Cities,Walnut,34.01835,-117.84823,Entire home/apt,317.0,5.0,74,2025-11-03,0.84,1.0,134,4,nan
31831101,LAX Luxury Suite,238547509.0,1.4692692042022164e+18,Margaret,Unincorporated Areas,Del Aire,33.92713,-118.37647,Entire home/apt,nan,30.0,15,2021-06-27,0.18,1.0,0,0,nan
31831710,Boho Vibes Private Room & Bath,238553414.0,1.4632575534735677e+18,Jessica,Other Cities,Inglewood,33.96072,-118.36484,Private room,66.0,31.0,174,2025-08-15,1.93,2.0,365,1,nan
31834011,Charming Westside Art Home,350827168.0,1.4879661615794609e+18,Clay,City of Los Angeles,Mar Vista,34.01025,-118.42695,Entire home/apt,420.0,30.0,104,2025-08-31,1.2,1.0,270,1,HSR22-001021
31835140,Silverlake Apt | Custom Daybed & City Views,89224953.0,1.4670817642312397e+18,Kyle And Jayde,City of Los Angeles,Silver Lake,34.08327,-118.27308,Entire home/apt,188.0,31.0,97,2026-04-11,1.08,2.0,179,4,nan
31852691,Topanga Mountain Paradise! A beautiful getaway!,116756893.0,1.462910198646507e+18,Caroline,Unincorporated Areas,Topanga,34.07507,-118.62243,Entire home/apt,517.0,2.0,152,2026-05-10,1.7,3.0,263,10,nan
31853948,T105 Beautiful 3 Bedroom 2 Bath near Beverly Hills,159480876.0,1.463005832803773e+18,Rose,City of Los Angeles,West Los Angeles,34.05503,-118.42593,Entire home/apt,285.0,31.0,20,2025-11-22,0.24,24.0,336,3,nan
31858436,111 New Spa | Entire Home/Prime Area | ALE Ready,10832832.0,1.4625760483293507e+18,Katy & Team,City of Los Angeles,Sherman Oaks,34.15388,-118.43576,Entire home/apt,896.0,3.0,65,2026-06-01,0.72,71.0,264,10,HSR24-002965
31861970,Cozy Venice Beach Single-Steps to Beach-#B17,25326961.0,1.465340288112116e+18,Mike,City of Los Angeles,Venice,33.98944,-118.47655,Entire home/apt,nan,31.0,28,2025-01-04,0.34,38.0,344,0,nan
31863413,Silverlake Charmer Lush Gardens + Views, 2BR, 1 BA,5724886.0,1.462687867248278e+18,Cynthia,City of Los Angeles,Silver Lake,34.09403,-118.27434,Entire home/apt,298.0,30.0,75,2026-03-23,0.84,1.0,356,6,nan
31863839,Luxury Private Spacious Home 2 Beds Near LA/Disney,1809185.0,1.4625789708015055e+18,Alyssa,Unincorporated Areas,Hacienda Heights,33.97879,-117.96989,Entire home/apt,280.0,2.0,118,2026-05-04,2.7,2.0,324,26,nan
31864831,AMARO 1bdrm Condo,132062096.0,1.4683212916514166e+18,Carlos,City of Los Angeles,Westwood,34.059,-118.42337,Entire home/apt,127.0,30.0,16,2026-03-13,0.19,3.0,246,3,nan
31866875,AA·Comfortable Bedroom with Shared Bathroom,238781312.0,1.4692703706050053e+18,Joanna,Other Cities,Arcadia,34.12549,-118.01329,Private room,59.0,28.0,3,2019-07-30,0.04,2.0,364,0,nan
31875296,Renovated Peaceful Mid-Century Carriage House 2BR,29441384.0,1.4654334536737672e+18,Brian,City of Los Angeles,Eagle Rock,34.1419,-118.19819,Entire home/apt,160.0,30.0,28,2026-05-02,0.32,1.0,341,1,HSR19-003343
31879564,Funky Fresh Fairfax Hideaway,7279762.0,1.4627278925588887e+18,Cloe,City of Los Angeles,Beverly Grove,34.07366,-118.36231,Entire home/apt,171.0,30.0,0,nan,nan,3.0,88,0,nan
31881341,Modern Comfy New Studio, Metro, Market, Convenient,198639436.0,1.4690350931921997e+18,Winnie,Other Cities,Pasadena,34.14347,-118.08449,Entire home/apt,126.0,1.0,516,2026-06-01,5.77,7.0,222,63,nan
31885524,Retreat Villa with a pool in the Nature - Tarzana,43313329.0,1.4656431477060224e+18,⁨Ms.⁩,City of Los Angeles,Tarzana,34.15731,-118.54654,Entire home/apt,nan,30.0,16,2021-07-07,0.18,1.0,0,0,HSR22-001685
31887061,Stay Five - Gorgeous Townhome Near Downtown LA,357712585.0,1.4697158384046162e+18,Tiffany,Other Cities,San Gabriel,34.08017731523224,-118.10298549515986,Entire home/apt,354.0,2.0,226,2026-05-31,2.53,6.0,236,25,nan
31896408,Entire apt - Queen BD, 1 BA, Sofabed, kitchenette,239094903.0,1.469272015119524e+18,Mary,City of Los Angeles,Jefferson Park,34.03613,-118.31609,Entire home/apt,101.0,30.0,28,2026-04-09,0.31,1.0,251,2,nan
31901329,Downtown Burbank home clean and convenient,23818065.0,1.4626267576566218e+18,Sean,Other Cities,Burbank,34.18665,-118.30774,Private room,143.0,1.0,109,2024-01-01,1.21,1.0,25,0,nan
31902609,Split-level Cottage with Views in the heart of LA,18589181.0,1.46305726343171e+18,Jill,City of Los Angeles,Elysian Park,34.07488,-118.2464,Entire home/apt,252.0,1.0,279,2025-09-23,3.28,1.0,24,22,HSR22-003335
33474608,Tranquil Family Home, Beautiful Yard in Long Beach,44310210.0,1.4626965869524995e+18,Tamara,Other Cities,Long Beach,33.8387,-118.16963,Entire home/apt,809.0,1.0,283,2026-06-05,3.23,4.0,319,28,NRP21-00099
33145475,NEW LUXURIOUS  DTLA HIGHRISE SPECTACULAR VIEWS,26904648.0,1.465384541473643e+18,Suzanne,City of Los Angeles,Downtown,34.04901,-118.26067,Private room,231.0,30.0,9,2019-12-08,0.1,1.0,270,0,nan
33186375,Beautiful & Conveniently Located Downey Pool Home!,224429240.0,1.4632167103015434e+18,Zoila,Other Cities,Downey,33.92973,-118.14198,Private room,84.0,15.0,24,2026-02-12,0.28,1.0,163,5,nan
33188086,Room in Designer Home Close to Everything.,169165264.0,1.4686360703857853e+18,Lisa,City of Los Angeles,Carthay,34.05387341036512,-118.3731941770273,Private room,nan,30.0,16,2025-07-21,0.18,1.0,18,1,nan
33192086,Rm 1
嗨，我是房东Ella，很高兴能分享的空间，欢迎世界各地的朋友来做客！,249907110.0,1.4693248667836012e+18,Ella,Other Cities,Temple City,34.09232,-118.06316,Private room,nan,1.0,18,2020-02-29,0.21,2.0,0,0,nan
33194654,Spacious home near LAX and SoFi stadium,249923433.0,1.46329795008133e+18,Mukhtar,Other Cities,Hawthorne,33.9303,-118.36463,Entire home/apt,565.0,1.0,270,2026-01-04,3.18,1.0,98,7,nan
33194851,109 GATED Urban LA cottage,10832832.0,1.4625760483293507e+18,Katy & Team,City of Los Angeles,Van Nuys,34.19783,-118.47041,Entire home/apt,265.0,30.0,48,2022-03-18,0.55,71.0,270,0,HSR20-001065
33195807,Comfort Condo 1BA1BR clz to Rodeo Ave with parking,75813720.0,1.4628162143573023e+18,Jess,Other Cities,Beverly Hills,34.06227,-118.37276,Entire home/apt,231.0,5.0,43,2026-04-15,1.1,6.0,48,12,nan
33196449,Spacious Cozy Unit in LA 1BA1BR with Parking,143625425.0,1.468415397421105e+18,April,Other Cities,Beverly Hills,34.06398,-118.37306,Entire home/apt,nan,30.0,35,2026-03-25,1.02,4.0,0,9,nan
33198612,Home in Los Angeles, Best location.,102784041.0,1.4672333105371054e+18,Debbie,City of Los Angeles,Sherman Oaks,34.14754,-118.43243,Entire home/apt,289.0,30.0,53,2025-10-02,0.62,1.0,76,4,HSR20-001267
33222178,English Cottage 2 bedroom, 2 bath home.,198636371.0,1.4690350748134884e+18,Carla,Unincorporated Areas,San Pasqual,34.13969,-118.10678,Entire home/apt,365.0,4.0,5,2025-08-17,0.06,1.0,118,2,nan
33223999,Venice Beach Studio In The Trees,93673373.0,1.4628562241528284e+18,Josh,City of Los Angeles,Venice,33.99857,-118.45809,Entire home/apt,133.0,30.0,160,2026-05-16,1.82,1.0,184,5,HSR24-000761
33230652,El Sereno Cozy Private Room in my home,63332581.0,1.4627529412783982e+18,Stephanie,City of Los Angeles,El Sereno,34.08979,-118.17028,Private room,nan,30.0,118,2025-04-01,1.34,3.0,0,0,HSR19-000492
33231220,LA,71885735.0,1.466888692165632e+18,Nancy,City of Los Angeles,Downtown,34.03566,-118.26207,Entire home/apt,332.0,30.0,0,nan,nan,1.0,269,0,nan
33247782,Luxury WeHo Chateau Townhome Near the Sunset Strip,12902854.0,1.4628983047688945e+18,Andy,Other Cities,West Hollywood,34.0874137878418,-118.3884506225586,Entire home/apt,257.0,30.0,0,nan,nan,1.0,304,0,nan
33249213,Beautiful Luxury House in Hollywood Hills,250355798.0,1.4693271762150446e+18,Sarah,City of Los Angeles,Hollywood Hills West,34.10069,-118.37311,Entire home/apt,4570.0,30.0,0,nan,nan,1.0,365,0,nan
32421113,Bright, Cheery Beach Home w/Ocean View Deck,90829344.0,1.4670986601920904e+18,Christie,Other Cities,Hermosa Beach,33.86912,-118.4001,Entire home/apt,230.0,30.0,23,2025-03-15,0.27,2.0,210,0,nan
32424881,Romantic Tropical Retreat with a Private Hot Tub!,4365194.0,1.4625351457675284e+18,Julia,Other Cities,Long Beach,33.79529,-118.20148,Entire home/apt,250.0,1.0,641,2026-05-15,7.25,1.0,160,66,PRP20-00030
32446950,Charming Century City home,223584120.0,1.4691856767348024e+18,Angie,City of Los Angeles,Century City,34.05551,-118.41852,Entire home/apt,622.0,2.0,126,2026-06-06,1.46,1.0,95,8,HSR21-001353
32452556,Updated one bed and bath - Close to CSUDH /Dignity,168191572.0,1.4686266739633556e+18,Denise,Other Cities,Carson,33.85558,-118.23581,Private room,nan,2.0,60,2025-06-23,0.68,1.0,0,1,nan
32464156,Adorable In-Law Apartment near Mount Washington,453212.0,1.4625187797643704e+18,Julie,City of Los Angeles,Cypress Park,34.09648,-118.22692,Entire home/apt,nan,30.0,44,2019-11-09,0.5,1.0,0,0,nan
32467482,Magnificent Hollywood Studio-Fully Furnished,112952162.0,1.4673627916643935e+18,Adel,City of Los Angeles,Hollywood,34.10218,-118.34814,Entire home/apt,99.0,31.0,48,2026-05-11,0.54,84.0,207,3,nan
32469382,Endless Views in Beverly Hills,23458477.0,1.4652735614572147e+18,Million Dollar Luxe,City of Los Angeles,Beverly Crest,34.10223,-118.43533,Entire home/apt,1745.0,30.0,1,2020-03-28,0.01,20.0,269,0,nan
32476776,2 Private Guest houses,158073937.0,1.4685404184689103e+18,Inspire Homes LA,City of Los Angeles,Granada Hills,34.26856413932174,-118.51958489107696,Entire home/apt,571.0,1.0,117,2025-12-27,1.32,12.0,36,5,HSR25-001656
32477122,Painterly Art Apt 10 Min Drive 2 DTLA, Parking,18900458.0,1.4630641054354015e+18,Kyung,Unincorporated Areas,East Los Angeles,34.0379,-118.18864,Entire home/apt,156.0,2.0,257,2026-05-19,2.9,4.0,119,29,nan
32477381,Guest house 2miles away  DTLA walk to  blue Metro,47788766.0,1.4657217675817564e+18,Hannah,City of Los Angeles,Central-Alameda,34.0166,-118.24593,Entire home/apt,73.0,31.0,41,2025-05-10,0.46,8.0,93,0,Exempt - This listing is a transient occupancy residential structure
32493104,Great house in Los Feliz Village, Hollywood, CA!,211220459.0,1.4631856114960704e+18,Yelena,City of Los Angeles,Los Feliz,34.10483,-118.2932,Entire home/apt,993.0,30.0,25,2023-10-08,0.67,1.0,90,0,HSR23-000482
32496046,Cozy space! 6 miles away from Redondo Beach!,49878871.0,1.4627144660042455e+18,Paola,Unincorporated Areas,West Carson,33.84602,-118.28929,Entire home/apt,163.0,7.0,45,2025-03-29,0.51,1.0,180,0,nan
32496981,Gorgeous Los Feliz/Silverlake apartment,141350816.0,1.462964768677003e+18,Tita,City of Los Angeles,Los Feliz,34.11039,-118.27509,Private room,307.0,30.0,0,nan,nan,3.0,83,0,nan
32500360,Chic Mid Century Modern Retreat South Pasadena,3501960.0,1.4626311007278003e+18,Jennifer,Other Cities,South Pasadena,34.12237,-118.15232,Entire home/apt,495.0,2.0,260,2026-06-03,2.95,1.0,178,34,nan
32501333,Artist Bungalow 10 Min Drive 2 DTLA, Parking,18900458.0,1.4630641054354015e+18,Kyung,Unincorporated Areas,East Los Angeles,34.03731,-118.18914,Entire home/apt,156.0,1.0,298,2026-05-12,3.37,4.0,85,30,nan
32501661,Elegant Master Bedroom, Private Entry/Own Bathroom,18024393.0,1.463034370866121e+18,Javier,City of Los Angeles,Glassell Park,34.1241,-118.23238,Private room,64.0,31.0,25,2026-04-19,0.28,3.0,225,3,nan
32503628,Crystal Cabin, Restored Vintage Lodge in Topanga State Park,161868917.0,1.4685753089917046e+18,Susan,Unincorporated Areas,Topanga,34.10794615332975,-118.59202780884192,Entire home/apt,366.0,1.0,331,2026-02-01,3.73,5.0,17,23,nan
32506223,Luxurious view of the San Gabriel Mountains,19305561.0,1.4630749520581742e+18,Stefanie,Other Cities,Glendale,34.15458,-118.27046,Private room,nan,1.0,1,2019-03-29,0.01,1.0,0,0,nan
32521550,Artistic 800 sq ft Duplex 10 Min Drive  2 DTLA,18900458.0,1.4630641054354015e+18,Kyung,Unincorporated Areas,East Los Angeles,34.03845,-118.1889,Entire home/apt,180.0,2.0,301,2026-05-16,3.38,4.0,108,23,nan
32526004,202- DTLA Cozy Designer Studio DTLA 2ppl,229603019.0,1.469223727385053e+18,Angie & Bruce,City of Los Angeles,Westlake,34.05668,-118.26395,Entire home/apt,70.0,30.0,19,2024-06-25,0.21,30.0,351,0,Exempt - This listing is a hotel or motel
32530080,Cozy Private room with full bathroom,28803754.0,1.4654248447557522e+18,E,City of Los Angeles,Valley Glen,34.17586,-118.40415,Private room,27.0,50.0,0,nan,nan,1.0,363,0,nan
32545196,Studio Apartment in Santa Monica w/parking!,68672147.0,1.4668492327309844e+18,Jason,Other Cities,Santa Monica,34.01807,-118.49069,Entire home/apt,nan,31.0,11,2026-01-14,0.13,27.0,0,3,nan
32555487,Beautiful Scenic Cozy Villa on top of the hills,98507881.0,1.4671845524188088e+18,Philip,Unincorporated Areas,Rowland Heights,33.97498,-117.91414,Entire home/apt,nan,1.0,30,2020-01-04,0.34,2.0,0,0,nan
32573030,Cuarto Privado en Carson (Single Room in Carson),244789518.0,1.4692989536254733e+18,Silvia,Other Cities,Carson,33.85966,-118.27334,Private room,125.0,1.0,226,2025-08-08,2.55,2.0,133,2,nan
32588331,Casa Azul in Mar Vista,72225544.0,1.4668922932698977e+18,Thereza,City of Los Angeles,Mar Vista,34.00542,-118.43479,Private room,nan,30.0,58,2020-03-15,0.67,2.0,25,0,HSR19-001230
32611375,Work Week Commuter // 
LA/Studio City Weekend’er,131076599.0,1.468312535564267e+18,Lawrence,City of Los Angeles,Studio City,34.14596,-118.37802,Private room,nan,30.0,29,2020-07-09,0.33,1.0,0,0,nan
32614191,Queen Bed, Nr USC, LAX, SoFi +Free Parking,215532611.0,1.463195557481855e+18,Sharon,City of Los Angeles,Baldwin Hills/Crenshaw,34.01925,-118.34365,Private room,84.0,28.0,39,2025-11-12,0.45,4.0,90,1,HSR22-004043
32616618,Los Angeles Cozy private room,244548845.0,1.463283577430876e+18,Michelle,City of Los Angeles,Vermont-Slauson,33.98264,-118.28696,Private room,52.0,30.0,25,2020-03-07,0.29,1.0,270,0,nan
32619857,The Sawtelle #5,33249323.0,1.4654868282916524e+18,LA 30 Day Rentals,City of Los Angeles,Mar Vista,34.01631,-118.4237,Entire home/apt,98.0,30.0,14,2026-02-07,0.16,56.0,308,2,nan
32639764,Stunning Garden Oasis in Silver Lake w/Parking!,109336595.0,1.4628938165582147e+18,Cleo,City of Los Angeles,East Hollywood,34.09206,-118.28528,Entire home/apt,nan,30.0,16,2023-07-10,0.19,2.0,0,0,nan
32641804,Private Living Space in Ranch Style Home,203245937.0,1.463147359128848e+18,Laura,Other Cities,Arcadia,34.16504,-118.03419,Private room,nan,28.0,254,2025-12-19,2.86,1.0,0,2,nan
32645074,Prime 2BR/2BA Near OT Pasadena & DTLA KingszieBed!,245453259.0,1.4693022207572751e+18,Renge,Other Cities,Alhambra,34.1024,-118.11591,Entire home/apt,263.0,1.0,55,2026-05-26,0.62,2.0,113,19,nan
32645299,2BR/2BA King Size Bed Central to DTLA and Pasadena,245453259.0,1.4693022207572751e+18,Renge,Other Cities,Alhambra,34.10209,-118.11491,Entire home/apt,360.0,1.0,4,2026-05-25,3.64,2.0,92,4,nan
32651301,Prime location Close to Sheraton&Hilton 近喜来登&希尔顿酒店,240317891.0,1.4692780912582556e+18,Vicki,Other Cities,San Gabriel,34.07603,-118.09725,Entire home/apt,231.0,1.0,316,2025-10-24,3.56,1.0,228,12,nan
32662964,Amazing Venice Upper 1 + 1 -2326B,25326961.0,1.465340288112116e+18,Mike,City of Los Angeles,Venice,33.98286,-118.46791,Entire home/apt,118.0,31.0,22,2026-05-01,0.25,38.0,340,5,nan
32667376,West Hills Studio with Private Yard,108916025.0,1.4673191366204467e+18,Radha,City of Los Angeles,West Hills,34.19272,-118.64343,Entire home/apt,nan,31.0,3,2019-03-23,0.03,2.0,0,0,nan
32668033,1. Superb 2-bd 2-bth Apartment in City Center,6803111.0,1.4627156889894546e+18,Herbert,Other Cities,Glendale,34.150230407714844,-118.25170135498048,Entire home/apt,142.0,30.0,23,2026-05-15,0.29,8.0,154,4,nan
32669042,Modern/chic/stylish studio in L.A,100946914.0,1.4628725198485683e+18,Mary,Other Cities,Montebello,34.01547,-118.11577,Entire home/apt,205.0,2.0,184,2026-05-31,2.97,2.0,192,22,nan
32669249,Spectacular Designer Downtown Penthouse,56399352.0,1.4627344023727816e+18,Erwin Baquiran,City of Los Angeles,Downtown,34.04497,-118.25795,Entire home/apt,279.0,30.0,2,2026-05-02,0.44,1.0,364,2,nan
32675457,COZY FULL BED IN AZUSA FAMILY HOME,18776955.0,1.4630614899976302e+18,David,Other Cities,Azusa,34.12015,-117.91251,Private room,105.0,1.0,5,2020-01-17,0.06,1.0,365,0,nan
32691704,Sunrise Private Room with Balcony in KoreaTown LA,142065266.0,1.4629662704044513e+18,Danny,City of Los Angeles,Koreatown,34.05618,-118.30264,Private room,63.0,30.0,9,2019-07-08,0.1,13.0,136,0,nan
32693146,105 Modern Ranch Retreat: Pool-Games-Peaceful Yard,10832832.0,1.4625760483293507e+18,Katy & Team,City of Los Angeles,Northridge,34.22847,-118.5104,Entire home/apt,797.0,5.0,47,2026-02-17,0.53,71.0,169,12,HSR22-003435
32694718,Old Hollywood Spanish Beauty,197113332.0,1.4690276212972585e+18,J,City of Los Angeles,Hollywood,34.08526,-118.33728,Private room,279.0,30.0,48,2019-12-09,0.54,1.0,83,0,nan
32697482,Private Room in Beautiful Burbank House with Pool,236147436.0,1.4632511710752156e+18,Christian,Other Cities,Burbank,34.15615,-118.34044,Private room,nan,2.0,2,2019-11-30,0.02,1.0,0,0,nan
32702412,Hotel type living 4 less: Room#9 +Private Bath,245695169.0,1.469303415565391e+18,Bill,City of Los Angeles,Pico-Union,34.04988,-118.29873,Private room,66.0,30.0,8,2019-11-11,0.09,9.0,89,0,nan
32703771,Corner High-Rise with Downtown Los Angeles Views,99162374.0,1.4671922968859323e+18,Skyline Dreams,Other Cities,Vernon,34.00817567713571,-118.23053198300651,Entire home/apt,546.0,1.0,79,2026-06-08,3.42,4.0,261,39,nan
32710741,Super Chill Guest Unit with Outdoor Space.,4896901.0,1.4626678282267075e+18,Christina,City of Los Angeles,Silver Lake,34.0869,-118.27882,Entire home/apt,122.0,30.0,28,2023-03-19,0.32,1.0,64,0,HSR19-003573
32712880,Brand New Room (house) w /Full Bath & Patio,148579028.0,1.4684547854372933e+18,Paul,City of Los Angeles,Van Nuys,34.20191,-118.45484,Private room,50.0,30.0,12,2023-09-04,0.17,1.0,164,0,HSR19-005679
32718070,Dazzling as soon as you step in. Guaranteed!,10122785.0,1.4628321956877507e+18,Arie,City of Los Angeles,Van Nuys,34.173943,-118.441071,Entire home/apt,nan,3.0,153,2026-06-19,1.8,1.0,0,27,HSR19-004233
32718487,Private and comfortable in the heart of the city!,246019867.0,1.4693051625836726e+18,Pro,City of Los Angeles,Vermont Square,34.00286,-118.30499,Entire home/apt,94.0,30.0,0,nan,nan,1.0,363,0,nan
32721769,3. Los Angeles suburb Hacienda Heights Beauty,151442610.0,1.4629871129359928e+18,Ricky,Unincorporated Areas,Hacienda Heights,33.99565,-117.94512,Private room,67.0,1.0,262,2026-05-30,2.98,7.0,177,53,nan
32722664,Private Studio L.A. suburb Hacienda Heights Beauty,151442610.0,1.4629871129359928e+18,Ricky,Unincorporated Areas,Hacienda Heights,33.99702,-117.94658,Entire home/apt,90.0,1.0,275,2026-06-15,3.1,7.0,152,63,nan
32722779,2. Los Angeles suburb Hacienda Heights Beauty,151442610.0,1.4629871129359928e+18,Ricky,Unincorporated Areas,Hacienda Heights,33.99579,-117.94536,Private room,67.0,1.0,296,2026-06-09,3.34,7.0,157,36,nan
32725790,Cozy Apartment in Heart of  Beverly Hills,8107208.0,1.462749338071447e+18,Damian,Other Cities,Beverly Hills,34.06475,-118.39763,Entire home/apt,nan,6.0,14,2020-07-05,0.16,1.0,0,0,nan
32726320,Panoramic View Hillside Home with Terrace,3153244.0,1.4625283347194836e+18,Tammy,City of Los Angeles,Silver Lake,34.0972,-118.25706,Entire home/apt,53.0,130.0,101,2023-06-04,1.14,1.0,364,0,HSR19-002103
32726350,The Belrose Suite-Beverly Hills,29591316.0,1.4626486564526426e+18,The Blumont,City of Los Angeles,Beverly Grove,34.07305,-118.38238,Entire home/apt,371.0,30.0,13,2023-11-28,0.15,15.0,361,0,nan
32726723,Private bedroom w/ attached bathroom,246098376.0,1.4632875953486881e+18,Ed,Other Cities,Torrance,33.78959,-118.34301,Private room,nan,1.0,79,2020-03-19,0.89,1.0,0,0,nan
32726813,Charlie Chaplin Hideaway - Studio Apartment,115979330.0,1.4629084640466504e+18,Lehi And Ines,City of Los Angeles,Echo Park,34.08378,-118.26095,Entire home/apt,54.0,30.0,98,2026-02-22,1.11,10.0,278,3,HSR19-002961
32740328,Chez Guzman (Master Bedroom),164830782.0,1.4686015219317688e+18,Brandon,City of Los Angeles,Adams-Normandie,34.03446,-118.29738,Private room,nan,30.0,31,2022-04-04,0.35,1.0,0,0,HSR19-004586
32745680,Chill Out and Relax in Venice,5986129.0,1.462543309549468e+18,Lisa,City of Los Angeles,Venice,33.99259,-118.45544,Entire home/apt,561.0,2.0,128,2026-06-08,2.86,1.0,101,38,HSR22-001737
32747544,Brand new 3+2+EV charger near DTLA 1F,246268841.0,1.4632880516531108e+18,Lindsay,City of Los Angeles,Echo Park,34.06492,-118.25825,Entire home/apt,nan,31.0,84,2023-05-16,0.95,2.0,0,0,HSR19-002243
32763487,Beachfront 90210 Beachhouse on tv show middle unit,246406264.0,1.469307174433634e+18,Gary,Other Cities,Hermosa Beach,33.87697,-118.40821,Entire home/apt,741.0,1.0,131,2026-05-25,1.51,3.0,274,16,nan
32768391,Retreat house near the Rose Bowl,41568901.0,1.4656177354076892e+18,Rosa,Unincorporated Areas,Altadena,34.184,-118.16954,Entire home/apt,nan,2.0,59,2024-03-31,0.72,1.0,0,0,nan
32787655,Magical 1930’s Spanish style apartment in Echo Pk.,164815.0,1.4625101582347725e+18,Wendy,City of Los Angeles,Echo Park,34.09042,-118.24737,Entire home/apt,nan,31.0,1,2019-04-14,0.01,1.0,0,0,nan
32787739,1 Private furnished Burbank room,80110374.0,1.4669771007985554e+18,Trang,Other Cities,Burbank,34.17020672364595,-118.34335168291751,Private room,18.0,90.0,0,nan,nan,2.0,231,0,nan
32789610,(1000 SQFT)!! Downtown Celebrity Retreat w/ Views,25232521.0,1.4653384546533012e+18,Imani,City of Los Angeles,Downtown,34.0640297309569,-118.2482385691612,Private room,232.0,30.0,20,2020-03-05,0.23,1.0,270,0,nan
32792822,Private Bedroom with Dedicated full Bathroom,244202305.0,1.4692958545818586e+18,Sam,Other Cities,Lancaster,34.65938,-118.2302,Private room,56.0,3.0,79,2025-06-16,0.89,2.0,115,1,nan
32792837,Family friendly 4 BR in Convenient Location,4626298.0,1.462661877346471e+18,Lily,City of Los Angeles,Montecito Heights,34.08783,-118.18744,Entire home/apt,394.0,1.0,120,2026-05-27,1.36,4.0,49,9,HSR21-000232
32793118,Brand new 3+2+EV charger near DTLA 2F,246268841.0,1.4632880516531108e+18,Lindsay,City of Los Angeles,Echo Park,34.0651,-118.25814,Entire home/apt,nan,31.0,80,2022-12-08,0.9,2.0,0,0,HSR19-002731
32793870,Casita Gundry- Boutique Hideaway, Quaint Charm,32721413.0,1.4654797706294487e+18,Lars,Other Cities,Long Beach,33.82296,-118.17286,Entire home/apt,376.0,1.0,135,2026-05-02,1.53,1.0,354,16,NRP22-01058
32794762,LAX 5BR & 4BT Charming Home | Garden Views Private,70589130.0,1.46687386924372e+18,Daniel,City of Los Angeles,Westchester,33.9621708,-118.4190475,Entire home/apt,393.0,50.0,2,2026-06-07,0.13,1.0,365,1,nan
32796049,The Bagley S #209,33249323.0,1.4654868282916524e+18,LA 30 Day Rentals,City of Los Angeles,Palms,34.02714,-118.39742,Entire home/apt,89.0,30.0,14,2024-05-31,0.16,56.0,365,0,nan
32796331,The Bagley #110,33249323.0,1.4654868282916524e+18,LA 30 Day Rentals,City of Los Angeles,Palms,34.02743,-118.39628,Entire home/apt,68.0,31.0,17,2026-04-10,0.2,56.0,334,1,nan
32808111,Beautiful 3 bedroom home in Hacienda! Whole House!,246802084.0,1.4693091772409572e+18,Tim,Unincorporated Areas,Hacienda Heights,33.99889,-117.94853,Entire home/apt,354.0,3.0,88,2025-09-16,1.0,2.0,253,2,nan
32810379,West Hollywood Hills Home -  centrally located,88728804.0,1.4670766659847567e+18,Julia,City of Los Angeles,Hollywood Hills West,34.09716,-118.37343,Private room,116.0,30.0,75,2026-04-04,0.85,2.0,127,7,HSR19-001707
32815075,Charming Private Guest House with Kitchen and Pool,4169393.0,1.4625340090493827e+18,Merrie,City of Los Angeles,Woodland Hills,34.16469,-118.63097,Entire home/apt,297.0,2.0,210,2026-06-14,2.38,1.0,221,33,HSR24-003114
32816794,Your 2nd Home- Luxurious Masters Bedroom,111306585.0,1.4673455499629832e+18,Lisa,Other Cities,Covina,34.08299,-117.87767,Private room,nan,1.0,132,2022-02-01,1.49,10.0,0,0,nan
33251520,Cozy Hideaway, Centrally Located,161337981.0,1.4685700421111427e+18,Steven,Unincorporated Areas,View Park-Windsor Hills,34.00155367348987,-118.33683606095131,Private room,118.0,3.0,222,2026-06-15,2.55,2.0,199,24,nan
33251629,Sheek and Shabby In L.A.,250379723.0,1.4693272829283973e+18,Victoria,City of Los Angeles,Exposition Park,34.0111,-118.31527,Entire home/apt,359.0,1.0,305,2026-06-12,3.46,1.0,281,24,HSR23-001039
33254793,Santa Monica Oasis,83601758.0,1.4628338683157775e+18,Adrienne,Other Cities,Santa Monica,34.03211,-118.50802,Private room,86.0,30.0,4,2025-09-15,0.05,1.0,208,1,nan
33265906,CENTURY CITY/Westwood Apartment,249554064.0,1.4693228848028823e+18,Mary,City of Los Angeles,West Los Angeles,34.05004,-118.43146,Entire home/apt,18.0,365.0,0,nan,nan,1.0,365,0,nan
33271227,Cute&Cozy-SisterHouse-****Women Only****,73429207.0,1.4669056579788122e+18,Maria Dakota,City of Los Angeles,Valley Glen,34.19926,-118.41897,Private room,nan,30.0,39,2020-09-12,0.44,1.0,0,0,nan
33286328,Lovely Renewed Central Stay! WiFi & Easy Parking,13856777.0,1.4625880394424305e+18,Mariya,Other Cities,Gardena,33.87963,-118.29284,Entire home/apt,180.0,1.0,147,2026-01-09,1.67,9.0,252,2,nan
33287488,The Original Topanga Treehouse,36544670.0,1.4626723549451843e+18,Cassandra,Unincorporated Areas,Topanga,34.07474,-118.60362,Entire home/apt,676.0,7.0,32,2026-01-07,0.38,2.0,328,6,nan
33289439,Charming Craftsman Casita close to DTLA & CSULA,99892330.0,1.46287011933141e+18,Nara,Other Cities,Alhambra,34.08994,-118.13858,Entire home/apt,160.0,2.0,130,2026-06-14,1.49,1.0,241,18,nan
33316477,Sunny Home w/patio,yard near Universal & Hollywood,11855422.0,1.462874597424253e+18,Sarit,City of Los Angeles,North Hollywood,34.17473,-118.38262,Entire home/apt,nan,30.0,31,2022-06-25,0.36,1.0,0,0,HSR21-000485
33318938,Your 2nd Home- Room 1- Private Bedroom,111306585.0,1.4673455499629832e+18,Lisa,Other Cities,Covina,34.08184,-117.87765,Private room,58.0,2.0,194,2026-05-18,2.21,10.0,359,12,nan
33336152,Comfort in Hollywood-Fully Furnished,112952162.0,1.4673627916643935e+18,Adel,City of Los Angeles,Hollywood,34.10105,-118.34636,Entire home/apt,98.0,31.0,51,2025-09-04,0.58,84.0,230,1,nan
33342713,Little Treasures in LaVerne,1212408.0,1.4625398397274573e+18,Jacklyn,Other Cities,La Verne,34.10033,-117.76612,Private room,86.0,1.0,51,2026-06-08,0.63,2.0,319,18,05-10042021
33352142,PrivateEntranceCozyMaster Suite With BeautifulView,56782802.0,1.4659285612981266e+18,Florence,Unincorporated Areas,Hacienda Heights,33.98633,-117.9325,Private room,nan,60.0,3,2019-09-01,0.03,3.0,0,0,nan
33359970,Oasis of Downtown LA,188264797.0,1.4630925908623985e+18,Dwann,City of Los Angeles,Westlake,34.05876,-118.25808,Entire home/apt,nan,30.0,42,2023-04-20,0.48,1.0,0,0,Exempt - This listing is a bed and breakfast
33363449,Music Private room - Korea-town, LA,142065266.0,1.4629662704044513e+18,Danny,City of Los Angeles,Koreatown,34.05581,-118.30224,Private room,49.0,30.0,2,2022-04-30,0.04,13.0,136,0,Exempt - This listing is a bed and breakfast
33367692,Cozy 2Br House Near LAX, Huge Yard, Washer/Dryer,24124224.0,1.4626280975838477e+18,Mia,Other Cities,Hawthorne,33.91707,-118.33706,Entire home/apt,309.0,2.0,166,2026-04-02,1.91,2.0,153,13,nan
33367846,Villa WEHO Elegance,20874494.0,1.4626149020003436e+18,Jason,City of Los Angeles,Beverly Grove,34.08678,-118.36818,Entire home/apt,1321.0,30.0,0,nan,nan,3.0,290,0,nan
33388692,Spacious 3BR for families • Yard + parking,53647080.0,1.465871939654998e+18,Lucy,City of Los Angeles,Vermont Vista,33.92651,-118.28905,Entire home/apt,498.0,1.0,481,2026-05-23,5.49,1.0,239,32,HSR19-000426
33393627,Modern Farmhouse cottage on a beautiful hillside,65135750.0,1.4627683738795858e+18,Gal,City of Los Angeles,Woodland Hills,34.16397,-118.62251,Entire home/apt,151.0,30.0,32,2026-01-18,0.37,16.0,130,4,nan
33402438,Relax in Nature: Horseback Riding & Wineries Near,3791927.0,1.462531892446706e+18,Twentynine Oaks Ranch,Other Cities,Agoura Hills,34.1573,-118.73473,Private room,nan,3.0,10,2024-12-03,0.3,4.0,0,0,nan
33402605,Peaceful Rural Getaway; Perfect for Nature Lovers,3791927.0,1.462531892446706e+18,Twentynine Oaks Ranch,Other Cities,Agoura Hills,34.15636,-118.73604,Private room,64.0,2.0,25,2024-11-10,0.29,4.0,336,0,nan
33406933,Modern 1 Bedroom apt next to Americana,187543153.0,1.4689710804153244e+18,Bedford Corporate Housing,Other Cities,Glendale,34.14688,-118.25507,Entire home/apt,nan,30.0,6,2023-05-11,0.1,64.0,0,0,nan
33407540,Empire Luxury Suite 2 Bedroom in Koreatown,98675144.0,1.4671863048420372e+18,Nadia,City of Los Angeles,Westlake,34.05833,-118.28765,Entire home/apt,163.0,30.0,30,2025-12-22,0.34,9.0,132,1,nan
33423854,Venice Beach 2-Bedroom (90 seconds from beach!),812385.0,1.4625301711424876e+18,Joseph,City of Los Angeles,Venice,33.97757,-118.46237,Private room,nan,30.0,32,2019-10-21,0.36,1.0,0,0,nan
33430422,Cozy Santa Monica Beach Pad,7723787.0,1.4625621505690033e+18,Nick,Other Cities,Santa Monica,34.02354,-118.49746,Private room,176.0,2.0,8,2026-04-18,0.11,2.0,183,4,235957
33449979,Urban Hilltop Retreat with Backyard Oasis and Downtown View,5018669.0,1.462670891887595e+18,Lauren,City of Los Angeles,Echo Park,34.08463,-118.24959,Entire home/apt,99.0,31.0,119,2026-06-04,1.36,1.0,160,8,HSR19-000929
33453303,EXTENDED STAY - ONE Block to City Center. Parking!,56504568.0,1.465924633514324e+18,Samantha,Other Cities,Glendale,34.14774,-118.26279,Entire home/apt,120.0,25.0,49,2026-05-31,0.57,2.0,271,2,nan
33453411,Hidden Gem in Long Beach,80546407.0,1.4669813607144253e+18,Tracey,Other Cities,Long Beach,33.76486,-118.16596,Entire home/apt,319.0,1.0,103,2026-05-25,1.44,2.0,331,11,NRP22-00883
33453736,El Rancho de Rogelio,218706560.0,1.469151300482453e+18,Gloria,City of Los Angeles,El Sereno,34.07278,-118.17251,Entire home/apt,177.0,2.0,57,2026-06-15,0.73,1.0,246,4,HSR24-002107
33457730,Elegant 1 Bedroom Apartment,11767782.0,1.462872579793083e+18,Anthony,City of Los Angeles,North Hollywood,34.17127973349268,-118.3802782994286,Entire home/apt,nan,30.0,26,2020-10-21,0.3,1.0,0,0,Exempt - This listing is a bed and breakfast
33464682,Modern Haven. Where Light & An Artist's Eye Meet.,1626561.0,1.462563470119371e+18,Jared,City of Los Angeles,Mar Vista,33.99746,-118.44549,Entire home/apt,nan,30.0,4,2019-06-21,0.05,1.0,0,0,Exempt - This listing is a transient occupancy residential structure
33468385,Flintstone’s Home — Unique & High-end Minimal loft,211473699.0,1.4691039593882212e+18,Fay,City of Los Angeles,Downtown,34.04254,-118.2526,Entire home/apt,123.0,30.0,24,2025-09-04,0.28,2.0,365,1,nan
33469715,Lux apart and upscale living,196751356.0,1.4690258370916163e+18,Gia,Other Cities,Glendale,34.152809079038704,-118.25777588886793,Entire home/apt,508.0,1.0,112,2026-05-25,1.46,10.0,250,7,nan
34533686,Jane Cottage in Altadena's Historical District,258605097.0,1.4693662981657667e+18,Lucy_ Lucyna,Unincorporated Areas,Altadena,34.19463,-118.15526,Entire home/apt,nan,1.0,229,2025-01-05,2.66,1.0,0,0,nan
34535365,Elegant Spacious Italian Villa in Western Malibu,116857155.0,1.4681972386423135e+18,Kevin,Other Cities,Malibu,34.0217,-118.79533,Entire home/apt,1180.0,1.0,62,2026-06-14,0.74,1.0,145,5,STR21-0020
34535728,1. Los Angeles suburb Hacienda Heights Beauty,151442610.0,1.4629871129359928e+18,Ricky,Unincorporated Areas,Hacienda Heights,33.99774,-117.94742,Private room,67.0,1.0,232,2026-06-10,2.72,7.0,169,48,nan
34539283,OceanView Malibu 
Amazing Aframe
6 beds 4 bedrooms,6793916.0,1.462715452939843e+18,Sylviane,Unincorporated Areas,Unincorporated Santa Monica Mountains,34.06196,-118.75101,Entire home/apt,417.0,19.0,2,2024-07-03,0.02,5.0,51,0,nan
34539690,Cozy clean room , comfortable bed , tv,44622733.0,1.4656624989259717e+18,Gina,Other Cities,Redondo Beach,33.87692642211914,-118.37144470214844,Private room,93.0,1.0,4,2025-11-09,0.06,2.0,60,1,nan
34540466,Playa/Silicon Beach House,255250211.0,1.4693490034201216e+18,John,City of Los Angeles,Playa del Rey,33.96092,-118.4417,Entire home/apt,173.0,2.0,187,2026-06-05,2.17,1.0,225,25,HSR26-000770
34544530,Private Retreat • Spring Deals • LA • Sleeps 6,78203267.0,1.466957941677641e+18,Martha,Unincorporated Areas,East Los Angeles,34.02028,-118.14342,Entire home/apt,153.0,2.0,286,2026-06-03,3.38,1.0,54,33,nan
34547539,City Center 1 Bedroom apartment near Metro & shops,47860047.0,1.4657230107997076e+18,May,Other Cities,Pasadena,34.14847,-118.15115,Entire home/apt,nan,4.0,2,2019-07-05,0.02,1.0,0,0,nan
34551503,Paradise in LA!  Contemporary 5bed 4.5bath Oasis!,11351063.0,1.4628628408246467e+18,Aaron,City of Los Angeles,Mar Vista,34.0067,-118.43256,Entire home/apt,1231.0,30.0,0,nan,nan,39.0,165,0,HSR19-005431
34566501,Newer Tiny House Comfy Cozy/ Six Flags/CalArts,215585609.0,1.469130292795978e+18,John,Unincorporated Areas,Castaic,34.47026,-118.63628,Entire home/apt,137.0,1.0,639,2026-06-07,7.44,1.0,326,57,nan
34571858,Centrally located & access to So.Cal attractions,260858188.0,1.4693785201317632e+18,H&V,Other Cities,Whittier,33.94486,-118.01315,Entire home/apt,nan,3.0,121,2023-10-04,1.5,1.0,0,0,nan
34572693,Tranquil Suite in the Heart of Los Feliz Near Griffith Park,8761063.0,1.462786328363401e+18,Alison,City of Los Angeles,Los Feliz,34.10638,-118.29514,Entire home/apt,400.0,1.0,469,2026-05-31,5.47,1.0,289,67,HSR21-000875
34577812,Malibu Home with Ocean Views in Every Room,5062662.0,1.4625387500400832e+18,Judith,Other Cities,Malibu,34.04357,-118.64487,Entire home/apt,1693.0,2.0,174,2026-06-04,2.06,9.0,35,18,STR20-0051
34598102,English Garden at “Mo’Chalet”,175490784.0,1.4630636169685074e+18,Gary,City of Los Angeles,West Hills,34.20161,-118.65462,Private room,94.0,30.0,7,2020-08-09,0.08,2.0,359,0,HSR19-003331
34603930,Doheny Room,90570969.0,1.4670959557056284e+18,Edson,City of Los Angeles,Beverly Grove,34.07493512219954,-118.3905744896616,Private room,90.0,30.0,0,nan,nan,1.0,180,0,nan
34604237,Eagle Rock Stunner,497768.0,1.4625199534586476e+18,Therese,City of Los Angeles,Eagle Rock,34.13555,-118.18644,Entire home/apt,571.0,1.0,44,2026-05-10,0.65,1.0,109,24,HSR24-002851
34605854,Hotel Type Living 4 LESS in LA: Private room #02,245695169.0,1.469303415565391e+18,Bill,City of Los Angeles,Pico-Union,34.04967,-118.29883,Private room,51.0,30.0,15,2022-06-02,0.18,9.0,89,0,nan
34606426,Wendy 温馨民宿1,261095702.0,1.4693798551640727e+18,Li,Other Cities,West Covina,34.07332,-117.90548,Private room,nan,28.0,32,2025-10-01,0.38,2.0,10,2,nan
34624233,The Casita: Private Garden Patio w/ Fire Pit,12324327.0,1.462582031745213e+18,Joshua,City of Los Angeles,Mid-City,34.03695,-118.36802,Entire home/apt,nan,2.0,181,2026-03-01,2.1,5.0,48,5,HSR24-002678
34625831,Cozy Private Room in Reseda LA Home,21372666.0,1.4626169558111685e+18,Pablo,City of Los Angeles,Reseda,34.1978,-118.5526,Private room,60.0,31.0,16,2025-12-06,0.19,3.0,352,1,nan
34626602,The Guesthouse at Hidden Acres,229646813.0,1.4632331788970243e+18,Eric,Unincorporated Areas,Ridge Route,34.73223,-118.60745,Entire home/apt,191.0,1.0,356,2026-05-13,4.16,1.0,213,30,nan
34629843,Beautiful California coastal home - near UCLA,1394421.0,1.462544612082207e+18,Rene,City of Los Angeles,Mar Vista,34.0232,-118.42992,Private room,99.0,30.0,3,2019-08-23,0.03,1.0,363,0,HSR19-000960
34645616,Amazing guesthouse in the heart of LA!!!,5818761.0,1.462690417487419e+18,Hadasa,City of Los Angeles,Beverly Grove,34.07311,-118.36454,Entire home/apt,104.0,30.0,10,2022-09-07,0.12,1.0,364,0,nan
34651753,Modern Industrial Style Condo in Pasadena,57445684.0,1.465939315066984e+18,Ivana,Other Cities,Pasadena,34.13852,-118.14306,Entire home/apt,nan,2.0,7,2019-07-05,0.08,1.0,0,0,nan
34656024,Modern Beach Villa with Panoramic Views,19335059.0,1.4630764478946022e+18,David,Other Cities,Hermosa Beach,33.86615,-118.39909,Entire home/apt,1117.0,30.0,0,nan,nan,1.0,333,0,nan
34662383,Clean, Updated 1 BDRM Suite. 3 miles to LAX, Sofi,27842033.0,1.465410891983562e+18,Bernard,Other Cities,Inglewood,33.95607,-118.36701,Entire home/apt,72.0,31.0,243,2026-05-02,2.83,3.0,109,1,nan
34674519,Bright Light 40 ft Ceiling Cozy Crib,13425288.0,1.4629109229608264e+18,Thea-Marie,Unincorporated Areas,Castaic Canyons,34.47348,-118.55385,Private room,198.0,3.0,0,nan,nan,1.0,268,0,nan
34676958,Comfy and Chic Hollywood Studio Apartment,102902538.0,1.4672348193952876e+18,Sarah,City of Los Angeles,Hollywood,34.09614,-118.34841,Entire home/apt,nan,30.0,0,nan,nan,1.0,0,0,nan
34677272,Home Away From Home,261589235.0,1.4693828080491937e+18,Mike,Other Cities,Torrance,33.79759,-118.3453,Entire home/apt,366.0,5.0,43,2024-04-17,0.5,1.0,76,0,nan
33498632,Stylish LA 2BR in MidWilshire,39776038.0,1.4655937906382062e+18,Nicole,City of Los Angeles,Hancock Park,34.062946870185556,-118.34046733850262,Entire home/apt,266.0,30.0,0,nan,nan,1.0,173,0,HSR19-848948
33503523,Artsy, Spacious Dog Beach Bliss - Belmont Shores,1506070.0,1.4625185298014815e+18,Lisa,Other Cities,Long Beach,33.75764,-118.14307,Private room,nan,31.0,22,2021-02-14,0.25,4.0,0,0,nan
33517002,Spacious, Bright 1 BR near LAX- 20mins drive,126852064.0,1.4682763272296893e+18,Ha & Andrew,Other Cities,Carson,33.85202,-118.23513,Private room,nan,1.0,4,2020-03-19,0.05,1.0,0,0,nan
33518426,Resort-Style Apartment Downtown with Balcony!,49657320.0,1.465758488228266e+18,DayDay,City of Los Angeles,Chinatown,34.06167,-118.2443,Entire home/apt,nan,30.0,17,2019-08-14,0.19,1.0,0,0,nan
33528227,Peacefull Home,42082091.0,1.4656261755844797e+18,Guy,City of Los Angeles,Downtown,34.04147,-118.2569,Private room,46.0,60.0,1,2019-11-24,0.01,2.0,265,0,nan
33528868,The Great (Art) Wall of Topanga Guesthouse,4956103.0,1.462669328805713e+18,Leah & Alex,Unincorporated Areas,Topanga,34.10527,-118.59092,Entire home/apt,237.0,14.0,0,nan,nan,1.0,179,0,nan
33536492,Private Room in Plant Filled Apt Room #2,32320537.0,1.4626581616635528e+18,Aaron,Other Cities,Hermosa Beach,33.85954,-118.39171,Private room,95.0,1.0,384,2026-06-08,4.39,2.0,33,47,nan
33556796,Arcadia独立进出两室两卫两厅,115582355.0,1.4681872203685727e+18,Ying,Other Cities,Arcadia,34.11684,-118.04933,Entire home/apt,200.0,2.0,5,2026-05-17,0.06,4.0,61,1,nan
33557750,Increadible Villa with pool indoor outdoor living,23582461.0,1.4652752038528596e+18,Susanne,City of Los Angeles,Brentwood,34.05211,-118.47429,Entire home/apt,1888.0,30.0,0,nan,nan,1.0,358,0,nan
33561498,Near LAX, Comfey, Cozi, Imagine you're Home,101754851.0,1.467221087888947e+18,Juanita,Other Cities,Inglewood,33.92884,-118.33353,Private room,149.0,1.0,183,2026-06-13,2.1,2.0,336,2,STR26-00046
33563738,Blue White House,127761581.0,1.4682839801224397e+18,Anna,Other Cities,Gardena,33.91164,-118.31223,Entire home/apt,451.0,1.0,390,2026-06-11,4.51,4.0,219,41,nan
33573279,Modern Venice Beachhouse with 20' ceilings,11215593.0,1.4628597171874606e+18,Horacio,City of Los Angeles,Venice,33.99755,-118.46177,Entire home/apt,892.0,30.0,10,2023-10-17,0.12,1.0,167,0,nan
33587308,Historic DTLA Loft w/ Private Patio & Skylight,2299957.0,1.4625914290736468e+18,Neal,City of Los Angeles,Downtown,34.04982,-118.24863,Entire home/apt,151.0,30.0,1,2025-05-31,0.08,1.0,267,0,nan
33588131,Studio City Bedroom,253095628.0,1.469340595790868e+18,Anika,City of Los Angeles,Studio City,34.14361,-118.37499,Private room,nan,30.0,3,2019-09-27,0.03,1.0,0,0,nan
33590390,California comfort in Covina, private room B,58366913.0,1.4666995880089687e+18,Bob,Other Cities,Covina,34.08781,-117.8508,Private room,173.0,3.0,2,2019-08-05,0.02,3.0,179,0,nan
33593563,Stunning Marina View 2 Bed + 2 Bath By The Beach!,253144514.0,1.4693407957088906e+18,⁨Natasha E.⁩,City of Los Angeles,Playa del Rey,33.96171,-118.45066,Entire home/apt,nan,30.0,22,2019-11-04,0.25,1.0,0,0,nan
33594322,The googooly,59476855.0,1.466716958588804e+18,Dari,City of Los Angeles,Westwood,34.05516,-118.4288,Entire home/apt,1361.0,30.0,5,2022-04-16,0.06,2.0,364,0,nan
33614072,PENINSULA BEACH HOME,253306603.0,1.463306807841174e+18,Joseph,Other Cities,Long Beach,33.748589,-118.124199,Entire home/apt,2739.0,1.0,9,2026-04-19,0.11,1.0,152,1,NRP22-00841
33618913,3-bedrm Townhouse in Carson - Quiet, comfy, safe,9266392.0,1.46256880780029e+18,Alison,Other Cities,Carson,33.82507,-118.28523,Entire home/apt,nan,91.0,8,2022-07-31,0.09,3.0,0,0,nan
33618998,Guesthouse near LAX & Long Beach Airports,34410990.0,1.465504795360709e+18,Glecy,Other Cities,Carson,33.8271,-118.27109,Entire home/apt,110.0,1.0,423,2026-05-24,4.83,5.0,321,32,nan
33622230,Spacious Room in Beautiful Large House near LAX,17268083.0,1.463006086624921e+18,Chuka,City of Los Angeles,Westchester,33.97961,-118.37045,Private room,nan,30.0,1,2019-05-01,0.01,2.0,0,0,nan
33638685,Comfort in Covina, private  room A,58366913.0,1.4666995880089687e+18,Bob,Other Cities,Covina,34.08756,-117.85016,Private room,173.0,3.0,2,2019-11-11,0.02,3.0,179,0,nan
33639283,California comfort in Covina, private room C,58366913.0,1.4666995880089687e+18,Bob,Other Cities,Covina,34.08936,-117.84892,Private room,173.0,3.0,1,2019-08-04,0.01,3.0,179,0,nan
33643850,LUX HIGH RISE UCLA WESTWOOD CONTACT FOR SHORT STAY,33485554.0,1.4654899388471135e+18,Sannam,City of Los Angeles,Westwood,34.06148,-118.43722,Entire home/apt,188.0,30.0,23,2025-05-01,0.27,3.0,358,0,nan
33644359,1 Bdrm Guest unit. 600 SF With weekly maid service,394279.0,1.4625115863214287e+18,Zeev,City of Los Angeles,Encino,34.18158,-118.52619,Entire home/apt,107.0,30.0,40,2026-04-12,0.46,3.0,134,3,nan
33658930,Monte Nido Retreat,  minutes to Malibu/Pepperdine,9121401.0,1.4627954626080223e+18,Lori,Unincorporated Areas,Unincorporated Santa Monica Mountains,34.07871,-118.68419,Entire home/apt,278.0,1.0,647,2026-06-10,7.47,1.0,275,66,nan
33659064,Beautiful apartment in redondo Beach. Females only,88361530.0,1.467061168391915e+18,Edem,Other Cities,Redondo Beach,33.87318,-118.36393,Private room,174.0,1.0,134,2026-05-17,1.53,1.0,349,10,nan
33661740,Cozy Guest House with Patio,135105105.0,1.468346861643754e+18,Mike,Other Cities,Whittier,33.99063,-118.04878,Entire home/apt,173.0,3.0,166,2026-04-24,1.91,1.0,298,13,nan
33663405,Lala Bungalow,229920950.0,1.4692256023319066e+18,Esther,City of Los Angeles,Hollywood Hills West,34.10512,-118.37601,Entire home/apt,92.0,30.0,23,2025-11-03,0.27,1.0,336,2,HSR19-004246
33664253,大卫的小屋B,22458254.0,1.4631802819963694e+18,David,Other Cities,Alhambra,34.08691,-118.12826,Private room,nan,1.0,31,2020-03-05,0.35,3.0,0,0,nan
33664610,大卫的小屋A和B,22458254.0,1.4631802819963694e+18,David,Other Cities,Alhambra,34.08842,-118.12737,Private room,nan,1.0,34,2020-03-15,0.4,3.0,0,0,nan
33664779,Private/Easy Parking/Walk to Dinner, Historic,86619044.0,1.4670418073869005e+18,Mary,City of Los Angeles,Eagle Rock,34.14388,-118.20884,Entire home/apt,224.0,1.0,717,2026-06-15,8.22,1.0,222,85,HSR19-002145
33667493,Los Angeles-San Fernando Valley,16672866.0,1.4629923872903475e+18,Carlos,City of Los Angeles,Panorama City,34.23955,-118.45162,Entire home/apt,142.0,30.0,0,nan,nan,23.0,364,0,nan
33668210,Entire Condo Prime West LA/BH CONTACT 4 SHORT STAY,33485554.0,1.4654899388471135e+18,Sannam,City of Los Angeles,Westwood,34.06176,-118.43933,Entire home/apt,188.0,30.0,14,2024-07-26,0.16,3.0,359,0,nan
33669883,Cozy Relax Master Room private bathroom Free movie,33839569.0,1.4654946993096998e+18,Megan,Other Cities,El Monte,34.06321,-118.0362,Private room,nan,1.0,72,2020-03-12,0.82,1.0,0,0,nan
33679875,Hamilton Cove Ocean View-Boho Chic Villa w/Cart,16020423.0,1.462976336776616e+18,Lamont,Other Cities,Avalon,33.35401,-118.33136,Entire home/apt,757.0,2.0,81,2026-05-17,0.93,2.0,342,7,nan
33681955,Casa Quezada Prívate Room (Now With AC!),58794937.0,1.4667043194499338e+18,Andrés,Unincorporated Areas,East Los Angeles,34.0346,-118.18237,Private room,nan,2.0,194,2025-05-04,2.36,1.0,0,0,nan
33689582,Sanctuary Oasis: Saltwater Pool+Spa,253949209.0,1.4693447383425024e+18,Robert,City of Los Angeles,North Hollywood,34.18107,-118.38975,Entire home/apt,548.0,30.0,63,2023-08-05,0.73,1.0,134,0,HSR22-004335
33691193,Cozy Cottage w/private entrance,74655389.0,1.462813379078034e+18,Brian,City of Los Angeles,North Hills,34.2533,-118.47468,Entire home/apt,66.0,30.0,9,2026-03-04,0.3,2.0,340,3,nan
33691904,Voyager in Venice,253968225.0,1.46934482278824e+18,Jordan,City of Los Angeles,Venice,33.99654006958008,-118.47100067138672,Entire home/apt,222.0,30.0,47,2026-02-28,0.54,1.0,364,3,HSR19-003986
33693110,WORLD CUP Private Hollywood Oasis-Pool/Spa 2 Bdrm,93545817.0,1.4671293398300772e+18,Lisa,City of Los Angeles,Hollywood Hills,34.10991,-118.32568,Private room,483.0,2.0,82,2026-06-04,0.94,2.0,35,6,HSR23-002715
33706564,Aj'S Room 1 (private bath/ separate entrance),221722451.0,1.4691723853095498e+18,Ajantha,City of Los Angeles,West Hills,34.20709,-118.62091,Private room,48.0,30.0,36,2020-01-01,0.41,3.0,167,0,HSR19-004904
33711378,Pacific Life Guestroom,11619.0,1.4625066704430886e+18,Sarah,City of Los Angeles,Woodland Hills,34.16738,-118.64322,Private room,78.0,30.0,2,2024-11-16,0.06,7.0,365,0,nan
33716445,Luxury 2BR Condo• 16ft Ceilings• Walk to mall,19703284.0,1.4630891706345395e+18,Sara,Other Cities,Santa Clarita,34.42097,-118.56579,Entire home/apt,297.0,2.0,27,2026-05-23,0.31,1.0,183,9,nan
33717262,Luxury Resort 7Pools&7Spas 7TC GYM Sauna Near alll,40163894.0,1.4626837374877335e+18,Zoey,City of Los Angeles,Woodland Hills,34.172154,-118.599972,Entire home/apt,139.0,31.0,10,2024-09-08,0.12,37.0,354,0,nan
33718158,Dorm Size Rm For A Lone Traveler PRIVATE ENTRANCE,151590124.0,1.468488677253043e+18,Sharmaine,Other Cities,Gardena,33.89706,-118.29372,Private room,60.0,1.0,468,2025-11-01,5.36,2.0,227,17,nan
33718162,Cozy Cottage Suite With Its Own Private Entrance,37838743.0,1.4655662914144018e+18,Daniel,Other Cities,Burbank,34.16383,-118.35251,Private room,140.0,2.0,268,2026-05-27,3.09,1.0,193,49,nan
33744014,Cozy Industrial Studio Apartment at the Beach!,214179773.0,1.469120767865678e+18,Pamela,Other Cities,Manhattan Beach,33.90065,-118.41943,Entire home/apt,80.0,30.0,1,2019-07-27,0.01,1.0,167,0,nan
33746234,Cozy Getaway 2B2B/free parking clz 2 Cedars-Sinai,143625425.0,1.468415397421105e+18,April,Other Cities,Beverly Hills,34.06216,-118.37328,Entire home/apt,296.0,3.0,60,2026-05-31,1.31,4.0,31,15,nan
33747625,810A Haverford Ave., Pacific Palisades 90272,3392276.0,1.4625296712410327e+18,Amir,City of Los Angeles,Pacific Palisades,34.04465,-118.5291,Entire home/apt,183.0,30.0,14,2025-02-04,0.17,48.0,365,0,nan
33747647,Modern Vintage Compound  11 BDRM 12BA,15698675.0,1.46296850203468e+18,James,City of Los Angeles,Hollywood Hills,34.1091,-118.32953,Entire home/apt,5136.0,2.0,17,2023-12-03,0.2,3.0,321,0,HSR19-003965
33747823,Ocean front Beach Villa,28273074.0,1.4654174345413734e+18,Felix,Other Cities,Santa Monica,34.00196,-118.48639,Entire home/apt,4565.0,2.0,0,nan,nan,1.0,173,0,231972
33750610,☮️HILLTOPIA- THE PERFECT RETREAT W/ EPIC VIEWS!,254421354.0,1.4693471605935987e+18,Yvette & Mick,City of Los Angeles,Hollywood Hills West,34.10849,-118.37628,Entire home/apt,430.0,2.0,215,2026-05-24,2.48,1.0,45,25,HSR26-000046
33751020,Spacious Spanish Home - Best Location in Los Angeles,230383245.0,1.469228355638291e+18,John,City of Los Angeles,Beverly Grove,34.07753,-118.37467,Entire home/apt,435.0,30.0,58,2020-12-02,0.66,1.0,73,0,nan
33767241,LOS ANGELES LITTLE HACIENDA,1010613.0,1.462535729129146e+18,Gloria,City of Los Angeles,Northridge,34.24037551879883,-118.52180480957033,Entire home/apt,148.0,30.0,10,2022-05-07,0.12,3.0,319,0,HSR19-000869
33767610,COZY NORTHRIDGE GUEST HOUSE NEAR CSUN,1010613.0,1.462535729129146e+18,Gloria,City of Los Angeles,Northridge,34.23989486694336,-118.5220184326172,Entire home/apt,149.0,30.0,9,2023-12-22,0.11,3.0,319,0,HSR19-000869
33780479,Spacious Home 2.5 Bedroom w/Pool,73114945.0,1.4669020423496525e+18,Jody,Other Cities,Glendora,34.107293,-117.8680474,Entire home/apt,193.0,30.0,0,nan,nan,1.0,35,0,nan
33781394,OceanViews Chic Cape Cod Walk to Beach and Food!,253373168.0,1.4693418625688046e+18,Darla,City of Los Angeles,Playa del Rey,33.95834,-118.44827,Entire home/apt,774.0,30.0,3,2024-04-14,0.04,1.0,177,0,HSR21-002389
33782694,Pied a terr,27555757.0,1.4626414555649917e+18,Dvora,City of Los Angeles,Beverly Grove,34.06627,-118.36872,Entire home/apt,126.0,30.0,10,2026-04-19,0.17,1.0,306,3,nan
33793333,One Bedroom  Central to Studios walk to NoHo West,100307715.0,1.4672044873508736e+18,Juli,City of Los Angeles,North Hollywood,34.17942,-118.38695,Entire home/apt,111.0,30.0,26,2026-05-31,0.3,26.0,333,2,Hsr19-000000
33794835,Perfect Room On The Beach!,14657918.0,1.4629438596690442e+18,Rickey,Other Cities,Long Beach,33.76525,-118.1798,Private room,nan,31.0,1,2019-04-14,0.01,1.0,0,0,nan
33807242,Cozy relaxing home 
No pet fees,255238813.0,1.463310822787002e+18,Gabriella,Other Cities,Lakewood,33.84105,-118.09927,Entire home/apt,92.0,31.0,312,2025-11-21,3.59,1.0,304,1,nan
33813556,NoHo Art District getaway top floor apartment,255307324.0,1.4693493244686559e+18,Steve,City of Los Angeles,North Hollywood,34.16918,-118.37719,Entire home/apt,165.0,30.0,13,2019-07-15,0.15,1.0,365,0,nan
33827440,Valley Retreat, garden suite -own entry & parking,79402397.0,1.46697031348314e+18,Christie Lynn,City of Los Angeles,Van Nuys,34.20427,-118.45313,Entire home/apt,157.0,2.0,279,2026-06-05,3.23,1.0,148,78,HSR23-004037
33833994,Santa Monica Light Filled House with Parking,255455031.0,1.4693500559438915e+18,Mera,Other Cities,Santa Monica,34.01115,-118.46285,Private room,240.0,1.0,128,2026-05-26,1.48,1.0,167,14,242748
33834286,Cozy & private. 14 min drive-Universal/Hollywood,183105016.0,1.4689460591219953e+18,Gilbert,City of Los Angeles,Sun Valley,34.22397,-118.36441,Entire home/apt,62.0,30.0,49,2020-05-30,0.57,1.0,145,0,HSR19-000946
33834302,PRIVATE GUEST HOUSE  (Center of Weho Nightlife),231110955.0,1.4632376305402936e+18,Ella,Other Cities,West Hollywood,34.08675,-118.38692,Entire home/apt,188.0,1.0,241,2026-06-09,2.8,1.0,143,43,STR19-0029
33836033,Spanish 3Bdrm Home w/Pool in hip Atwater Village,3181340.0,1.4626219458620726e+18,Brandon,City of Los Angeles,Atwater Village,34.1187,-118.26226,Entire home/apt,nan,30.0,51,2020-10-04,0.59,4.0,0,0,HSR19-005255
33836916,Private Guest House Studio. Bright, modern, POOL!,255485191.0,1.469350180547146e+18,Sandy,Other Cities,Burbank,34.15832,-118.31596,Entire home/apt,218.0,30.0,132,2025-12-30,1.52,1.0,164,5,nan
33837658,Chic & Modern Large Loft - <3 of DTLA,88794009.0,1.467077409789908e+18,Tammie,City of Los Angeles,Downtown,34.05259,-118.24485,Entire home/apt,120.0,30.0,12,2026-04-01,0.25,1.0,73,3,nan
33841044,Make me an offer for 6 Months or more!,131678172.0,1.4629433254280886e+18,Burt,City of Los Angeles,Westwood,34.05933,-118.4383,Entire home/apt,119.0,180.0,1,2019-08-18,0.01,2.0,365,0,nan
33850081,The View,2742282.0,1.4625260221840916e+18,Yves,Other Cities,Hermosa Beach,33.85308,-118.39638,Entire home/apt,2503.0,3.0,13,2023-01-10,0.15,2.0,365,0,nan
33855760,The Condor - A Luxury Venice Retreat w Large Yard,737355.0,1.4625278159523768e+18,Evan,City of Los Angeles,Venice,33.99877,-118.46469,Entire home/apt,nan,3.0,1,2024-10-22,0.05,1.0,2,0,HSR24-002710
33858981,STUNNING MODERN APARTMENT IN  DOWNTOWN PASADENA,253559158.0,1.469342798912573e+18,Pari,Other Cities,Pasadena,34.14139,-118.13364,Entire home/apt,302.0,2.0,226,2026-06-01,2.7,1.0,250,28,SRH2025-00077
33858985,HEART OF PASADENA,255672046.0,1.4693511107026542e+18,Massey,Other Cities,Pasadena,34.13955,-118.13554,Entire home/apt,274.0,2.0,170,2026-05-02,1.99,1.0,205,13,SRH2021-00337
33862252,Home loving home,255697465.0,1.4693512736264105e+18,I. Ken,Other Cities,Inglewood,33.96994,-118.36818,Entire home/apt,136.0,31.0,59,2022-08-12,0.68,6.0,270,0,nan
33881035,Ocean Park Gem,255856399.0,1.4693520286907515e+18,Dan,Other Cities,Santa Monica,34.0023,-118.47197,Entire home/apt,nan,90.0,1,2019-08-06,0.01,1.0,0,0,nan
33882130,Large House Near LAX, Beaches, SoFi & LA Stadiums,12102385.0,1.4625811453213768e+18,Orange Door Stays,Unincorporated Areas,Ladera Heights,33.9803,-118.38003,Entire home/apt,579.0,1.0,384,2026-06-13,4.41,41.0,347,43,nan
33884225,Hollywood, glam with pool. Message for short stays,11587926.0,1.462868268307224e+18,Liza,City of Los Angeles,Hollywood Hills,34.11864,-118.34028,Private room,95.0,31.0,0,nan,nan,1.0,365,0,nan
34691457,ADA Accessible Room, Non-Smoking,258978337.0,1.4633210922454287e+18,The Belmont Shore Inn,Other Cities,Long Beach,33.75173,-118.12875,Private room,189.0,1.0,1,2020-05-24,0.01,5.0,271,0,Exempt
34711792,Historical Craftsman with Modern Amenities,55948799.0,1.4659166721718113e+18,Vanessa,City of Los Angeles,Highland Park,34.113739013671875,-118.19588470458984,Entire home/apt,517.0,2.0,70,2026-06-13,1.17,1.0,324,13,HSR24-000353
34715112,Jeason 的家,247083049.0,1.4693107362394296e+18,Sally,Other Cities,Diamond Bar,34.00525,-117.84468,Entire home/apt,nan,2.0,0,nan,nan,4.0,0,0,nan
34716186,Rose Cottage private guest suite.,261851003.0,1.469384360134405e+18,Nora,Other Cities,Covina,34.09182230793,-117.8684380673724,Entire home/apt,137.0,1.0,262,2026-06-08,3.06,2.0,349,15,nan
34716423,Ultimate Luxury on the Venice Canals-Walk to Beach,9371307.0,1.462812383570433e+18,Lindsay,City of Los Angeles,Venice,33.97647,-118.46064,Entire home/apt,nan,30.0,79,2022-05-31,0.92,1.0,83,0,HSR19-004560
34717477,Cozy Clubhouse Retreat Near Claremont Colleges,104018251.0,1.4672486745012954e+18,Anthony,Other Cities,Claremont,34.0912,-117.70682,Entire home/apt,478.0,1.0,338,2026-06-08,3.93,2.0,255,49,nan
34718480,Beautiful place in the heart of Beverly Hills,133751104.0,1.4683355777578767e+18,Monica,Other Cities,Beverly Hills,34.07008940356841,-118.39868412567031,Private room,183.0,1.0,69,2024-05-28,0.81,2.0,166,0,nan
34720765,Cozy place in the heart of Beverly Hills,133751104.0,1.4683355777578767e+18,Monica,Other Cities,Beverly Hills,34.06333,-118.39457,Private room,337.0,1.0,15,2022-07-31,0.17,2.0,46,0,nan
34720795,Comfort and safe,70077636.0,1.4668676226505052e+18,Omar,Other Cities,Burbank,34.16982,-118.31748,Private room,160.0,1.0,72,2025-05-11,0.84,1.0,87,0,nan
34721012,舒适套房,247083049.0,1.4693107362394296e+18,Sally,Other Cities,West Covina,34.00459,-117.87984,Private room,nan,1.0,10,2020-01-28,0.12,4.0,0,0,nan
34722651,[Free Parking] Suite Silver Lake Echo Park,7010850.0,1.4625589036122079e+18,Raf,City of Los Angeles,Echo Park,34.07567,-118.27211,Entire home/apt,107.0,30.0,65,2026-03-04,0.76,2.0,139,5,nan
34725496,Jackson's Cottage Retreat near Sony Studios,24641596.0,1.4653113396027953e+18,Fawaz,Other Cities,Culver City,34.01667,-118.39831,Entire home/apt,427.0,2.0,87,2026-05-17,1.02,16.0,192,11,nan
32821116,Delightful Palms Studio Apartment.,5994344.0,1.46269506146504e+18,Jay,City of Los Angeles,Palms,34.01338,-118.41853,Entire home/apt,nan,30.0,64,2025-03-28,0.72,11.0,269,0,nan
32835391,1BD w/ Parking, King Bed, Laundry, Fast Wifi,63171048.0,1.4667797831045033e+18,Danny,City of Los Angeles,Exposition Park,34.02298,-118.31063,Entire home/apt,164.0,30.0,57,2026-02-28,0.65,4.0,294,4,nan
32836965,Resto Place w/ private entrance,74655389.0,1.462813379078034e+18,Brian,City of Los Angeles,North Hills,34.25543,-118.47493,Entire home/apt,116.0,1.0,372,2026-05-27,4.28,2.0,134,63,HSR23-004246
32836986,Unique Topanga Retreat 3-Building Compound,161868917.0,1.4685753089917046e+18,Susan,Unincorporated Areas,Topanga,34.10816,-118.59156,Entire home/apt,1104.0,3.0,15,2024-12-30,0.18,5.0,21,0,nan
32838592,South Sycamore,228726571.0,1.463230177375685e+18,Seiko,City of Los Angeles,Mid-Wilshire,34.05926,-118.3452,Private room,61.0,30.0,11,2020-03-05,0.12,1.0,74,0,nan
32842580,Magical Cottage at Topanga Canyon,10972266.0,1.4625766624699784e+18,Aline,Unincorporated Areas,Topanga,34.10447,-118.59,Entire home/apt,nan,4.0,7,2023-08-13,0.08,1.0,0,0,nan
32863338,Spacious mid-century modern oasis near the beach,66062193.0,1.4668166509720259e+18,Sean,Unincorporated Areas,Topanga,34.09093,-118.59568,Entire home/apt,nan,3.0,23,2024-07-07,0.26,1.0,0,0,nan
32864922,Your 2nd Home- Room 2-Private Bedroom,111306585.0,1.4673455499629832e+18,Lisa,Other Cities,Covina,34.08342,-117.87761,Private room,75.0,2.0,169,2026-01-02,1.91,10.0,350,15,nan
32871821,Two-room Cottage/Kitchen/Tennis Ct/Pool 独立俩房/厨房/泳池,69521492.0,1.462790204709674e+18,Sarah,Unincorporated Areas,East Pasadena,34.13458,-118.08104,Entire home/apt,161.0,5.0,321,2026-06-07,3.71,2.0,312,33,nan
32873590,Cozy Bedroom in Boyle Heights (15 min. from DTLA),151572859.0,1.4684885315304635e+18,Lauren,City of Los Angeles,Boyle Heights,34.04793,-118.19504,Private room,nan,30.0,30,2020-08-18,0.34,2.0,0,0,HSR19-004933
32874098,The Shangrila of Santa Clarita,238750616.0,1.4692702896035064e+18,Carmen,Other Cities,Santa Clarita,34.4195,-118.46284,Private room,nan,1.0,0,nan,nan,1.0,0,0,nan
32875437,"Manifest Your Nest" - your relaxing stay,247340368.0,1.4693119673589437e+18,Sunita,City of Los Angeles,North Hollywood,34.19333,-118.40043,Private room,59.0,30.0,11,2026-06-02,0.34,2.0,103,4,nan
32876337,two bedrooms w/ private entrance w/ zen yard,1271958.0,1.4625169882313825e+18,Vanessa,City of Los Angeles,West Adams,34.03028,-118.33901,Private room,124.0,30.0,0,nan,nan,3.0,120,0,nan
32876513,Hollywood Hills Home with Amazing Views! The Hazel,22265853.0,1.4631756089268803e+18,Julie,City of Los Angeles,Hollywood Hills,34.12592,-118.34959,Entire home/apt,514.0,1.0,358,2026-06-02,4.09,1.0,297,50,HSR20-000917
32876681,Santa Monica Beach 1 bedroom steps from the Sand,247351004.0,1.4693120207701834e+18,Steven,City of Los Angeles,Venice,33.99570133359549,-118.48019866200076,Entire home/apt,nan,30.0,1,2019-04-01,0.01,1.0,0,0,nan
32894557,The Rose Room at The Ranch - Californian Living,15494449.0,1.4629637336212582e+18,Adele,Other Cities,West Covina,34.05682,-117.87838,Private room,38.0,1.0,6,2025-01-09,0.07,1.0,89,0,nan
32895464,Private room in Arcadia close to LA Attractions,100321896.0,1.4672046411811282e+18,Jerry,Other Cities,Arcadia,34.12221,-118.01868,Private room,nan,2.0,33,2024-08-26,0.65,2.0,0,0,nan
32897812,Cozy charming room in Alhambra, safe and quiet.,4592478.0,1.462661037909633e+18,Yoko,Other Cities,Alhambra,34.08588,-118.12482,Private room,129.0,1.0,180,2026-06-05,2.08,1.0,108,46,nan
32900287,Modern urban oasis in the heart of New Downtown,247528472.0,1.4693129382262323e+18,Nora,City of Los Angeles,Downtown,34.04776,-118.25665,Entire home/apt,146.0,31.0,24,2026-05-04,0.29,1.0,311,3,nan
32900744,Encino Studio Jewel,220118615.0,1.4632061380380265e+18,Home Sweet,City of Los Angeles,Encino,34.17141,-118.51633,Entire home/apt,79.0,30.0,37,2026-03-30,0.42,6.0,350,2,HSR19-015493
32901700,Nice, quiet and cozy,247496657.0,1.4632913614918664e+18,Andres,City of Los Angeles,Sylmar,34.31153,-118.41983,Private room,42.0,30.0,23,2025-07-12,0.26,2.0,89,1,HSR22-001107
32919303,Guest Suite located in the Altadena Foothills.,19256254.0,1.4630729083597302e+18,Margie,Unincorporated Areas,Altadena,34.18633,-118.10656,Private room,177.0,1.0,230,2026-06-14,2.67,1.0,342,27,nan
32919453,Venice Beach Studio Surfer Pad/fastWI-FI/PRK 11#4,101401349.0,1.4672165638519035e+18,Superbahost,City of Los Angeles,Venice,33.99149,-118.47521,Entire home/apt,nan,31.0,18,2024-08-01,0.21,13.0,13,0,nan
32920338,Venice Beach Steps to Sand  Fast Wifi/ Prking/11BA,101401349.0,1.4672165638519035e+18,Superbahost,City of Los Angeles,Venice,33.99141,-118.4755,Entire home/apt,148.0,31.0,15,2025-09-30,0.18,13.0,202,2,nan
33942101,Serenity Heights-5 minutes from Hacienda Golf Club,179166975.0,1.468730952775408e+18,Anne,Other Cities,La Habra Heights,33.95134,-117.95729,Private room,126.0,2.0,44,2026-06-12,0.51,1.0,296,7,nan
33942277,Boho chic Venice adjacent with Garden!,21911194.0,1.4631669227410363e+18,Melinda,City of Los Angeles,Palms,34.0262,-118.40238,Entire home/apt,nan,30.0,33,2021-05-16,0.38,1.0,0,0,nan
33943505,Casita Clara | Abbot Kinney steps away,256317855.0,1.4693543889151037e+18,Lorri Ann,City of Los Angeles,Venice,33.99311,-118.4664,Entire home/apt,219.0,31.0,46,2025-07-01,0.53,1.0,364,1,Exempt - This listing is a bed and breakfast
33962042,Brand new, sparkling oasis in Los Angeles,230447632.0,1.4692287068475825e+18,Lindsay,City of Los Angeles,Sherman Oaks,34.14995,-118.45912,Entire home/apt,nan,30.0,17,2024-12-28,0.2,1.0,0,0,nan
33967425,Beautiful spanish Bungalow, great outdoor space,10273048.0,1.4628361346478848e+18,Martina,City of Los Angeles,Elysian Valley,34.08911,-118.23086,Entire home/apt,180.0,31.0,0,nan,nan,2.0,43,0,nan
33968408,Boma Apt.,77162516.0,1.4669449724881554e+18,Jackson,City of Los Angeles,Baldwin Hills/Crenshaw,34.02431,-118.36152,Entire home/apt,103.0,30.0,58,2020-08-31,0.68,1.0,60,0,HSR19-000339
33969038,Duke's Ocean Front Vacation Rental,389118857.0,1.4698036178421627e+18,Jimmy,Other Cities,Malibu,34.03637,-118.6359,Entire home/apt,1672.0,1.0,139,2026-05-25,1.65,1.0,304,19,STR21-0047
33969460,World Cup & SoFi 19 Miles | 420 Patio | Private,69775026.0,1.4668636863963108e+18,Arlene,Other Cities,Pico Rivera,33.95756,-118.09855,Entire home/apt,263.0,1.0,256,2026-05-25,2.96,5.0,355,30,nan
33969931,Small house with a big heart and car,238566955.0,1.4632575846150572e+18,Jacob,City of Los Angeles,Van Nuys,34.20339,-118.46834,Entire home/apt,366.0,1.0,335,2026-06-01,3.84,1.0,349,25,HSR23-002912
33972522,Hip bungalow near LAX and the beach,40414743.0,1.465602372757485e+18,Brittany,Other Cities,Hawthorne,33.9216,-118.36519,Entire home/apt,nan,4.0,2,2022-02-13,0.02,1.0,0,0,nan
33973027,Sunny, artistically designed, and calm 2 bedroom,108275502.0,1.4879127318164938e+18,Lily,City of Los Angeles,Mid-City,34.04541,-118.3592,Entire home/apt,nan,30.0,5,2019-08-26,0.06,1.0,0,0,nan
33990545,Venice Beach Bungalow,156245902.0,1.4629978734367025e+18,Nataliya,City of Los Angeles,Venice,33.98655,-118.46053,Entire home/apt,428.0,3.0,54,2026-01-01,0.64,1.0,8,3,HSR24-003516
33996436,Spacious & artsy 1bd Pad across the the Beach!,30056279.0,1.4654427072911447e+18,George,Other Cities,Long Beach,33.7683,-118.18214,Entire home/apt,nan,31.0,6,2019-08-18,0.07,1.0,0,0,nan
34000841,Condo with Loft 10 min to Universal Studios,22196116.0,1.462620485368412e+18,Svetlana,City of Los Angeles,Valley Village,34.1664393,-118.3994577,Entire home/apt,137.0,30.0,22,2025-07-27,0.26,4.0,52,1,nan
34019117,Modern Sherman Oaks Oasis w/ Pool & Theater,25551648.0,1.4626339616031875e+18,Vacation Inn LA,City of Los Angeles,Sherman Oaks,34.14331817626953,-118.42628479003906,Entire home/apt,nan,30.0,0,nan,nan,63.0,0,0,nan
34020914,Comfy Chic 2 Bedroom Guest House,256877913.0,1.469357220944723e+18,Reyna,City of Los Angeles,Lake Balboa,34.20759,-118.51395,Entire home/apt,113.0,30.0,186,2026-05-07,2.2,1.0,40,4,HSR24-001827
34022464,Vibrancy by the Shore,186834497.0,1.4689669343877373e+18,Curt,Other Cities,Long Beach,33.76146,-118.15123,Entire home/apt,93.0,31.0,29,2026-05-31,0.34,2.0,293,4,nan
34022580,Beautiful 2bd/2bath apt - Miracle Miles/Wilshire,33611865.0,1.462662494614322e+18,Monty,City of Los Angeles,Mid-Wilshire,34.06745,-118.35284,Entire home/apt,145.0,31.0,12,2025-02-09,0.19,4.0,193,0,nan
34026307,paradise luxury experience,72147824.0,1.466891498962177e+18,Dr Michael,City of Los Angeles,Woodland Hills,34.16051,-118.62288,Entire home/apt,393.0,1.0,158,2026-06-15,1.87,2.0,358,7,HSR24-003573
34035301,Venice Beach Bungalow Steps from Canals & Beach,12735502.0,1.4628944684420823e+18,John,City of Los Angeles,Venice,33.98597,-118.46135,Entire home/apt,541.0,2.0,131,2026-05-25,1.55,1.0,193,4,HSR22-003645
34035622,Private entrance cozy bedroom and Private bathroom,145396881.0,1.4684292228653266e+18,Venus,Unincorporated Areas,Valinda,34.04205,-117.93721,Private room,143.0,1.0,231,2024-03-24,2.65,6.0,72,0,nan
34036839,Charming Hilltop Tiny House with Stunning Views,25714253.0,1.4653491700762358e+18,Megan,City of Los Angeles,Studio City,34.13846,-118.41111,Entire home/apt,201.0,3.0,179,2026-06-04,3.3,1.0,333,31,HSR21-002911
34038042,Newly renovated apartment near hollywood sign,60414489.0,1.4667435876690785e+18,Alexa,City of Los Angeles,Hollywood,34.10439,-118.3229,Entire home/apt,118.0,30.0,3,2026-04-30,0.03,9.0,306,1,nan
34039923,Hermosa Beach Gem,59537343.0,1.4667185428103112e+18,Hilary,Other Cities,Hermosa Beach,33.86267,-118.39939,Entire home/apt,317.0,1.0,221,2026-06-08,2.55,2.0,203,24,nan
34040507,Silverlake  Bungalow Apartment,5416140.0,1.462680300205414e+18,Lydia,City of Los Angeles,Silver Lake,34.10765,-118.26518,Entire home/apt,nan,30.0,0,nan,nan,1.0,0,0,nan
34042653,New Private Secret Garden Apt Central LA MidCity,37420851.0,1.4626752052948733e+18,Michael,City of Los Angeles,Mid-City,34.03615,-118.35992,Entire home/apt,46.0,60.0,27,2026-02-07,0.31,3.0,324,2,nan
34047030,Cozy House near DTLA, Koreatown, and 101 Freeway,84165483.0,1.4628351434804972e+18,Kiwoong,City of Los Angeles,Westlake,34.06639,-118.28001,Entire home/apt,535.0,2.0,119,2026-04-12,1.37,10.0,79,4,HSR19-003667
34058936,Terranea Luxurious Villa - Ocean and Golf Views,257183706.0,1.4693587598272517e+18,Jeff,Other Cities,Rancho Palos Verdes,33.7408,-118.39821,Entire home/apt,1597.0,2.0,75,2026-06-06,0.88,1.0,293,11,nan
34062789,Beautiful large apt. on Quiet Los Feliz cul-de-sac,11186561.0,1.4628590651391805e+18,Leonard,City of Los Angeles,Los Feliz,34.11151,-118.27782,Entire home/apt,154.0,30.0,11,2025-09-01,0.13,1.0,152,1,nan
34082859,Bedroom + Shared Restroom,26326994.0,1.465363215625351e+18,David,Other Cities,Palmdale,34.57005,-118.13942,Private room,78.0,7.0,37,2025-09-06,0.43,3.0,365,1,nan
34085572,Cute Hollywood Studio-Fully Furnished,112952162.0,1.4673627916643935e+18,Adel,City of Los Angeles,Hollywood,34.10062,-118.3465,Entire home/apt,nan,31.0,45,2025-10-22,0.52,84.0,10,2,nan
34098463,Mansion living. Lifestyle upgrade,31374204.0,1.4626548759273219e+18,Ru,Other Cities,Burbank,34.15062,-118.34535,Entire home/apt,3705.0,2.0,0,nan,nan,18.0,269,0,nan
34100448,Beachy Studio in Venice Beach/Marina Del Rey,257503586.0,1.4693604572227912e+18,Olivia,Unincorporated Areas,Marina del Rey,33.98025105858214,-118.460747878982,Entire home/apt,nan,3.0,100,2022-09-19,1.15,1.0,0,0,nan
34121343,Ocean Front Paradise on the Sand,9547161.0,1.4628169376827195e+18,Kevin,City of Los Angeles,Venice,33.97092,-118.4588,Entire home/apt,354.0,31.0,1,2019-08-09,0.01,1.0,166,0,nan
34121701,Charming Villa **FREE PARKING**,79308431.0,1.46282421331721e+18,Julz,Unincorporated Areas,West Carson,33.81506,-118.28849,Entire home/apt,335.0,1.0,32,2026-05-30,0.37,1.0,130,1,nan
34123850,Luxury Highland Park Haven: Steps from York Blvd,75837694.0,1.4669311114627528e+18,Ayumi,City of Los Angeles,Highland Park,34.11785125732422,-118.20310974121094,Entire home/apt,485.0,2.0,3,2023-08-04,0.07,1.0,227,0,HSR22-003031
34124386,Spacious private house,256927540.0,1.4693574332764012e+18,Mary,Unincorporated Areas,Alondra Park,33.89165,-118.341,Entire home/apt,548.0,1.0,293,2026-05-31,3.41,1.0,264,36,nan
34127817,Silverlake Getaway,60011792.0,1.4667296316624033e+18,Alexandra,City of Los Angeles,Silver Lake,34.09443,-118.27735,Private room,nan,30.0,3,2019-08-11,0.04,1.0,0,0,HSR19-002796
34145107,Fabulous 2 Bedroom Condo in the best part of WeHo!,30323298.0,1.465446150953869e+18,Hillary,Other Cities,West Hollywood,34.08937,-118.38198,Entire home/apt,183.0,31.0,23,2026-02-07,0.27,1.0,247,3,nan
34145370,Culver City Home• 5 Mins to Studios, Beaches+Grove,206511950.0,1.469077266429969e+18,Robert,City of Los Angeles,West Adams,34.03068,-118.3681,Entire home/apt,361.0,2.0,199,2026-06-11,2.34,1.0,340,45,HSR21-003039
34146640,Garden View Oasis / Jacuzzi / 🏳️‍🌈 🏳️‍⚧️friendly!,56906799.0,1.4627357789907996e+18,Brian & Aldo,City of Los Angeles,Winnetka,34.22184,-118.56698,Private room,130.0,3.0,29,2025-03-25,0.33,2.0,178,0,HSR19-000283
34153402,Clean and big, Culver Cty adj, metro to beach/DTLA,59445919.0,1.4627427358371008e+18,Alison,City of Los Angeles,Baldwin Hills/Crenshaw,34.02469,-118.36212,Private room,52.0,30.0,23,2026-05-31,0.27,4.0,351,2,nan
34153942,Bright, Modern Private Guest House-Walk to Beach,15811971.0,1.46297126413704e+18,Farbod,City of Los Angeles,Venice,33.98214,-118.4627,Entire home/apt,184.0,30.0,222,2026-04-19,2.56,18.0,332,3,HSR19-002152
34156357,Cozy Venice Beachpad (Next to Venice Boardwalk) B9,25326961.0,1.465340288112116e+18,Mike,City of Los Angeles,Venice,33.98946,-118.47593,Entire home/apt,90.0,31.0,23,2026-01-16,0.27,38.0,344,3,nan
34182496,Master king bedroom w/ private bath in Canoga Park,242660248.0,1.4692881657203366e+18,Yelena,City of Los Angeles,Canoga Park,34.20879,-118.59321,Private room,73.0,30.0,1,2020-02-21,0.01,6.0,365,0,HSR19-003836
34184882,HELLO Hollywood & Beyond
1st stop ValleyVillage CA,250089251.0,1.4632982299788575e+18,Jaana,City of Los Angeles,Valley Village,34.16939,-118.38917,Private room,nan,30.0,102,2022-11-19,1.18,1.0,17,0,HSR19-001038
34199862,Hollywood Hideaway in the heart of LA,26859046.0,1.4653837494871478e+18,Philippe,City of Los Angeles,Hollywood Hills,34.12583,-118.31759,Entire home/apt,294.0,2.0,50,2026-03-15,0.58,1.0,151,6,HSR24-002579
34208398,Cozy Private Studio Apartment shared Bath in Hall,72906523.0,1.4668997042522166e+18,Evan,City of Los Angeles,Hollywood,34.09248,-118.32778,Entire home/apt,54.0,30.0,53,2026-03-29,0.61,16.0,46,3,Exempt - This listing is a transient occupancy residential structure
34211244,5 Minute walk to the ocean!,258288846.0,1.469364633004917e+18,Christine,Other Cities,Redondo Beach,33.84262,-118.38903,Entire home/apt,143.0,28.0,26,2025-10-02,0.3,1.0,195,2,nan
34212704,1 Bedroom Apartment close to beach & parks & cafes,20177365.0,1.4631009650523077e+18,Ashley,Other Cities,Long Beach,33.76745,-118.16774,Entire home/apt,103.0,31.0,3,2025-10-19,0.07,1.0,76,1,nan
34218677,Artist House, Master Bedroom w/private Bath,91169440.0,1.462850562153858e+18,Dana Ling Chu,Unincorporated Areas,Rowland Heights,33.97855,-117.88552,Private room,83.0,2.0,146,2026-06-14,1.69,2.0,231,36,nan
34219902,Modern Private Room,91751101.0,1.467108499858591e+18,Justin,Other Cities,Monrovia,34.14595,-117.99273,Private room,nan,1.0,12,2021-04-03,0.14,1.0,0,0,nan
34224359,1 Bdrm Culver (2nd-Floor),31546407.0,1.4626554180948444e+18,Saam,Other Cities,Culver City,34.01549,-118.40755,Entire home/apt,261.0,3.0,123,2026-06-08,1.42,4.0,90,8,nan
34231678,The carriage house A Historic Retreat,41606455.0,1.4656183254873836e+18,Connie,Other Cities,Pasadena,34.13956,-118.16739,Entire home/apt,343.0,1.0,85,2026-06-12,2.05,2.0,142,30,nan
34738099,*Sanitized* Highland Park 4-Lvl Home Rooftop Patio,8398671.0,1.462767254040648e+18,Sara,City of Los Angeles,Highland Park,34.10587,-118.20075,Entire home/apt,nan,31.0,33,2022-03-31,0.38,37.0,0,0,HSR19-003148
34749041,Unique modern Hilltop w/ Pool & spectacular views,673318.0,1.4625257022531146e+18,Andrea,City of Los Angeles,Mount Washington,34.10656,-118.21806,Entire home/apt,704.0,2.0,39,2026-05-31,0.46,1.0,94,9,HSR26-000288
34753232,Dolphin Suite:  Peaceful, Beachy Elegance,256295280.0,1.4693543019493532e+18,Diana,Other Cities,Torrance,33.81218,-118.37901,Private room,254.0,1.0,31,2026-05-03,0.36,3.0,17,11,nan
34753879,A PRIVATE ENTRANCE To A Private Bedroom & Bath,142282267.0,1.462966729069539e+18,Kimberly Karene,Other Cities,Lancaster,34.65031,-118.24957,Entire home/apt,103.0,1.0,677,2026-06-14,8.17,1.0,331,69,nan
34756494,Dolphin Place: Peaceful 4BR/3BA in Redondo Beach,256295280.0,1.4693543019493532e+18,Diana,Other Cities,Torrance,33.81082,-118.37668,Private room,639.0,3.0,98,2026-06-07,1.15,3.0,69,10,nan
34757123,Luxury 2 Bedroom Smart Loft,215720952.0,1.4691311832875832e+18,Jessica,City of Los Angeles,Downtown,34.04583,-118.25313,Entire home/apt,128.0,30.0,6,2026-02-28,0.08,1.0,365,1,Hsr19-003372
34758008,The Dwayne,140597636.0,1.4683908492833426e+18,Matthew,City of Los Angeles,North Hollywood,34.18277626888993,-118.39117969073656,Entire home/apt,194.0,2.0,76,2026-03-18,0.88,1.0,171,27,HSR26-000693
34778998,Stunning One Bedroom-Fully Furnished,112952162.0,1.4673627916643935e+18,Adel,City of Los Angeles,Hollywood,34.10135,-118.3458,Entire home/apt,106.0,31.0,37,2025-08-10,0.43,84.0,108,1,nan
34780184,Summer rental in a luxury hotel style apartment,32435157.0,1.465476154489068e+18,Emma Sofia,City of Los Angeles,Hollywood,34.10265,-118.32505,Entire home/apt,153.0,30.0,0,nan,nan,1.0,359,0,nan
34788943,#4 Private Suite bathroom a/c Netflix,137694288.0,1.468368303983177e+18,Cristina,Unincorporated Areas,Lennox,33.94146,-118.34716,Private room,152.0,2.0,168,2026-05-31,1.96,5.0,151,18,nan
34789531,Relaxing Guest House With Private Garden Patio,85939052.0,1.4670350710174354e+18,Ian,City of Los Angeles,Mid-City,34.0487,-118.37209,Entire home/apt,285.0,1.0,632,2026-06-14,7.35,1.0,234,70,HSR22-003580
34811863,Huge 3bd, back yard, parking in best SaMo/WLA area,256280.0,1.4625139152963052e+18,Hasan,Other Cities,Santa Monica,34.0347,-118.47629,Entire home/apt,nan,5.0,6,2019-08-14,0.07,2.0,0,0,232359
34812609,Malibu Cyn Pepperdine / student  rental rms floor.,90722042.0,1.4670975216720412e+18,Lisa,Other Cities,Calabasas,34.13909,-118.70637,Private room,66.0,28.0,5,2020-11-01,0.06,2.0,196,0,nan
34815397,Modern Guesthouse with washer/dryer and parking,145864294.0,1.4684328976410355e+18,Victoria,Unincorporated Areas,View Park-Windsor Hills,33.99676,-118.334,Entire home/apt,92.0,30.0,9,2025-12-20,0.16,1.0,47,1,nan
34816198,Spacious 3 bedroom 3 bathroom close to Beverly,102552338.0,1.462876477383954e+18,Rick,City of Los Angeles,Mid-City,34.04126,-118.37912,Entire home/apt,175.0,30.0,6,2026-04-09,0.12,13.0,285,1,nan
34816500,A Perfect Highland Park 1 Bedroom,6529781.0,1.462708782553203e+18,Zac,City of Los Angeles,Highland Park,34.1096,-118.19492,Entire home/apt,84.0,31.0,3,2025-08-07,0.04,4.0,365,1,nan
34817171,PROMO Malibu Serene Cabin • Ocean • Beach,75166.0,1.4625085394112448e+18,Bess,Other Cities,Malibu,34.02563,-118.79869,Entire home/apt,330.0,1.0,485,2026-06-02,6.42,11.0,179,51,STR21-0035
34818186,25%off 1 room 1 bathroom new decorate  # 2 Room,122728162.0,1.4682434233309824e+18,Shu,Other Cities,Rancho Palos Verdes,33.74479,-118.36452,Private room,62.0,30.0,6,2025-04-23,0.07,4.0,349,0,nan
34820831,Los Angeles room,114813433.0,1.4681816097269683e+18,Helen,Unincorporated Areas,Rowland Heights,33.97142,-117.91226,Private room,69.0,2.0,9,2025-09-29,0.43,12.0,212,1,nan
34821233,Close to Beach- Retro Row- 1 Bed Updated Kitchen,259302838.0,1.4693698086187218e+18,Will,Other Cities,Long Beach,33.77271,-118.15917,Entire home/apt,101.0,31.0,74,2026-05-30,0.86,3.0,253,4,nan
34822120,Private Bedroom in DPS Walk to USC, Central,158864307.0,1.468547109250103e+18,Charles,City of Los Angeles,Exposition Park,34.01937856159561,-118.29735100269318,Private room,47.0,30.0,3,2025-01-21,0.04,7.0,308,0,nan
34839571,Littlebourne,13130873.0,1.4629039896743421e+18,Robin,City of Los Angeles,West Adams,34.02569,-118.33754,Entire home/apt,nan,30.0,96,2026-03-11,1.16,1.0,0,2,HSR22-001163
34840908,Historic Mediterranean in prime Silver Lake,6121136.0,1.4626984419420506e+18,Gisele,City of Los Angeles,Silver Lake,34.08669,-118.26898,Entire home/apt,161.0,30.0,28,2023-12-16,0.33,5.0,361,0,Exempt - This listing is a transient occupancy residential structure
34842295,Charming Bungalow, A/C, HotTub, Close to Beach,187477550.0,1.4630907883624438e+18,Ryan,Other Cities,Long Beach,33.77128,-118.1678,Entire home/apt,769.0,1.0,141,2026-05-23,1.75,3.0,339,21,NRP21-00306
34843977,Modern Spanish Guest House Near Universal Studios,262688223.0,1.4633311358242038e+18,Katie,City of Los Angeles,North Hollywood,34.15938,-118.37112,Entire home/apt,103.0,30.0,214,2026-06-04,2.5,1.0,191,6,HSR20-000703
34856081,Cozy Bungalow Guesthouse,71292729.0,1.4668818785847355e+18,Selma,City of Los Angeles,Jefferson Park,34.02903,-118.31766,Entire home/apt,222.0,30.0,5,2019-11-30,0.06,1.0,269,0,HSR22-002609
34872257,Mid-Mod Retro Studio & Pool,3059666.0,1.4625278153648773e+18,Jean,Other Cities,Long Beach,33.83233,-118.18132,Entire home/apt,227.0,28.0,66,2026-01-15,0.77,7.0,265,1,NRP21-00164
34892351,Venice Walk Street Boy Casita,1247886.0,1.4625407318686428e+18,Megan,City of Los Angeles,Venice,33.99463,-118.45606,Entire home/apt,380.0,31.0,0,nan,nan,4.0,365,0,nan
34893937,#2 SUITE Private Bath/ Entrance Fast Wifi,137694288.0,1.468368303983177e+18,Cristina,Unincorporated Areas,Lennox,33.94156,-118.34625,Private room,132.0,1.0,111,2026-06-01,1.6,5.0,78,9,nan
34903535,Pool Guesthouse near  Hollywood & Studios,263064280.0,1.4693913026165166e+18,Ines,Other Cities,Burbank,34.18298,-118.32677,Entire home/apt,197.0,3.0,214,2026-06-01,2.49,1.0,330,11,nan
34903919,"Sea of Love"  - A Belmont Shore Gem,263066931.0,1.4693913135281713e+18,Rajvi And Susan,Other Cities,Long Beach,33.76265,-118.13264,Entire home/apt,414.0,2.0,159,2025-04-15,1.86,1.0,102,0,NRP22-00890
34905583,1 bed   big room #3,122728162.0,1.4682434233309824e+18,Shu,Other Cities,Rancho Palos Verdes,33.73716,-118.32939,Private room,81.0,30.0,0,nan,nan,4.0,330,0,nan
34908174,喜乐小屋San gabriel—3,157720309.0,1.4685374206685673e+18,Peter,Other Cities,San Gabriel,34.08333,-118.09645,Private room,nan,5.0,0,nan,nan,4.0,0,0,nan
34940351,Private Retreat in West LA! Two Private Rooms!,71165366.0,1.4668804611823086e+18,Julie,City of Los Angeles,West Los Angeles,34.0463,-118.43962,Private room,78.0,1.0,63,2026-03-24,0.74,1.0,18,5,HSR25-003577
34941520,A Perfect Holiday Home Away from Home,14479322.0,1.4625904128812595e+18,Maria,City of Los Angeles,Sherman Oaks,34.16974,-118.42213,Entire home/apt,627.0,30.0,0,nan,nan,3.0,263,0,nan
34945329,Franklin Village Apartment,121585160.0,1.462921008750975e+18,Nat,City of Los Angeles,Hollywood Hills,34.105710418012436,-118.3130694015364,Entire home/apt,167.0,30.0,19,2026-03-05,0.22,1.0,299,1,HSR19-000000
34955422,Casita Isabel: Views, Privacy & Amazing Patio,60690023.0,1.4627459172991096e+18,Robert,City of Los Angeles,Mount Washington,34.09718,-118.22602,Entire home/apt,nan,30.0,370,2025-03-06,4.33,1.0,0,0,HSR19-002397
34967729,* 1BR House* Steps to Venice Beach!,11573655.0,1.4628679553740833e+18,Luiza And Jack,City of Los Angeles,Venice,33.98643,-118.47149,Entire home/apt,187.0,30.0,56,2026-03-31,0.66,1.0,238,8,nan
34974680,Agave Hill: Insta-Worthy Desert Tiny House,429328365.0,1.4636797197459272e+18,Sarah,Unincorporated Areas,Southeast Antelope Valley,34.44574113011351,-117.76694016228797,Entire home/apt,129.0,1.0,14,2026-05-30,0.6,1.0,267,9,nan
34981378,Seasons sunshine-C-四季阳光民宿-C,231475130.0,1.4632386890084797e+18,Golden,Other Cities,Temple City,34.11157,-118.06531,Entire home/apt,208.0,28.0,16,2020-10-13,0.19,8.0,74,0,nan
34999162,Beach Nest Studio,2742282.0,1.4625260221840916e+18,Yves,Other Cities,Hermosa Beach,33.85275,-118.3968,Entire home/apt,557.0,30.0,1,2019-07-05,0.01,2.0,365,0,nan
35002874,Serene Home near Disney & DTLA, Free Parking,213653729.0,1.4691171956712284e+18,Brenda,Other Cities,Norwalk,33.90746,-118.09887,Entire home/apt,455.0,1.0,107,2026-05-18,1.28,3.0,343,18,nan
35005419,Belmont Shore Beach Getaway (OPEN THRU COVID),72522170.0,1.4668955439251983e+18,Keyyon,Other Cities,Long Beach,33.75965,-118.14485,Private room,93.0,31.0,112,2022-09-20,1.34,1.0,178,0,nan
35006204,CozySuitePrivateEntranceNewFullBath BeautifulView,56782802.0,1.4659285612981266e+18,Florence,Unincorporated Areas,Hacienda Heights,33.98727,-117.93248,Private room,nan,90.0,45,2020-09-01,0.52,3.0,0,0,nan
35011270,"Casa de Beverly Grove",6089172.0,1.462697637210888e+18,Amel,City of Los Angeles,Beverly Grove,34.07719,-118.3727,Entire home/apt,231.0,30.0,37,2026-05-23,0.43,1.0,316,1,nan
35012989,Hollywood Sunset View Condo & Pool+Spa+Gym,9686475.0,1.4628207296450388e+18,Tiffany,City of Los Angeles,Hollywood,34.10065,-118.35042,Entire home/apt,nan,30.0,11,2023-09-30,0.14,1.0,0,0,nan
35015980,Renovated Apt-20 min Walk to Downtown Santa Monica,69886209.0,1.46279107965857e+18,Noah,Other Cities,Santa Monica,34.02473,-118.48732,Entire home/apt,144.0,30.0,2,2026-05-03,0.28,2.0,365,2,nan
35026129,LA Hideaway Walk-Friendly Highland Park,178503478.0,1.4687258414782697e+18,Brian,City of Los Angeles,Highland Park,34.11786,-118.2088,Entire home/apt,89.0,30.0,20,2026-02-01,0.25,2.0,201,1,nan
35032612,Renovated, clean & modern single-family home,21399560.0,1.4631542861736302e+18,Miguel,Other Cities,Pasadena,34.14366,-118.08891,Entire home/apt,nan,2.0,63,2021-08-31,0.74,1.0,0,0,SRH2019-00184
35033411,舒适雅房,247083049.0,1.4693107362394296e+18,Sally,Unincorporated Areas,South San Jose Hills,34.00636,-117.88174,Private room,nan,1.0,37,2020-03-05,0.43,4.0,0,0,nan
35036527,1200sf Condo Avail March 15- Nov 2 Bed  2 Bath,1484844.0,1.4625470945773007e+18,Cynthia,City of Los Angeles,Valley Glen,34.18504,-118.41518,Private room,17.0,180.0,0,nan,nan,1.0,364,0,nan
35039283,NEW! OCEANFRONT-The STRAND-Live Best Beach Life !,239660658.0,1.4692747567283233e+18,Linda,Other Cities,Hermosa Beach,33.85368728637695,-118.3983154296875,Entire home/apt,581.0,3.0,68,2026-05-31,1.53,6.0,171,27,nan
35041661,Newly remodeled |Spacious 2bedroom |Walk to beach,60398052.0,1.4667433833992236e+18,Haley,Other Cities,Long Beach,33.77265,-118.15812,Entire home/apt,319.0,2.0,455,2026-06-15,5.73,1.0,99,53,NRP24-01785
33886298,westside lookout point,22590871.0,1.4626218247887155e+18,Mike,City of Los Angeles,Palms,34.01382,-118.41708,Private room,nan,30.0,0,nan,nan,1.0,0,0,nan
33888292,HOME SWEET HOME/ UNIVERSAL STUDIOS 1.9 M,162570460.0,1.4685820867844035e+18,Myrthel Target,City of Los Angeles,North Hollywood,34.15519919005988,-118.37280076673504,Entire home/apt,401.0,30.0,2,2019-07-30,0.02,2.0,270,0,nan
33905300,Entire 2nd Flr SM Luxury Villa 2-3 bdrms 2-6ppl,198491645.0,1.4690342463872947e+18,Jaleh,Other Cities,Santa Monica,34.03263,-118.49792,Entire home/apt,488.0,30.0,0,nan,nan,3.0,320,0,229222
33911489,Huntington and Caltech Convenient - Pasadena,19663623.0,1.462610246189112e+18,Fiona,Unincorporated Areas,San Pasqual,34.14064,-118.0979,Private room,nan,3.0,7,2023-08-20,0.08,4.0,0,0,nan
33913067,house in Long Beach,comfortably sleeps big groups,35848641.0,1.465530976948066e+18,Nataly,Other Cities,Long Beach,33.87681,-118.20107,Entire home/apt,456.0,1.0,294,2026-05-24,3.38,1.0,35,29,NRP21-00243
33915973,Spacious Hip Industrial Chic Loft in heart of DTLA,41118728.0,1.4656118159060106e+18,Tammie,City of Los Angeles,Downtown,34.05188,-118.24408,Entire home/apt,121.0,30.0,3,2025-08-02,0.07,1.0,304,1,nan
33916596,Designer Silver Lake Hillside Retreat with Sauna,32069649.0,1.4626572980494897e+18,Blake,City of Los Angeles,Los Feliz,34.09719,-118.27626,Entire home/apt,694.0,2.0,139,2026-05-31,1.61,1.0,320,23,HSR24-000215
33917382,Venice Bungalow
Guest room
Shared home
A+ location,242192495.0,1.4692861164873836e+18,David,City of Los Angeles,Venice,33.98778,-118.46355,Private room,383.0,1.0,20,2026-05-17,0.23,2.0,356,4,HSR25-001955
33930254,Marina Retreat,234790786.0,1.4692502546545551e+18,Susan,Other Cities,Long Beach,33.75118,-118.12872,Entire home/apt,198.0,31.0,18,2024-01-31,0.21,1.0,333,0,nan
33934148,Nice-sized Private Room Woodland Hills/Calabasas,201632.0,1.4625104172681377e+18,Alice,City of Los Angeles,Woodland Hills,34.17985,-118.64638,Private room,nan,30.0,84,2025-08-31,1.41,1.0,19,5,HSR21-001922
33935639,360-Degree LA Views from a Bird Streets Oasis,1543978.0,1.4625612598041615e+18,Kalfred Alan,City of Los Angeles,Hollywood Hills West,34.10215,-118.39092,Entire home/apt,1043.0,30.0,21,2023-01-06,0.25,1.0,365,0,HSR22-000089
33938012,Charming Prime Venice Beach Bungalow with Patio,2976886.0,1.462613960468716e+18,Charles,City of Los Angeles,Venice,33.98988,-118.45495,Entire home/apt,196.0,30.0,46,2026-06-01,0.53,15.0,128,4,HSR19-000000
33938911,The Avra House/
San Vicente Village,170082386.0,1.4686439079035528e+18,Torrey Sleight,City of Los Angeles,Brentwood,34.0522,-118.4671,Entire home/apt,126.0,30.0,54,2025-03-19,0.62,8.0,338,0,nan
33940942,PERFECT LOCATION: 2 BR West Hollywood Retreat,198269391.0,1.469033058612515e+18,Rusty,Other Cities,West Hollywood,34.08203,-118.37773,Entire home/apt,443.0,2.0,357,2026-06-08,4.12,1.0,138,51,STR23-0010
33940993,Dolphin Room: Peaceful, Beachy Elegance,256295280.0,1.4693543019493532e+18,Diana,Other Cities,Torrance,33.81013781292579,-118.38094867515044,Private room,197.0,1.0,25,2026-05-05,0.29,3.0,15,5,nan
33941080,PRIVATE ROOM,132883030.0,1.4683283315484887e+18,Elizabeth,City of Los Angeles,Reseda,34.20371,-118.52653,Private room,nan,30.0,45,2019-09-22,0.52,2.0,0,0,nan
35063528,Gorgeous Villa with Private Heated Pool,136650177.0,1.468359974124441e+18,Ksenia,City of Los Angeles,Sherman Oaks,34.163860047229285,-118.42736111723798,Entire home/apt,627.0,1.0,254,2026-01-26,2.97,1.0,157,28,HSR22-002946
35068736,temple city -1#，独立套房-1#,231475130.0,1.4632386890084797e+18,Golden,Other Cities,Temple City,34.11143,-118.06329,Private room,77.0,28.0,4,2020-03-14,0.05,8.0,164,0,nan
35069491,Temple city-4#，雅房-4#,231475130.0,1.4632386890084797e+18,Golden,Other Cities,Temple City,34.11098,-118.06516,Private room,59.0,28.0,3,2020-03-17,0.04,8.0,164,0,nan
35069890,Temple city-2# 雅房-2#,231475130.0,1.4632386890084797e+18,Golden,Other Cities,Temple City,34.11095,-118.06546,Private room,67.0,28.0,0,nan,nan,8.0,164,0,nan
35070230,Temple city-3# 雅房-3#,231475130.0,1.4632386890084797e+18,Golden,Other Cities,Temple City,34.11104,-118.06536,Private room,67.0,28.0,5,2020-03-11,0.06,8.0,164,0,nan
35072050,The Alira Suite - Beverly Hills,29591316.0,1.4626486564526426e+18,The Blumont,City of Los Angeles,Beverly Grove,34.07364,-118.3807,Entire home/apt,279.0,30.0,3,2025-04-01,0.04,15.0,78,0,nan
35087899,Arcadia / Monrovia, nice area close to everything,40319922.0,1.465601095991009e+18,⁨Robert M.⁩,Other Cities,Arcadia,34.14927,-118.02132,Private room,76.0,7.0,23,2026-04-17,0.3,11.0,365,2,nan
35088589,Central Warner CTR 1 Br+1 Bath Apt Near evrything,40163894.0,1.4626837374877335e+18,Zoey,City of Los Angeles,Canoga Park,34.19463593885985,-118.6011326455302,Entire home/apt,112.0,31.0,9,2025-08-18,0.15,37.0,302,1,nan
35090359,Los Angeles, Calabasas,2519716.0,1.4625246923494054e+18,Chelsey,Other Cities,Calabasas,34.13441,-118.63987,Entire home/apt,1458.0,8.0,0,nan,nan,1.0,269,0,nan
35092821,Private cozy room!,216600947.0,1.4691371724276165e+18,Lucy,City of Los Angeles,Koreatown,34.05648,-118.31271,Private room,66.0,30.0,31,2019-10-26,0.36,1.0,365,0,nan
35098020,Spacious 2 bedrooms, Great Location (entire place),16307340.0,1.4629835809904899e+18,Sofia,City of Los Angeles,Sawtelle,34.04525,-118.46253,Entire home/apt,nan,30.0,40,2025-09-14,0.95,1.0,13,5,HSR23-002805
35122001,Bright & Sunny 5 Bedroom Villa with a Pool,24709500.0,1.4653132245169244e+18,Cheré,Unincorporated Areas,Unincorporated Santa Monica Mountains,34.09904,-118.66387,Entire home/apt,3356.0,1.0,0,nan,nan,1.0,364,0,nan
35126468,Welcome DisneyStudio AND Warnerbro studio Interns.,31374204.0,1.4626548759273219e+18,Ru,Other Cities,Burbank,34.17745,-118.30074,Private room,742.0,7.0,0,nan,nan,18.0,269,0,nan
35127639,BALL Room #5 with 5 windows+ Private BATH for 3,245695169.0,1.469303415565391e+18,Bill,City of Los Angeles,Pico-Union,34.04777,-118.29718,Private room,72.0,30.0,5,2019-12-25,0.06,9.0,90,0,nan
35161748,Ensuite in lovely pool home close to studios,145921783.0,1.4684333359824942e+18,Shanda,Other Cities,Burbank,34.16092,-118.31907,Private room,nan,14.0,15,2022-04-03,0.18,1.0,0,0,nan
35162876,Tiny House Magic • Cozy Stay with Dollhouse Charm,24632560.0,1.4653106666405135e+18,Geraldine,Unincorporated Areas,Unincorporated Santa Monica Mountains,34.11567,-118.778,Entire home/apt,377.0,1.0,144,2026-06-10,1.7,4.0,169,33,nan
35165219,101 Big Beautiful Home-Heated Pool & HUGE Spa,10832832.0,1.4625760483293507e+18,Katy & Team,City of Los Angeles,Van Nuys,34.19333240041231,-118.48036669486288,Entire home/apt,828.0,30.0,4,2022-06-26,0.07,71.0,269,0,HSR19-003771
35167856,BOUTIQUE STYLE AT ABES ON 'THE LINC' VENICE BEACH,305756009.0,1.469564912970631e+18,Stuart,City of Los Angeles,Venice,33.99613,-118.4547,Entire home/apt,170.0,30.0,47,2020-03-12,0.55,1.0,364,0,nan
35168217,Modern Venice Beach 1-Bedroom + Parking (!),2610984.0,1.4626026823682644e+18,Vernon,City of Los Angeles,Venice,33.99553,-118.47878,Entire home/apt,nan,30.0,28,2021-03-05,0.33,2.0,0,0,nan
35170257,Hollywood Hills Home w Million $Dollar$ Views!!,202557982.0,1.469056907429476e+18,Ang,City of Los Angeles,Studio City,34.13869,-118.40388,Entire home/apt,258.0,30.0,70,2021-12-14,0.82,1.0,90,0,HSR19-005631
35186371,The Shore! Walk to beaches and town!,166053391.0,1.4686107350145633e+18,Marianne,Other Cities,Long Beach,33.76292,-118.13298,Entire home/apt,202.0,1.0,54,2025-07-28,0.67,6.0,341,1,Exempt
35190222,Quaint bungalow with parking/patio-walk to beach!,17525295.0,1.462602736922537e+18,Becky Jensen,Other Cities,Long Beach,33.76737,-118.17145,Entire home/apt,457.0,1.0,323,2026-05-31,3.79,1.0,335,34,PRP21-00048
35191282,Charming House in West Los Angeles,35025004.0,1.4655170199179123e+18,Rennie,City of Los Angeles,Palms,34.02272,-118.42291,Entire home/apt,119.0,30.0,1,2019-07-17,0.01,2.0,207,0,nan
35192747,Private 1 bedroom in Historic Hollywood Area,20446624.0,1.4631079563236375e+18,Fabian,City of Los Angeles,Hancock Park,34.06608,-118.32716,Private room,102.0,30.0,72,2024-07-29,0.85,1.0,178,0,HSR23-000652
35193653,Beautiful townhouse with 3 bedrooms&2.5 bathrooms,10033808.0,1.462829949069027e+18,Yang,Other Cities,West Covina,34.01252,-117.88515,Entire home/apt,246.0,5.0,19,2025-07-11,0.22,10.0,113,4,nan
35194836,5 Bed/4 bath Downtown Long Beach,152862766.0,1.4684988158410588e+18,Tiffany,Other Cities,Long Beach,33.77443,-118.20086,Entire home/apt,222.0,30.0,45,2026-05-18,0.56,12.0,79,4,PRP20-00038
35203982,Cozy home near LAX,  Randy's Donuts, 405 Freeway,208533838.0,1.4631586131622162e+18,Donna,Other Cities,Inglewood,33.96434,-118.36544,Entire home/apt,95.0,31.0,124,2026-05-31,1.44,1.0,205,1,STR23-00072
35221218,Southbay Retreat,57820909.0,1.466693183030963e+18,Vichea,Unincorporated Areas,West Carson,33.823162,-118.28891,Private room,144.0,1.0,15,2023-10-07,0.3,1.0,4,0,nan
35229600,Large bright room in historical home,33772749.0,1.4654937898312945e+18,Will,Other Cities,Long Beach,33.77706,-118.19537,Private room,117.0,2.0,35,2026-05-29,0.41,11.0,161,15,PRP21-00217
35231437,Newly furnished Hollywood Hills guest house,60414489.0,1.4667435876690785e+18,Alexa,City of Los Angeles,Hollywood Hills,34.10827,-118.31279,Entire home/apt,166.0,30.0,5,2026-04-01,0.21,9.0,339,2,nan
35231879,Private suite in Los Feliz Craftsman Bungalow,19742371.0,1.4626105277191247e+18,Howard,City of Los Angeles,Hollywood Hills,34.10615,-118.31114,Private room,206.0,2.0,263,2026-06-14,3.08,1.0,157,46,HSR24-000035
35255781,Baldwin Park Affordable Little Homey Condo,265419824.0,1.4633380822882435e+18,Shuping,Other Cities,Baldwin Park,34.07214,-117.98367,Private room,71.0,1.0,380,2026-06-02,4.43,2.0,83,22,nan
35256356,Villa Azure - by Stay Awhile Villas,24303784.0,1.4626287657205862e+18,Stay Awhile,Other Cities,Malibu,34.02839,-118.79742,Entire home/apt,2411.0,2.0,57,2026-05-10,0.79,70.0,338,15,STR21-0025
35257869,4 BR Beach Spacious House w/2 King, 1 Q, 2 Twins,109560583.0,1.4628943723586168e+18,Deanna,Other Cities,Redondo Beach,33.8892,-118.37854,Entire home/apt,nan,30.0,0,nan,nan,1.0,19,0,nan
35262786,Luxurious & Private Beverly Hills Condo with Views,265283566.0,1.4694033244766756e+18,Danny,Other Cities,Beverly Hills,34.06355,-118.38247,Entire home/apt,483.0,30.0,41,2026-02-10,0.5,15.0,109,2,Exempt - This listing is a transient occupancy residential structure
35264648,Heart of Downtown, loft style apartment above bars,185937691.0,1.4630871258131615e+18,Lina,City of Los Angeles,Downtown,34.04634,-118.25142,Entire home/apt,nan,30.0,7,2019-09-16,0.08,1.0,0,0,nan
35266763,❤️ Venice Absolute Canal Front Living 1/1,1458653.0,1.46251821537568e+18,Lauren,City of Los Angeles,Venice,33.98228,-118.46875,Entire home/apt,216.0,30.0,19,2026-03-10,0.22,13.0,40,2,HSR21-002049
35271210,Spacious Clean Private Room in a Shared Townhouse,69252889.0,1.4627895497162043e+18,Lance,City of Los Angeles,North Hills,34.22858,-118.47142,Private room,nan,30.0,24,2021-05-22,0.28,1.0,0,0,nan
35285670,guesthouse -everything you need for a great stay,115758391.0,1.4681885610408166e+18,Betty,City of Los Angeles,Reseda,34.18893,-118.51922,Entire home/apt,153.0,30.0,2,2019-11-11,0.02,2.0,365,0,nan
35289136,Everything is so Close! Mid City Cozy Bdrm + Bthrm,259130524.0,1.469368958175139e+18,Mister B,City of Los Angeles,Mid-City,34.04307,-118.33076,Private room,70.0,30.0,1,2022-07-12,0.02,1.0,270,0,nan
35289268,Beverly Hills Guesthouse .5 miles from CedarSinai,2097263.0,1.4625862640095713e+18,Andre,Other Cities,Beverly Hills,34.06645,-118.38084,Entire home/apt,18.0,180.0,299,2025-11-08,3.53,2.0,365,1,nan
35292176,San Francisco room,114813433.0,1.4681816097269683e+18,Helen,Unincorporated Areas,Rowland Heights,33.97146,-117.91101,Private room,92.0,2.0,24,2025-03-31,0.28,12.0,318,0,nan
35292615,San Diego room,114813433.0,1.4681816097269683e+18,Helen,Unincorporated Areas,Rowland Heights,33.97293,-117.91078,Private room,56.0,3.0,10,2022-05-18,0.12,12.0,259,0,nan
35292738,Santa Monica room,114813433.0,1.4681816097269683e+18,Helen,Unincorporated Areas,Rowland Heights,33.97132,-117.91275,Private room,nan,2.0,59,2024-11-17,0.69,12.0,0,0,nan
35292946,Brand New Luxury Home - 4 Bed 3 Bath,265722261.0,1.4694054080679421e+18,George/Manvel,City of Los Angeles,North Hills,34.23896511794057,-118.47409716344563,Entire home/apt,802.0,1.0,221,2026-06-14,2.58,1.0,315,41,HSR22-002835
35294334,Guest house with parking,201573968.0,1.4631439263501123e+18,Inessa,Other Cities,Glendale,34.13878,-118.24095,Entire home/apt,105.0,31.0,28,2024-10-02,0.33,1.0,179,0,nan
35294464,Just a ROOM! Close to beach. Off Lincoln/Rose,20609698.0,1.4626138274208474e+18,Melissa,City of Los Angeles,Venice,34.00114,-118.46402,Private room,84.0,30.0,39,2020-08-23,0.46,4.0,90,0,HSR20-001093
35306067,Poolside Paradise,265815679.0,1.463339030593882e+18,Caroline,Other Cities,Santa Clarita,34.4339,-118.53799,Private room,174.0,2.0,121,2023-07-28,1.41,1.0,162,0,nan
35308605,The Broad Beach House,1426043.0,1.4625454925142984e+18,Brita,Other Cities,Malibu,34.03722,-118.86641,Entire home/apt,1112.0,3.0,122,2026-06-12,2.7,1.0,285,35,STR26-0001
35313236,舒适单人房,247083049.0,1.4693107362394296e+18,Sally,Other Cities,West Covina,34.00658,-117.87958,Private room,nan,1.0,13,2020-03-13,0.15,4.0,0,0,nan
35314581,Private room #2 in a beautiful home!,157574171.0,1.4630011461822756e+18,Aida,City of Los Angeles,Chatsworth,34.25527,-118.56423,Private room,153.0,1.0,14,2026-05-05,0.16,4.0,177,9,HSR22-000740
35314976,Private room #4 in beautiful home!,157574171.0,1.4630011461822756e+18,Aida,City of Los Angeles,Chatsworth,34.2568,-118.5651,Private room,165.0,1.0,29,2026-03-16,0.34,4.0,169,6,HSR22-000740
35318748,Craftsman home w/ casita and yard,7425069.0,1.4627316272785395e+18,Min,City of Los Angeles,Silver Lake,34.09435,-118.27821,Entire home/apt,185.0,30.0,23,2026-05-29,0.27,4.0,349,3,nan
35319121,LAX House,265929273.0,1.469406373332011e+18,Nusuri,City of Los Angeles,Westchester,33.95568282872264,-118.39352979774,Entire home/apt,71.0,30.0,138,2026-05-12,1.62,2.0,362,3,HSR24-001833
35321574,LARGE ARTIST STUDIO LOFT,7230903.0,1.462726639933528e+18,Amanda,Other Cities,Santa Monica,34.02688,-118.49564,Entire home/apt,nan,2.0,4,2019-10-11,0.05,1.0,0,0,194808
35321676,Charming, Calm and Cozy - Tiny Guesthouse!,214304047.0,1.4691215979399741e+18,Cristina,Other Cities,Downey,33.94839,-118.12606,Entire home/apt,217.0,1.0,205,2026-06-12,2.4,2.0,37,16,nan
35322045,Malibu Home Ocean Views Every Room + Guesthouse,5062662.0,1.4625387500400832e+18,Judith,Other Cities,Malibu,34.04139,-118.64403,Entire home/apt,2297.0,2.0,42,2026-04-30,0.54,9.0,338,6,STR20-0051
35333178,Blueground | Hollywood, gym, nr Chinese Theater,107434423.0,1.462889176402806e+18,Blueground,City of Los Angeles,Hollywood,34.102393,-118.338387,Entire home/apt,nan,31.0,0,nan,nan,254.0,2,0,nan
35342436,Artistic 1 bedrm in quiet yet central, LA location,15621080.0,1.4629667155307525e+18,Sabina,Other Cities,Glendale,34.14023,-118.26137,Entire home/apt,94.0,31.0,12,2024-09-30,0.15,8.0,319,0,nan
35343126,Elegant 1 bedrm in quiet yet central, LA location,15621080.0,1.4629667155307525e+18,Sabina,Other Cities,Glendale,34.13815,-118.26079,Entire home/apt,97.0,31.0,18,2025-09-23,0.21,8.0,340,1,nan
35345111,Lovely in Larchmont Village,266096607.0,1.4633397332506534e+18,Michael,City of Los Angeles,Koreatown,34.07573059185209,-118.31310642110287,Entire home/apt,246.0,2.0,268,2026-06-07,3.14,1.0,19,38,HSR21-002312
35349252,Venice, Abbot Kinney! 3-BR, Sauna, Cold Plunge.,266126207.0,1.4694074338804723e+18,Irina,City of Los Angeles,Venice,33.98596,-118.45606,Entire home/apt,1065.0,2.0,63,2026-03-28,0.74,1.0,35,11,HSR24-002091
35356788,Redondo Beach Studio with Private Entrance,126186922.0,1.468270592304032e+18,Sandy,Other Cities,Redondo Beach,33.87506168998992,-118.37948965625236,Private room,95.0,5.0,31,2025-05-05,0.38,2.0,132,0,nan
35060635,Ocean Views/Downtown/ConventionCenter/Chic Hi-Rise,52665522.0,1.4658533358482847e+18,Timothy,Other Cities,Long Beach,33.76724,-118.18789,Entire home/apt,140.0,31.0,63,2025-10-04,0.74,1.0,229,2,nan
35062398,Glassell Park Hills Studio,4517734.0,1.4626595201562148e+18,Ricky,City of Los Angeles,Glassell Park,34.10999,-118.22587,Private room,213.0,2.0,179,2025-08-03,2.09,1.0,218,1,HSR26-000036
35998939,Eagle Rock Hilltop Retreat - Amazing Downtown View,15050120.0,1.4629530431734746e+18,Ashley,City of Los Angeles,Eagle Rock,34.13154771281171,-118.2263112728434,Entire home/apt,589.0,2.0,218,2026-05-30,2.61,1.0,215,33,HSR19-000710
35999527,Best Location,270829339.0,1.4694302964557156e+18,Shmuel,City of Los Angeles,Pico-Robertson,34.04945,-118.38323,Entire home/apt,144.0,30.0,11,2019-12-02,0.13,1.0,269,0,nan
35999702,☕️ COZY SUITE w/ patio 12 miles from DISNEYLAND,270832533.0,1.4694303112704804e+18,Andrew Scott Dela Cruz,Unincorporated Areas,Rowland Heights,33.978608901218685,-117.89911662397976,Private room,130.0,1.0,381,2026-06-08,4.54,5.0,358,35,nan
36010725,独立一室一厅公寓/明亮厨房/五分钟到华人超市、Arcadia mall、多家中餐厅/闹中取静,139557062.0,1.4683827960551534e+18,Jocelyn,Unincorporated Areas,East San Gabriel,34.12834,-118.07496,Entire home/apt,nan,2.0,16,2021-01-03,0.19,1.0,0,0,nan
36016455,Charming Home in a Prime Location in Glendale,77561434.0,1.466950681978948e+18,Ashot,Other Cities,Glendale,34.15127,-118.25434,Entire home/apt,248.0,31.0,7,2020-07-29,0.08,13.0,358,0,nan
36025888,Stylish Venice Beach Guest House. Ideal Location!,3575066.0,1.4626329194646958e+18,Peter,City of Los Angeles,Venice,33.99072,-118.4553,Entire home/apt,553.0,1.0,370,2026-06-06,4.41,1.0,296,37,HSR23-002880
36033428,Mountain View Bedroom,18024393.0,1.463034370866121e+18,Javier,City of Los Angeles,Glassell Park,34.12363,-118.23216,Private room,57.0,31.0,6,2019-10-04,0.07,3.0,106,0,HSR19-002925
36034717,Bright, early 20th century home built in 1905.,271095089.0,1.4633519711389332e+18,Javier,City of Los Angeles,Echo Park,34.07717,-118.26423,Private room,73.0,30.0,16,2023-12-24,0.19,1.0,365,0,nan
36035871,Prime Santa Monica Studio,68672147.0,1.4668492327309844e+18,Jason,Other Cities,Santa Monica,34.01584,-118.49203,Entire home/apt,nan,31.0,12,2025-10-27,0.15,27.0,0,1,nan
36036743,Cute Bohemian Casita in Silver Lake w/Parking!,271110653.0,1.46943158427635e+18,Deborah,City of Los Angeles,Silver Lake,34.09263,-118.28357,Entire home/apt,159.0,30.0,21,2026-05-17,0.26,1.0,312,4,nan
36036854,The quintessential downtown loft,2530330.0,1.462597598606033e+18,Enzo,City of Los Angeles,Downtown,34.0456,-118.25352,Entire home/apt,133.0,30.0,30,2023-10-10,0.36,1.0,302,0,nan
36038252,One Bedroom |  Value |Parking Storage Large Closet,100307715.0,1.4672044873508736e+18,Juli,City of Los Angeles,Van Nuys,34.17259,-118.44068,Entire home/apt,132.0,30.0,19,2025-08-16,0.22,26.0,307,1,nan
36038990,Beach Getaway, Steps to Sand. Free 2 Kayaks 2 SUP,261456313.0,1.4693819157979592e+18,John,Other Cities,Long Beach,33.74964,-118.12427,Entire home/apt,375.0,1.0,470,2026-06-13,5.56,1.0,66,48,NRP22-00819
36039616,Zen palace,69546991.0,1.4668606917044772e+18,Amethyst,City of Los Angeles,North Hollywood,34.16331,-118.37447,Private room,116.0,30.0,15,2020-03-07,0.18,2.0,364,0,nan
36041452,Amazing gated Ocean view home with a beach key,106350485.0,1.467289735177258e+18,Fred,Other Cities,Malibu,34.01885,-118.80525,Entire home/apt,1024.0,30.0,0,nan,nan,1.0,263,0,STR21-0040
36071773,13151 Lake St - 4 Bedroom,69421823.0,1.466858615784219e+18,Debbie,City of Los Angeles,Mar Vista,34.008453369140625,-118.45288848876952,Entire home/apt,471.0,1.0,393,2026-05-31,4.68,1.0,38,63,HSR22-003815
34235612,#A3 Private bath bedroom  long-term available,194995229.0,1.4690161452597699e+18,James,Other Cities,Rosemead,34.06066,-118.08191,Private room,45.0,30.0,6,2020-04-30,0.07,6.0,365,0,nan
34245235,A place called Home,64572033.0,1.466798443745783e+18,Cris,Unincorporated Areas,West Carson,33.81186,-118.28748,Entire home/apt,nan,1.0,4,2020-03-30,0.05,1.0,0,0,nan
34250380,Newly Remodeled Master Bedroom with Private bath,18416698.0,1.463053828598875e+18,Michael,City of Los Angeles,Canoga Park,34.21107,-118.6047,Private room,73.0,30.0,3,2019-09-21,0.04,3.0,365,0,Exempt - This listing is a transient occupancy residential structure
34250575,Adorable Studio in Hollywood-Fully Furnished,112952162.0,1.4673627916643935e+18,Adel,City of Los Angeles,Hollywood,34.10225,-118.34594,Entire home/apt,92.0,31.0,30,2025-04-13,0.35,84.0,164,0,nan
34256663,Private bedroom with personal fridge,135162805.0,1.4683473422884992e+18,Charina,City of Los Angeles,Winnetka,34.20877,-118.58251,Private room,334.0,30.0,5,2019-11-22,0.06,2.0,270,0,HSR19-005025
34275972,Modern Silver Lake house steps from Sunset Blvd,7608134.0,1.4627364802651615e+18,Tim,City of Los Angeles,Silver Lake,34.09201,-118.27923,Entire home/apt,726.0,1.0,142,2026-05-31,2.08,1.0,328,11,HSR25-001811
34286116,Spacious 1 BD near DT Culver City,32251948.0,1.4654737556052698e+18,Jessica,City of Los Angeles,Palms,34.03329,-118.39406,Private room,nan,30.0,2,2019-05-19,0.02,1.0,0,0,nan
34309250,Villa Martinique,23458477.0,1.4652735614572147e+18,Million Dollar Luxe,City of Los Angeles,Bel-Air,34.08418,-118.43533,Entire home/apt,9529.0,30.0,0,nan,nan,20.0,364,0,HSR24-003428
34311302,Upper class family neighborhood.,201875315.0,1.4690535309862538e+18,Patricia,Unincorporated Areas,Southeast Antelope Valley,34.56304,-118.16617,Private room,92.0,1.0,7,2021-06-04,0.08,2.0,365,0,nan
34317082,1-Bedrm Hollywood apt min from Walk of Fame (228),259078210.0,1.4693687065111022e+18,Sean,City of Los Angeles,Hollywood Hills,34.10501,-118.34412,Entire home/apt,250.0,1.0,66,2021-07-03,0.76,6.0,76,0,Exempt - This listing is a hotel or motel
34319105,Charming storybook house (可爱阿凯迪亚现代化独立的小房子),20902781.0,1.4631415762371354e+18,Ling,Unincorporated Areas,East San Gabriel,34.12109,-118.06695,Entire home/apt,180.0,27.0,108,2026-01-15,1.25,2.0,208,2,nan
34320483,Beautiful apartment in the hills off Sunset Blvd,4006344.0,1.4626448399942707e+18,Josh,City of Los Angeles,Hollywood Hills West,34.09434,-118.38388,Entire home/apt,nan,30.0,1,2019-08-11,0.01,1.0,0,0,nan
34321421,Artist Hideway. Quiet, innovative space to create.,406624.0,1.462517602567046e+18,Natasha,City of Los Angeles,Westlake,34.07307,-118.27418,Private room,nan,30.0,6,2019-07-01,0.07,1.0,0,0,nan
34334461,Brand New 1909 Craftsmen Home in trendy Koreatown,76051919.0,1.4669333346546944e+18,John,City of Los Angeles,Koreatown,34.07111,-118.30116,Entire home/apt,nan,30.0,7,2021-07-25,0.08,1.0,0,0,HSR21-003155
34340645,NOHO 2Bed+2Bath Gated FREE Parking - Private Patio,51231237.0,1.4657965730683553e+18,Rona,City of Los Angeles,North Hollywood,34.1659821,-118.3641203,Entire home/apt,nan,30.0,15,2026-05-31,0.18,4.0,0,3,nan
34360789,Hollywood Hills Spanish Revival Breathtaking Views,259409997.0,1.4693705173741747e+18,Timothy,City of Los Angeles,Hollywood Hills,34.12423,-118.34851,Entire home/apt,nan,30.0,0,nan,nan,1.0,0,0,nan
34363689,Universal Studios Hollywood Guest House,259432518.0,1.4693706246391432e+18,Michael And Monica,City of Los Angeles,Toluca Lake,34.15724,-118.36545,Entire home/apt,136.0,30.0,81,2025-01-28,0.95,1.0,224,0,HSR19-002135
34367826,Beautiful Hollywood Getaway (1 block from Blvd),30572195.0,1.4654498779306012e+18,Lilly,City of Los Angeles,Hollywood,34.102723318892686,-118.3317135632667,Entire home/apt,nan,30.0,5,2019-08-25,0.06,8.0,0,0,nan
34388161,New Luxury Guest House in the Heart of LA,113805616.0,1.4681747128178086e+18,Sam & Rebecca,City of Los Angeles,Mid-City,34.04528,-118.37572,Entire home/apt,401.0,30.0,59,2023-04-29,0.7,1.0,90,0,HSR20-000790
34399527,Ocean Breeze,172442775.0,1.4686738557991048e+18,Nikki,Other Cities,Redondo Beach,33.83763,-118.37636,Private room,nan,30.0,4,2019-11-11,0.05,1.0,0,0,nan
34399693,2-Bedrm Hollywood apt mins from Walk of Fame (121),259078210.0,1.4693687065111022e+18,Sean,City of Los Angeles,Hollywood,34.10327603450028,-118.34255400517463,Entire home/apt,357.0,1.0,51,2021-07-06,0.6,6.0,76,0,Exempt - This listing is a hotel or motel
34417360,Beautiful Room & Private Bathroom in Beverly Hills,259809864.0,1.4693726969214351e+18,Annie,Other Cities,Beverly Hills,34.06566,-118.38772,Private room,571.0,1.0,52,2023-01-02,0.6,1.0,365,0,nan
34418353,洛杉矶舒适2房 度假屋联排别墅整租（罗兰岗华人区中心,10033808.0,1.462829949069027e+18,Yang,Unincorporated Areas,Rowland Heights,33.98858,-117.90565,Entire home/apt,215.0,3.0,18,2026-05-17,0.21,10.0,312,5,nan
34419118,Magnolia Home,24371522.0,1.465287260626559e+18,Carlos,Other Cities,Burbank,34.16832,-118.34368,Entire home/apt,nan,2.0,21,2020-02-22,0.24,1.0,0,0,nan
34419282,Hollywood Hills Home! City/OceanViews Pool & Sauna,257818709.0,1.4633178740733215e+18,Adele,City of Los Angeles,Hollywood Hills West,34.10014,-118.37266,Entire home/apt,1739.0,2.0,377,2026-06-10,4.67,1.0,146,46,HSR23-003696
34420841,2-Bedrm Hollywood apt, quiet upper fl corner (124),259078210.0,1.4693687065111022e+18,Sean,City of Los Angeles,Hollywood Hills,34.1044052,-118.3432252,Entire home/apt,366.0,1.0,60,2021-07-02,0.7,6.0,76,0,Exempt - This listing is a hotel or motel
34421579,Cozy little room private entrance,137916392.0,1.4629573204300616e+18,Zoe,Unincorporated Areas,Valinda,34.03197,-117.93029,Entire home/apt,109.0,2.0,99,2026-04-30,1.26,4.0,49,14,nan
34446539,E: Private Room & Bath w/2 Beds & Parking,115993728.0,1.4681903660412244e+18,Robert,Other Cities,San Fernando,34.2938,-118.42828,Private room,99.0,1.0,345,2026-05-27,3.99,6.0,357,36,nan
34449524,Walk to SOFI with Free Parking | Luxury Stay,6942990.0,1.462719486400776e+18,Daniel,Other Cities,Inglewood,33.95290581287988,-118.34654918669254,Entire home/apt,1614.0,1.0,405,2026-06-01,4.69,4.0,216,59,STR26-00023
34450432,Mid-Century Retreat w/ Patio & Large Yard,11820504.0,1.4628738169094825e+18,John,Other Cities,Pasadena,34.13891,-118.17302,Entire home/apt,230.0,30.0,23,2026-03-31,0.27,1.0,363,2,nan
34450523,Melrose Dreams chic home- sunny West Hollywood, CA,260072987.0,1.469374142789944e+18,Greg And Joan,City of Los Angeles,Beverly Grove,34.07843,-118.36655,Entire home/apt,142.0,30.0,20,2019-10-27,0.23,1.0,99,0,nan
34451868,FREE off street PARKING space w/ 1 bedrm downtown,40401221.0,1.4626844622259338e+18,Mary Ann,Other Cities,Long Beach,33.77398,-118.19603,Entire home/apt,214.0,1.0,302,2026-06-14,3.52,1.0,67,31,NRP21-00180
34452205,Victorian Bedroom Near USC,260019756.0,1.4693738471434575e+18,Ana,City of Los Angeles,University Park,34.03658,-118.28166,Private room,92.0,1.0,407,2026-05-29,4.75,1.0,33,33,HSR23-001508
34476291,Bright Hollywood One Bedroom-Fully Furnished,112952162.0,1.4673627916643935e+18,Adel,City of Los Angeles,Hollywood,34.10263,-118.34631,Entire home/apt,103.0,31.0,37,2024-08-04,0.43,84.0,164,0,nan
34476984,Beverly Hills Luxury w/180* VIEWS & POOL,69651063.0,1.4668622810417326e+18,Darren,City of Los Angeles,Beverly Crest,34.09328,-118.43412,Entire home/apt,1201.0,30.0,6,2019-08-26,0.07,1.0,364,0,nan
34477334,3BR family home: private pool, BBQ & pet friendly,114749851.0,1.462905855868299e+18,Patrese,City of Los Angeles,Winnetka,34.18692,-118.56948,Entire home/apt,507.0,1.0,381,2026-06-13,4.41,1.0,291,41,HSR19-005479
34482309,Classic Craftsman Home w/ Private Yard - 2 Bedrm,259302838.0,1.4693698086187218e+18,Will,Other Cities,Long Beach,33.77742,-118.15669,Entire home/apt,218.0,1.0,243,2026-05-24,2.81,3.0,161,43,NRP24-01896
34507437,CLEAN and Spacious DTLA Urban Loft,39178801.0,1.4655852233945134e+18,Jonathan,City of Los Angeles,Downtown,34.0434,-118.25103,Entire home/apt,nan,30.0,2,2020-09-03,0.03,1.0,0,0,nan
34508315,The heart of Beverly Hills,260449981.0,1.4693761930223002e+18,Davinia,Other Cities,Beverly Hills,34.06645,-118.39546,Entire home/apt,nan,3.0,6,2019-06-29,0.07,1.0,0,0,nan
34509134,Venice Sunshine/ Linus Bikes,4014101.0,1.462645021049701e+18,Marc,City of Los Angeles,Venice,33.99802,-118.45391,Entire home/apt,327.0,3.0,142,2026-06-11,1.65,2.0,195,16,HSR19-002081
34510090,Rm 2
嗨，我是房东Ella，很高兴能分享的空间，欢迎世界各地的朋友来做客！,249907110.0,1.4693248667836012e+18,Ella,Other Cities,Temple City,34.09254,-118.065,Private room,nan,1.0,24,2020-03-17,0.28,2.0,0,0,nan
34521981,The Mickey Mouse House on Murietta,14488107.0,1.462939745057202e+18,Victoria,City of Los Angeles,Van Nuys,34.18636,-118.44002,Entire home/apt,134.0,31.0,2,2022-07-21,0.02,13.0,135,0,nan
35523542,A洛杉矶罗兰岗唯一一条闹中取静的中心街道，房内300㎡，房外2000㎡。,171345548.0,1.4630543618575222e+18,Yang,Unincorporated Areas,Rowland Heights,33.98483,-117.89503,Private room,45.0,5.0,39,2026-04-30,0.46,3.0,64,12,nan
35533551,Actor’s Guest Cottage  Spectacular Luxury,119676461.0,1.468219422667742e+18,David,City of Los Angeles,North Hollywood,34.17767,-118.36898,Entire home/apt,nan,30.0,7,2021-01-20,0.08,6.0,0,0,nan
35542015,Jackson's Bright One-Bedroom near Sony Studios,24641596.0,1.4653113396027953e+18,Fawaz,Other Cities,Culver City,34.01424,-118.39385,Entire home/apt,588.0,2.0,91,2026-05-17,1.07,16.0,228,7,nan
35543837,Close to the hottest Asian cuisine East of L.A.,25504232.0,1.4653441629366738e+18,Francisco,Other Cities,Rosemead,34.05805,-118.10431,Private room,nan,2.0,2,2020-01-02,0.02,1.0,0,0,nan
