11619.0,1.4625066704430886e+18,City of Los Angeles,34.16887,30.0,2020-03-22,0
3008.0,1.4625063336794506e+18,City of Los Angeles,34.09626,30.0,2025-12-15,2
22460.0,1.4625069637736015e+18,City of Los Angeles,34.06016,31.0,2025-04-27,0
30319.0,1.4625071283488804e+18,City of Los Angeles,33.99782,30.0,2022-10-25,0
69546.0,1.4625083136390339e+18,City of Los Angeles,33.99179,2.0,2024-03-26,0
70988.0,1.46250834585956e+18,City of Los Angeles,33.99121,30.0,2026-04-05,3
79697.0,1.4625086559603968e+18,City of Los Angeles,34.09905,1.0,2026-06-14,8
95543.0,1.4625094718967145e+18,City of Los Angeles,34.00299,30.0,2025-09-18,1
107370.0,1.462509759857727e+18,City of Los Angeles,34.04579,30.0,2021-04-21,0
175264.0,1.4625117768458079e+18,City of Los Angeles,34.03926,30.0,2018-08-24,0
192939.0,1.4625122669463962e+18,City of Los Angeles,34.09385,31.0,2021-06-19,0
227075.0,1.4625131735716977e+18,Other Cities,34.15533,7.0,2026-05-30,17
239712.0,1.4625134888048123e+18,Other Cities,34.01384,30.0,2024-05-14,0
298123.0,1.4625150410673853e+18,City of Los Angeles,33.99122,30.0,2026-01-10,1
2892483.0,1.4625268816770721e+18,City of Los Angeles,34.09322,4.0,2026-05-31,11
746983.0,1.4625281153855626e+18,Other Cities,33.85675,21.0,2026-02-02,1
592405.0,1.4625228868068687e+18,Unincorporated Areas,34.09749,1.0,2026-05-29,61
195697.0,1.4625103830475366e+18,Other Cities,33.91942,1.0,2026-02-15,1
3211667.0,1.4626228584664827e+18,City of Los Angeles,34.02801,30.0,2025-05-08,0
812353.0,1.4625301705537544e+18,Other Cities,34.10706,2.0,2026-06-13,37
285079.0,1.46251469277269e+18,City of Los Angeles,34.12769,30.0,2026-05-31,1
428171.0,1.462518155235054e+18,City of Los Angeles,34.08285903930664,30.0,2026-04-17,3
466662.0,1.462512007103807e+18,City of Los Angeles,34.05467,30.0,2026-01-10,2
195697.0,1.4625103830475366e+18,Other Cities,33.91942,1.0,2026-06-01,3
592405.0,1.4625228868068687e+18,Unincorporated Areas,34.09706,1.0,2026-05-29,71
644202.0,1.4625247484945833e+18,Other Cities,34.13299,30.0,2026-04-26,11
647546.0,1.4625248626648678e+18,City of Los Angeles,34.1831,30.0,2024-06-12,0
709835.0,1.462513686613395e+18,City of Los Angeles,34.21888,30.0,2024-05-05,0
733870.0,1.4625277054246408e+18,Other Cities,33.90502166748047,30.0,2025-06-28,1
866997.0,1.462514771080957e+18,Unincorporated Areas,34.07054,2.0,2026-05-17,39
799408.0,1.46252981066061e+18,City of Los Angeles,34.0768,30.0,2026-04-30,5
798894.0,1.4625297608063928e+18,City of Los Angeles,34.05115,30.0,2023-04-11,0
1270782.0,1.4625413011768684e+18,Other Cities,33.84731,31.0,2025-05-02,0
343842.0,1.4625113121383644e+18,City of Los Angeles,34.13973,2.0,2026-03-09,8
3379091.0,1.462627191645249e+18,Other Cities,34.14511,3.0,2026-02-16,4
2622454.0,1.462603070781041e+18,City of Los Angeles,34.09995,31.0,2025-07-23,1
3459337.0,1.4626300201865633e+18,Other Cities,33.77686,1.0,2026-06-01,13
774887.0,1.4625290253773504e+18,Other Cities,33.7742,31.0,2026-03-21,3
3548344.0,1.4625305434894497e+18,City of Los Angeles,33.98435,2.0,2026-05-02,21
746983.0,1.4625281153855626e+18,Other Cities,33.8579,2.0,2019-02-28,0
1644564.0,1.4625194277743616e+18,Unincorporated Areas,33.98961,30.0,2019-08-18,0
709781.0,1.4625269204401582e+18,Other Cities,34.03676,30.0,2014-08-07,0
78804.0,1.4625086115766574e+18,City of Los Angeles,34.08115,30.0,2025-03-31,0
1545388.0,1.4625612852202644e+18,City of Los Angeles,34.08898,31.0,2025-07-31,1
1827438.0,1.4625794453338537e+18,Other Cities,33.97663,2.0,2026-06-13,1
745432.0,1.4625280522508905e+18,City of Los Angeles,34.10839,30.0,2016-03-22,0
2031878.0,1.4625846277043356e+18,City of Los Angeles,34.05542,30.0,nan,0
2192205.0,1.462588697167573e+18,Other Cities,33.76478,31.0,2021-08-06,0
618883.0,1.4625238017886031e+18,City of Los Angeles,34.15898,1.0,2026-06-04,44
2192205.0,1.462588697167573e+18,Other Cities,33.76459,31.0,2021-07-31,0
2424764.0,1.4625947216533658e+18,City of Los Angeles,34.09742866420303,4.0,2026-06-04,3
2469884.0,1.4625959725755062e+18,Other Cities,34.03372,31.0,2025-08-10,1
2495456.0,1.4625966861617628e+18,City of Los Angeles,33.97991,2.0,2018-07-31,0
2595732.0,1.4625997667602916e+18,Other Cities,34.16572,1.0,2026-05-24,19
3492085.0,1.4626308589109612e+18,Other Cities,34.08798,30.0,2024-01-25,0
3543207.0,1.462632120976792e+18,City of Los Angeles,33.99736,2.0,2026-06-14,63
284412.0,1.462514680962862e+18,Other Cities,34.0122,30.0,2025-12-17,1
3655118.0,1.4626362538589184e+18,City of Los Angeles,33.98218,30.0,2026-06-12,5
2439921.0,1.4625951665246705e+18,City of Los Angeles,34.04863,30.0,2016-03-19,0
4123299.0,1.4625337233213988e+18,Other Cities,34.09408,31.0,2026-06-03,6
2609082.0,1.462525231257771e+18,City of Los Angeles,34.06102,30.0,2014-07-14,0
4227665.0,1.4626509345049055e+18,Other Cities,34.09151,30.0,2026-05-31,5
6471245.0,1.4627072767358313e+18,Other Cities,34.02251,1.0,2026-05-30,55
6868614.0,1.4625476455532293e+18,City of Los Angeles,34.0864,31.0,2026-03-07,3
6878448.0,1.4625477023098714e+18,City of Los Angeles,34.11786,30.0,2015-02-27,0
3097566.0,1.4626182913507228e+18,Other Cities,34.08338784697017,7.0,2018-09-16,0
1705379.0,1.4625655922246848e+18,City of Los Angeles,34.19141,2.0,2026-06-01,37
1572653.0,1.4625189819921073e+18,Other Cities,33.84692,2.0,2026-05-17,24
66096.0,1.4625081977008236e+18,City of Los Angeles,33.99807,3.0,2019-07-07,0
4342996.0,1.4626543038139756e+18,City of Los Angeles,34.09197185735055,30.0,2016-05-18,0
2974166.0,1.462613904925766e+18,City of Los Angeles,34.15791,30.0,2026-02-20,3
1273446.0,1.462541393903575e+18,Other Cities,33.89067,30.0,2016-07-26,0
57161.0,1.4625078544456804e+18,City of Los Angeles,34.04827,1.0,2026-05-15,28
4577233.0,1.4626606503598367e+18,Other Cities,34.01099,1.0,2026-06-08,24
969636.0,1.462534585195842e+18,City of Los Angeles,34.0869,30.0,2026-05-26,2
2824760.0,1.4625265123176448e+18,City of Los Angeles,34.07695,30.0,2026-04-07,2
3187019.0,1.4626220871624404e+18,Other Cities,34.07688,30.0,2019-07-20,0
4812255.0,1.4626659361306714e+18,City of Los Angeles,33.99932,1.0,2026-06-14,15
1270782.0,1.4625413011768684e+18,Other Cities,33.77511,31.0,2025-09-18,1
866477.0,1.462531740241382e+18,City of Los Angeles,34.11028,2.0,2026-06-01,22
7245047.0,1.4627270165847078e+18,City of Los Angeles,33.99195,30.0,2026-05-01,2
7288907.0,1.4627281216130363e+18,Other Cities,33.75694,31.0,2015-06-18,0
2781593.0,1.4625262578575708e+18,City of Los Angeles,34.11411,30.0,2017-08-16,0
104979697.0,1.4628827618179686e+18,City of Los Angeles,33.98501,31.0,2026-06-07,3
7095361.0,1.462723294950059e+18,City of Los Angeles,33.98185,2.0,2026-05-19,11
3865105.0,1.4626413263686595e+18,City of Los Angeles,34.08282,2.0,2026-04-10,3
5703033.0,1.4626873373158454e+18,Other Cities,34.02748,30.0,2019-08-17,0
5112516.0,1.4625389879277617e+18,City of Los Angeles,34.09806823730469,31.0,2026-01-05,2
5703033.0,1.4626873373158454e+18,Other Cities,34.02825,30.0,2016-10-31,0
5703033.0,1.4626873373158454e+18,Other Cities,34.02924,30.0,2025-11-15,1
5836623.0,1.4626908507800486e+18,Other Cities,33.90122,90.0,2021-04-20,0
1810141.0,1.462520510990379e+18,Other Cities,34.16141,2.0,2025-05-21,0
6121136.0,1.4626984419420506e+18,City of Los Angeles,34.09417,30.0,2024-02-22,0
6182252.0,1.4627000026280164e+18,City of Los Angeles,34.14192,30.0,2025-05-01,0
685976.0,1.46252613613943e+18,City of Los Angeles,34.081763349122745,2.0,2026-06-11,19
7351883.0,1.4625604703478124e+18,City of Los Angeles,33.98682,30.0,2026-05-07,5
27537.0,1.4625070773815224e+18,City of Los Angeles,34.04510929310949,30.0,2023-06-18,0
7635095.0,1.4627371642197737e+18,Other Cities,33.8229,31.0,2025-11-30,3
7653107.0,1.4627376791872402e+18,City of Los Angeles,34.0864,30.0,2016-10-09,0
969636.0,1.462534585195842e+18,City of Los Angeles,34.08267,30.0,2026-06-11,3
5123369.0,1.462673371285258e+18,City of Los Angeles,34.06461,30.0,2022-05-16,0
5260212.0,1.4626765901732198e+18,City of Los Angeles,34.10584,30.0,2024-09-14,0
5320837.0,1.462540031927036e+18,City of Los Angeles,34.07315,365.0,2025-08-13,1
5463897.0,1.4626814484735101e+18,City of Los Angeles,34.02517,30.0,2026-04-04,3
219283.0,1.4625129457447677e+18,Other Cities,34.1598,1.0,2024-09-08,0
8094048.0,1.4627489688495322e+18,Other Cities,33.819183,31.0,2026-02-28,3
8236124.0,1.4625643764016077e+18,City of Los Angeles,34.04603,30.0,2022-01-08,0
5051155.0,1.4626716618112963e+18,City of Los Angeles,34.09069,30.0,2021-12-31,0
8475744.0,1.462768412328067e+18,City of Los Angeles,34.11432,180.0,2021-08-08,0
8500539.0,1.4627689510104996e+18,City of Los Angeles,34.10616,30.0,nan,0
2676887.0,1.4626045873653942e+18,City of Los Angeles,34.054917009128545,30.0,2017-01-03,0
3654259.0,1.4626362400156132e+18,City of Los Angeles,34.07514,2.0,2026-05-25,18
3392276.0,1.4625296712410327e+18,City of Los Angeles,34.04765701293945,30.0,2026-05-08,3
7986854.0,1.4627463374229972e+18,Other Cities,33.88828,30.0,2025-10-10,1
8206200.0,1.4625642478920607e+18,City of Los Angeles,34.24672,31.0,2023-08-08,0
3969566.0,1.4625328397390351e+18,Other Cities,33.84763,3.0,2022-09-13,0
6358823.0,1.4627044142823798e+18,City of Los Angeles,34.2018,30.0,2025-04-20,0
6448563.0,1.4625456340233303e+18,City of Los Angeles,34.033012730105725,30.0,2023-10-30,0
6416857.0,1.462705899100311e+18,Other Cities,33.87982,30.0,nan,0
6328783.0,1.4627036603761162e+18,City of Los Angeles,33.99743,10.0,2025-12-31,1
6627058.0,1.4627112712047022e+18,Other Cities,34.08478,60.0,2018-08-01,0
6689265.0,1.4627128229792502e+18,City of Los Angeles,34.00681,30.0,2025-11-20,22
4260628.0,1.462534535000832e+18,City of Los Angeles,34.10051,2.0,2026-06-10,60
9250479.0,1.462568743048322e+18,City of Los Angeles,34.10245,30.0,2020-02-02,0
9578605.0,1.4628178403182492e+18,Other Cities,33.96964,1.0,2026-06-10,42
51610630.0,1.4627203224178465e+18,Other Cities,33.76702,3.0,2026-03-22,18
6882944.0,1.462717712206257e+18,Other Cities,34.08739,30.0,2026-05-03,1
11016274.0,1.4625768595401592e+18,Other Cities,33.76989,1.0,2026-06-08,49
11181341.0,1.462577530250586e+18,City of Los Angeles,33.991367,1.0,2026-06-13,54
629811.0,1.4625242152673354e+18,Other Cities,33.85591,1.0,2026-05-19,16
11366227.0,1.4628631734451205e+18,Other Cities,33.760468,31.0,2026-03-31,4
3541461.0,1.4625304995615813e+18,City of Los Angeles,34.04678,31.0,2014-03-21,0
8694124.0,1.462773960787805e+18,City of Los Angeles,34.0618,3.0,2026-05-04,7
402155066.0,1.4636188688040133e+18,City of Los Angeles,34.04262,30.0,2021-07-25,0
123087.0,1.4625101521812022e+18,City of Los Angeles,33.99534,30.0,2019-12-15,0
3009806.0,1.4626149293185577e+18,City of Los Angeles,34.08133,1.0,2026-05-25,9
232535.0,1.4625133288296305e+18,Other Cities,33.90052,1.0,2026-05-24,30
7355875.0,1.4625604975325302e+18,Other Cities,34.0395,2.0,2026-06-14,6
9352017.0,1.4628119366010092e+18,City of Los Angeles,33.98315,30.0,2025-04-08,0
4408677.0,1.4626567077199698e+18,City of Los Angeles,33.98821,30.0,2015-07-06,0
12911960.0,1.4625843238913147e+18,Other Cities,33.80408,1.0,2025-08-26,1
8432203.0,1.4627677818822339e+18,City of Los Angeles,34.07088,31.0,2026-05-10,2
13130448.0,1.4629039836438226e+18,Other Cities,34.03888,60.0,2021-01-03,0
2126106.0,1.4625870417718136e+18,City of Los Angeles,34.00702,30.0,nan,0
3392276.0,1.4625296712410327e+18,City of Los Angeles,34.0476258,30.0,2025-11-30,1
11913406.0,1.4628759132694116e+18,Other Cities,34.38335,2.0,2025-08-17,2
12226390.0,1.462882908473178e+18,Unincorporated Areas,34.07101,3.0,2024-12-12,0
2915190.0,1.462612346891396e+18,Unincorporated Areas,33.99085,2.0,2017-05-31,0
12372378.0,1.4628862481747034e+18,Unincorporated Areas,34.00458,7.0,2017-07-25,0
12502567.0,1.462582735016554e+18,Other Cities,33.88329,30.0,2019-06-24,0
9961576.0,1.4628281381417766e+18,City of Los Angeles,34.13529565836857,1.0,2026-05-23,29
31306.0,1.4625071740957304e+18,Other Cities,33.83960571515462,30.0,2025-09-22,3
10265095.0,1.4625734097941417e+18,Other Cities,34.00365,1.0,2026-05-25,88
10295084.0,1.4628367274402875e+18,City of Los Angeles,33.97141,30.0,nan,0
10538921.0,1.4625747029880579e+18,Other Cities,34.0076,3.0,2026-06-08,50
10585988.0,1.4628445329103014e+18,Other Cities,34.14354,3.0,2026-06-15,22
8265644.0,1.4625645051291228e+18,City of Los Angeles,34.04580677183348,30.0,2026-05-08,2
2334994.0,1.4625923454784476e+18,City of Los Angeles,33.98636,30.0,2025-08-31,2
10623051.0,1.46284547138139e+18,Other Cities,33.86275,30.0,2021-06-15,0
57161.0,1.4625078544456804e+18,Other Cities,34.14531,31.0,2026-06-12,4
7068414.0,1.4627226175350666e+18,City of Los Angeles,34.04675,31.0,2019-09-24,0
16950887.0,1.4629988032057605e+18,City of Los Angeles,34.08688,3.0,2026-06-05,46
17294834.0,1.4630067746766868e+18,Other Cities,33.8405,30.0,2026-04-14,3
6719252.0,1.4627135760174794e+18,Other Cities,34.01112,1.0,2019-09-24,0
9176332.0,1.462796810819562e+18,City of Los Angeles,33.98929,30.0,2025-10-02,1
10330659.0,1.462837687967332e+18,Other Cities,33.90305,30.0,2015-06-09,0
10156476.0,1.4628330290256164e+18,Other Cities,34.0401,5.0,2023-11-10,0
13682855.0,1.4629191116068897e+18,City of Los Angeles,34.04954,30.0,2019-05-18,0
13789616.0,1.4629226425768084e+18,Other Cities,34.06847,1.0,2026-05-25,13
14129709.0,1.462931279382604e+18,City of Los Angeles,33.97489,30.0,nan,0
14383797.0,1.462590062137323e+18,Other Cities,33.90165,29.0,2023-07-31,0
1254174.0,1.4625409059283768e+18,City of Los Angeles,33.98732,30.0,2017-02-17,0
14604549.0,1.4629425790528804e+18,City of Los Angeles,34.07994,30.0,2019-09-03,0
14608422.0,1.4629426268650767e+18,City of Los Angeles,33.99491,30.0,2020-02-06,0
14453491.0,1.462938978739599e+18,City of Los Angeles,34.0196,30.0,2017-09-01,0
114555.0,1.4625099192277258e+18,Other Cities,33.78223,2.0,2026-06-07,29
10445495.0,1.4628408359100398e+18,Other Cities,34.09099,30.0,2017-09-18,0
675083.0,1.4625257776730458e+18,City of Los Angeles,34.130825,30.0,2026-02-17,4
17600679.0,1.4630139529136668e+18,City of Los Angeles,34.02828,30.0,nan,0
17737960.0,1.4630278253478144e+18,City of Los Angeles,33.99777,30.0,2022-11-23,0
15584046.0,1.4629658262136899e+18,City of Los Angeles,34.10479,30.0,2015-11-02,0
14488107.0,1.462939745057202e+18,City of Los Angeles,34.143886172693634,31.0,2025-05-01,0
130598.0,1.4625099140796073e+18,Other Cities,33.87062,30.0,2026-02-19,8
4732895.0,1.4625370548903485e+18,City of Los Angeles,34.18293,30.0,2024-01-27,0
1155655.0,1.4625384433769413e+18,City of Los Angeles,33.9979,30.0,2025-07-31,1
3967420.0,1.4626438471884052e+18,City of Los Angeles,33.99562,30.0,2014-08-30,0
15878447.0,1.4625957513557786e+18,Other Cities,34.05964,3.0,2025-09-23,2
16222285.0,1.4629814356219556e+18,City of Los Angeles,34.1595,30.0,2026-04-22,3
7757652.0,1.462562303915718e+18,City of Los Angeles,34.05039,30.0,2020-06-26,0
277669.0,1.4625144889927258e+18,City of Los Angeles,34.08132,5.0,2026-05-21,16
16818658.0,1.4629956875605942e+18,City of Los Angeles,34.18773,30.0,2018-08-18,0
20711901.0,1.4626142577991933e+18,City of Los Angeles,34.05976,30.0,2020-11-29,0
1317021.0,1.4625172801576653e+18,City of Los Angeles,34.14447,30.0,2024-11-20,0
18355011.0,1.4630525941424763e+18,Other Cities,34.14381,2.0,2019-12-30,0
18171166.0,1.4630378803572534e+18,City of Los Angeles,34.07646,4.0,2026-05-24,15
6171590.0,1.4626996961736604e+18,City of Los Angeles,34.10924,2.0,2026-05-27,17
19142820.0,1.462608413607444e+18,City of Los Angeles,33.97259,2.0,2026-06-07,39
19266386.0,1.4626088602606648e+18,City of Los Angeles,34.02941,30.0,2022-09-07,0
3803570.0,1.462531951158615e+18,City of Los Angeles,33.99122,30.0,2022-06-22,0
19267387.0,1.463073095151781e+18,City of Los Angeles,34.093,30.0,2024-04-13,0
19663623.0,1.462610246189112e+18,Other Cities,34.14192,3.0,2026-05-18,4
16787894.0,1.4629950413036516e+18,Other Cities,34.03056,31.0,2026-05-24,2
15529424.0,1.4629645141165868e+18,City of Los Angeles,33.99894,7.0,2026-04-16,14
232535.0,1.4625133288296305e+18,Other Cities,33.89929,3.0,2026-06-14,37
3377951.0,1.4626271717667464e+18,Other Cities,34.02842,1.0,2026-06-13,12
20662346.0,1.4631353925192655e+18,Unincorporated Areas,34.13576,2.0,2025-10-06,1
20668184.0,1.4631355403090286e+18,Other Cities,33.87512,30.0,2023-07-01,0
8168166.0,1.4627508796492017e+18,City of Los Angeles,34.08767,30.0,2026-05-22,5
2528914.0,1.462597576797167e+18,City of Los Angeles,34.08038,30.0,2019-08-30,0
7635095.0,1.4627371642197737e+18,Other Cities,33.82732,31.0,2026-03-06,2
10033808.0,1.462829949069027e+18,Other Cities,34.08221,20.0,2018-12-31,0
20076782.0,1.4630987726321894e+18,City of Los Angeles,34.17479,2.0,2026-06-08,57
23467689.0,1.4652737039961e+18,City of Los Angeles,34.1051,30.0,2017-08-20,0
189473.0,1.462512201715866e+18,City of Los Angeles,34.21002010449086,1.0,2026-05-28,39
11806191.0,1.4625800079716675e+18,City of Los Angeles,34.02649,30.0,2024-03-31,0
21304470.0,1.462616676815188e+18,Unincorporated Areas,34.14011,2.0,2026-02-17,2
21422412.0,1.4631548397714875e+18,Other Cities,33.9244,2.0,2026-06-14,66
17532979.0,1.4630123413875955e+18,Other Cities,34.0166,3.0,2015-12-01,0
4865547.0,1.462667105031898e+18,City of Los Angeles,33.97276,3.0,2025-12-26,9
19298557.0,1.4630747993335355e+18,City of Los Angeles,34.09396,31.0,2026-04-22,3
2014711.0,1.462584175141496e+18,City of Los Angeles,33.99317,90.0,2020-02-27,0
18519457.0,1.4630556805793856e+18,City of Los Angeles,34.09112,30.0,2015-08-31,0
24168951.0,1.4626282750907118e+18,Other Cities,34.087889360775826,3.0,2026-06-01,14
24622374.0,1.4653099267504883e+18,Other Cities,34.03923,30.0,2020-01-04,0
24639461.0,1.4653113199992282e+18,Other Cities,34.0968,30.0,2020-01-11,0
24716252.0,1.4653133174426191e+18,Other Cities,34.43977164426888,2.0,2026-05-17,5
24845343.0,1.4626310583414938e+18,Other Cities,34.18619,2.0,2026-06-12,30
24900659.0,1.4653230560249874e+18,City of Los Angeles,34.05129,31.0,2026-06-18,5
5847655.0,1.4626911690482163e+18,City of Los Angeles,34.11691,30.0,2024-07-26,0
104979697.0,1.4628827618179686e+18,City of Los Angeles,33.98458,31.0,2026-05-17,3
21150029.0,1.4631478536771574e+18,City of Los Angeles,34.10334,30.0,2018-09-03,0
1323354.0,1.462542765133293e+18,City of Los Angeles,34.10826,30.0,2018-05-29,0
25551648.0,1.4626339616031875e+18,City of Los Angeles,34.1410401,2.0,2026-05-01,1
13171981.0,1.4629049483644882e+18,City of Los Angeles,34.25611,31.0,2025-06-30,1
23300014.0,1.465271350419435e+18,City of Los Angeles,33.97742,30.0,2025-05-31,0
4341853.0,1.4626542435661258e+18,City of Los Angeles,34.11084,30.0,2015-04-15,0
26116584.0,1.4626361771289754e+18,City of Los Angeles,34.12071,30.0,2022-08-31,0
25756212.0,1.4653499515590234e+18,City of Los Angeles,34.17124,30.0,nan,0
26445146.0,1.4653669039742154e+18,Unincorporated Areas,34.07743,1.0,2026-05-30,40
26790063.0,1.4626386656000776e+18,City of Los Angeles,34.03623,180.0,2016-04-04,0
22252669.0,1.463175302698165e+18,Other Cities,34.17893,1.0,2026-06-10,49
7635095.0,1.4627371642197737e+18,Other Cities,33.82732,31.0,2026-06-01,3
8784700.0,1.462786905400545e+18,City of Los Angeles,34.18437,30.0,nan,0
17309242.0,1.4626019004849764e+18,City of Los Angeles,34.0896,30.0,2024-05-16,0
22827570.0,1.4631894018518879e+18,City of Los Angeles,34.01415,30.0,2019-10-05,0
60057.0,1.4625079648767058e+18,City of Los Angeles,34.16505,1.0,2024-09-02,0
4267838.0,1.4625345857261043e+18,City of Los Angeles,34.17865,30.0,2026-01-14,1
21288523.0,1.4626166110503068e+18,City of Los Angeles,34.15713,30.0,2026-04-30,2
22259699.0,1.4631754661014436e+18,City of Los Angeles,34.16766,30.0,2026-05-19,3
28643439.0,1.465422742253294e+18,City of Los Angeles,34.20199,30.0,2019-09-16,0
13661237.0,1.4629185740170885e+18,City of Los Angeles,33.98416,30.0,2024-07-06,0
6559776.0,1.4625461722954243e+18,City of Los Angeles,34.08328,30.0,2025-06-18,1
2528037.0,1.4625975598624369e+18,City of Los Angeles,33.98866,30.0,2015-06-24,0
29231132.0,1.4654307651431409e+18,Other Cities,34.1074,1.0,2017-02-14,0
10936748.0,1.4628530829869363e+18,City of Los Angeles,34.15084,30.0,2020-09-01,0
4051877.0,1.4625333081253317e+18,Other Cities,34.08223,3.0,2026-05-13,3
8425713.0,1.4627676810686781e+18,City of Los Angeles,34.15874,30.0,2023-01-28,0
30321702.0,1.4654461393507492e+18,City of Los Angeles,34.04613,30.0,2023-09-15,0
30934651.0,1.462653319722648e+18,Unincorporated Areas,33.99681,1.0,2026-05-24,13
31315050.0,1.4626546667354752e+18,City of Los Angeles,34.17075,30.0,2022-07-01,0
16840030.0,1.4629961938593385e+18,Other Cities,34.15359,2.0,2015-08-04,0
30850484.0,1.4654543729305587e+18,City of Los Angeles,34.04379,1.0,2025-10-05,2
30321335.0,1.46265113272629e+18,City of Los Angeles,34.23065,2.0,2025-10-12,5
26302393.0,1.4653609429928768e+18,Other Cities,33.77223,31.0,2025-11-03,2
99430.0,1.4625095659798582e+18,City of Los Angeles,34.07344,30.0,2016-08-23,0
22210553.0,1.4631742651377487e+18,City of Los Angeles,33.99641,30.0,2021-06-14,0
27541145.0,1.4654064252375785e+18,Unincorporated Areas,33.99965,3.0,2021-04-07,0
25695926.0,1.4626345243780163e+18,Unincorporated Areas,34.1339,7.0,2023-09-01,0
7657468.0,1.4627377939170808e+18,City of Los Angeles,33.99191,30.0,2026-06-13,4
33115177.0,1.465484919483123e+18,City of Los Angeles,34.09034,30.0,2018-10-31,0
586282.0,1.4625226928126136e+18,Unincorporated Areas,34.04967,4.0,2026-05-11,32
33314338.0,1.46548766983109e+18,City of Los Angeles,34.1612,1.0,2026-06-14,26
2566215.0,1.4625987506354598e+18,City of Los Angeles,33.99309,31.0,2025-08-01,1
1247886.0,1.4625407318686428e+18,City of Los Angeles,33.9947,30.0,2022-08-27,0
25326961.0,1.465340288112116e+18,City of Los Angeles,34.05795,31.0,2025-12-07,1
32721931.0,1.4654797749832072e+18,Other Cities,34.15732,31.0,2025-07-09,1
32536730.0,1.465477413827353e+18,City of Los Angeles,34.04077,30.0,nan,0
32875166.0,1.4654816641573627e+18,City of Los Angeles,34.04688,31.0,2024-03-11,0
37059770.0,1.4655519618654472e+18,Unincorporated Areas,34.36695,1.0,2022-08-07,0
10033808.0,1.462829949069027e+18,Other Cities,34.01287,28.0,2026-03-23,1
7288044.0,1.4627281070367974e+18,City of Los Angeles,34.10394,30.0,2015-12-04,0
29136175.0,1.4654293491797898e+18,Other Cities,34.08886,30.0,2020-03-15,0
32924109.0,1.465482335495456e+18,City of Los Angeles,34.24097,30.0,2026-04-21,2
27087765.0,1.4654000377012833e+18,City of Los Angeles,34.05249,30.0,2015-10-24,0
35597016.0,1.4655259155468585e+18,Other Cities,33.84177,3.0,2026-05-18,16
35630045.0,1.465526348603873e+18,City of Los Angeles,34.06617,30.0,nan,0
35729024.0,1.4655278258970138e+18,Other Cities,33.96367,31.0,2022-12-19,0
11806191.0,1.4625800079716675e+18,City of Los Angeles,34.02753,30.0,2019-08-23,0
8899101.0,1.4627898225188477e+18,City of Los Angeles,34.04631,30.0,2017-09-30,0
36525943.0,1.465543909841026e+18,City of Los Angeles,34.12551,3.0,2026-05-17,1
25326961.0,1.465340288112116e+18,City of Los Angeles,33.98628,31.0,2025-12-24,2
25149253.0,1.465336982058262e+18,Unincorporated Areas,34.09905,7.0,2021-09-20,0
32928235.0,1.4654824040100849e+18,City of Los Angeles,33.99493,30.0,2025-02-15,0
30492738.0,1.4626517557760584e+18,City of Los Angeles,34.04105,30.0,2022-06-06,0
27384891.0,1.4654042842790374e+18,City of Los Angeles,34.03271,30.0,2026-02-24,2
34526519.0,1.465507471906907e+18,Other Cities,33.88294,1.0,2020-01-03,0
7001598.0,1.4627209668926559e+18,City of Los Angeles,34.05236,30.0,2022-06-15,0
32170653.0,1.462657643194139e+18,City of Los Angeles,34.19849,30.0,2026-01-18,2
189473.0,1.462512201715866e+18,City of Los Angeles,34.21174,1.0,2026-01-30,11
18588828.0,1.4630571879117545e+18,City of Los Angeles,34.10769,30.0,2015-08-26,0
4626298.0,1.462661877346471e+18,City of Los Angeles,34.08774,30.0,2026-04-30,1
28005117.0,1.4626430812846216e+18,City of Los Angeles,34.087788,30.0,nan,0
36720326.0,1.465547176626598e+18,City of Los Angeles,34.05616,3.0,2026-05-03,9
38714289.0,1.4655787555347633e+18,City of Los Angeles,34.04525,30.0,2024-07-25,0
38861840.0,1.4655807143596518e+18,Other Cities,33.93138,1.0,2021-12-26,0
39061547.0,1.4655834038541384e+18,Other Cities,33.88053391568444,60.0,nan,0
39189360.0,1.4655854007729116e+18,City of Los Angeles,34.07702,30.0,nan,0
52109.0,1.4625077100006418e+18,Other Cities,34.10471,5.0,2026-05-21,2
39826194.0,1.465594540309843e+18,Other Cities,34.01289,1.0,2026-06-11,40
1541512.0,1.4625611810083802e+18,Other Cities,34.11811,1.0,2020-01-21,0
23044421.0,1.465267842786049e+18,Other Cities,34.05899,2.0,2026-05-13,37
2884038.0,1.4625268340163904e+18,City of Los Angeles,34.11263,4.0,2026-03-15,11
37068702.0,1.4655520829249009e+18,City of Los Angeles,33.993,30.0,2026-03-31,1
3415987.0,1.4625298112088668e+18,Unincorporated Areas,34.041758844572826,1.0,2026-04-26,5
37337247.0,1.4655585687243471e+18,City of Los Angeles,33.96711,30.0,2021-07-05,0
10738787.0,1.4628484861789158e+18,City of Los Angeles,34.04691,30.0,2016-07-05,0
39384670.0,1.4626813536178916e+18,Other Cities,34.01939,1.0,2026-06-02,72
2356898.0,1.4625929207867653e+18,City of Los Angeles,34.09617,3.0,2026-04-07,20
1757749.0,1.4625776369050452e+18,City of Los Angeles,34.04823303222656,31.0,2025-09-15,1
23535330.0,1.4652745696863332e+18,City of Los Angeles,34.06996,30.0,nan,0
44828401.0,1.465665477928246e+18,Other Cities,34.09029,1.0,2026-06-10,104
14727082.0,1.4629454889075284e+18,City of Los Angeles,34.09889,30.0,2026-02-26,1
27179083.0,1.4654013732851177e+18,City of Los Angeles,34.14758,31.0,nan,0
45144584.0,1.465670076691503e+18,Unincorporated Areas,34.11348,1.0,2026-06-06,29
1458653.0,1.46251821537568e+18,City of Los Angeles,33.98393,30.0,2026-04-20,4
32928235.0,1.4654824040100849e+18,City of Los Angeles,33.99343,30.0,2026-03-22,1
5647446.0,1.4626858947157327e+18,City of Los Angeles,34.08722,3.0,nan,0
5488355.0,1.462682024664852e+18,City of Los Angeles,33.9937,30.0,2016-08-31,0
25406808.0,1.4653420136787935e+18,City of Los Angeles,34.07921,3.0,2026-02-21,6
36983744.0,1.4655508376364557e+18,Other Cities,33.84361,1.0,2026-06-15,38
41084092.0,1.465611365039339e+18,City of Los Angeles,33.99125289916992,30.0,2026-02-08,2
35921618.0,1.465532465090601e+18,City of Los Angeles,34.04963,30.0,2016-09-05,0
45390419.0,1.4656737124726175e+18,City of Los Angeles,34.03119,30.0,2015-11-28,0
6730614.0,1.4627138524126938e+18,City of Los Angeles,34.06721,30.0,2015-10-28,0
45550339.0,1.465676527930158e+18,City of Los Angeles,34.04428,1.0,2026-03-01,5
6325688.0,1.462703574663347e+18,Other Cities,34.11737,2.0,2017-05-28,0
7124797.0,1.4627240564097132e+18,Other Cities,34.03326,30.0,nan,0
18608066.0,1.4630575924864878e+18,City of Los Angeles,34.04597581918005,31.0,2025-12-24,1
3392276.0,1.4625296712410327e+18,City of Los Angeles,34.0476258,30.0,2026-04-18,3
43629107.0,1.46564778457731e+18,City of Los Angeles,34.04722,30.0,2023-08-08,0
2266231.0,1.462590536807991e+18,City of Los Angeles,34.09132,30.0,2016-06-14,0
3817812.0,1.4626401366803354e+18,City of Los Angeles,34.08204,31.0,2022-04-30,0
6504878.0,1.4627081441739095e+18,City of Los Angeles,34.03431,2.0,2026-06-14,22
43960341.0,1.4656529640538908e+18,Other Cities,34.15104,1.0,nan,0
1905015.0,1.4625210863243625e+18,Other Cities,33.78063,1.0,2026-05-24,13
3636523.0,1.4625310370649027e+18,Other Cities,34.00957,2.0,2017-07-30,0
10569529.0,1.462844132216409e+18,City of Los Angeles,34.11264,30.0,2025-06-27,1
40095109.0,1.4655981000283167e+18,City of Los Angeles,34.05399,30.0,2026-04-02,3
38294907.0,1.4626779741831437e+18,Other Cities,33.994,2.0,2026-06-13,15
36188232.0,1.4655374233564705e+18,City of Los Angeles,34.10019,30.0,2017-07-13,0
12842342.0,1.4628969163140316e+18,Other Cities,33.86953,30.0,2016-09-25,0
50231247.0,1.4657678918434632e+18,City of Los Angeles,34.09436,30.0,2025-05-30,0
35653125.0,1.4655267065571154e+18,City of Los Angeles,34.04389,30.0,nan,0
49190668.0,1.465748882058018e+18,City of Los Angeles,34.17056,30.0,2015-12-27,0
49588958.0,1.4627135236787978e+18,City of Los Angeles,34.05583,30.0,2020-11-22,0
49378661.0,1.4657527927571858e+18,City of Los Angeles,34.08452,30.0,2025-07-01,1
50767225.0,1.4657799573365012e+18,City of Los Angeles,34.13906,30.0,2019-12-01,0
10609520.0,1.4628450977387722e+18,City of Los Angeles,34.00229,30.0,2016-09-03,0
26018277.0,1.4653539747546685e+18,Other Cities,34.05755,3.0,2024-04-29,0
46814053.0,1.46570170009148e+18,City of Los Angeles,33.9881,30.0,2026-04-16,4
46329068.0,1.4656938750344435e+18,Unincorporated Areas,34.12233,15.0,2026-05-26,8
670790.0,1.462513424919951e+18,City of Los Angeles,34.1244010925293,1.0,2026-05-31,6
32789144.0,1.4654806131654963e+18,City of Los Angeles,34.01224,30.0,2015-11-10,0
34221358.0,1.4655015362501394e+18,City of Los Angeles,34.06402,30.0,2017-04-17,0
47789967.0,1.4657219770086292e+18,City of Los Angeles,33.99372,3.0,2026-06-15,39
18597200.0,1.4630574191436572e+18,Unincorporated Areas,33.99255,2.0,2016-06-07,0
32391046.0,1.4654756050982856e+18,City of Los Angeles,34.03752,364.0,2016-05-08,0
32375286.0,1.465475414707513e+18,City of Los Angeles,33.72121,2.0,2026-05-03,19
44684563.0,1.4656632561102295e+18,City of Los Angeles,34.15827,2.0,2026-05-16,27
49386735.0,1.4657529229818831e+18,City of Los Angeles,34.065174,30.0,2019-11-12,0
22413744.0,1.4631792033234076e+18,City of Los Angeles,34.17871,30.0,2019-08-18,0
46587619.0,1.4656977877999729e+18,City of Los Angeles,34.14139,30.0,2024-05-19,0
867995.0,1.4625317743804063e+18,City of Los Angeles,33.99282,89.0,nan,0
49671413.0,1.4657586701921836e+18,Other Cities,33.86028,30.0,2026-02-28,2
25326961.0,1.465340288112116e+18,City of Los Angeles,33.98614,31.0,2026-05-18,3
6790833.0,1.46271536269715e+18,Other Cities,34.15073,2.0,2026-05-26,26
50831415.0,1.4657829690389778e+18,City of Los Angeles,33.99734,30.0,nan,0
22179299.0,1.4626204236337454e+18,Other Cities,34.08758,60.0,2023-07-28,0
52091735.0,1.4658228952061128e+18,City of Los Angeles,34.01035,30.0,2019-03-18,0
52436823.0,1.4658485216555343e+18,Unincorporated Areas,34.20595,1.0,2026-06-01,14
15878447.0,1.4625957513557786e+18,Other Cities,34.05946,3.0,2026-02-02,4
13585082.0,1.4625869651313925e+18,City of Los Angeles,34.17916,30.0,2026-05-01,2
489690.0,1.4625197213499535e+18,Other Cities,34.01601,30.0,2023-08-15,0
39063194.0,1.4655834112295104e+18,Other Cities,33.35297,1.0,2026-05-10,15
1887110.0,1.4625209856658363e+18,Other Cities,33.84474,30.0,2020-02-16,0
35666009.0,1.465526880500654e+18,Other Cities,34.15075,1.0,2026-02-02,5
19597415.0,1.4630835071574298e+18,City of Los Angeles,34.06899,30.0,2018-07-22,0
8141562.0,1.4627502233786555e+18,Other Cities,33.84039,28.0,2026-05-17,7
50457031.0,1.4657732131336911e+18,City of Los Angeles,34.1388,30.0,2025-09-03,1
3607382.0,1.462530873309135e+18,City of Los Angeles,34.00586,30.0,2024-01-09,0
14165011.0,1.462932085390113e+18,Other Cities,34.08722032043604,3.0,2026-04-08,2
52719339.0,1.4658541477639977e+18,Other Cities,33.85604,30.0,2025-11-02,3
11588136.0,1.4628682695565532e+18,Other Cities,33.7667227,3.0,2026-06-14,25
20609698.0,1.4626138274208474e+18,City of Los Angeles,34.00166,30.0,2020-03-13,0
46976086.0,1.4657043977372554e+18,City of Los Angeles,34.17263,30.0,2025-01-28,0
2801465.0,1.4626089570029558e+18,Other Cities,34.0371,3.0,2026-05-27,33
13381323.0,1.4629099389940726e+18,City of Los Angeles,34.07541,30.0,nan,0
2911272.0,1.4626122378592763e+18,Other Cities,34.07409,2.0,2023-07-05,0
40440635.0,1.4656027194753303e+18,Other Cities,34.021889,7.0,2024-06-19,0
4941700.0,1.4625380310674284e+18,City of Los Angeles,34.0909,30.0,2024-11-06,0
57049840.0,1.4627361801892603e+18,Other Cities,33.92711,2.0,2026-06-06,59
38774068.0,1.4655795559559027e+18,City of Los Angeles,34.0941356,30.0,2026-06-02,1
57675050.0,1.4666914530142095e+18,Other Cities,34.16959,1.0,2022-05-30,0
51873164.0,1.4658178517184742e+18,Other Cities,34.0133,2.0,2026-05-11,21
47331910.0,1.4657136262491044e+18,Unincorporated Areas,34.24083,1.0,2016-11-20,0
13856090.0,1.4629248794630838e+18,City of Los Angeles,34.20794,30.0,2026-06-03,2
58360256.0,1.4666995021546744e+18,Other Cities,34.0264,30.0,2026-06-16,4
59188926.0,1.466713010422134e+18,City of Los Angeles,34.0817,31.0,2026-03-15,3
57477499.0,1.4659398484232952e+18,City of Los Angeles,34.15465,30.0,2026-06-07,5
25325838.0,1.4653402827164006e+18,City of Los Angeles,34.01411,2.0,2026-05-30,19
62180436.0,1.4667658672783357e+18,City of Los Angeles,34.06686,30.0,2021-06-10,0
40238989.0,1.4656000468851336e+18,City of Los Angeles,34.02194,1.0,2026-06-14,105
62824021.0,1.4627515476259628e+18,City of Los Angeles,34.13382,2.0,2026-05-26,30
48711945.0,1.4657390723507318e+18,City of Los Angeles,34.04329079119416,31.0,2026-02-21,2
63293038.0,1.466781308862145e+18,Other Cities,34.08044,3.0,2022-01-11,0
63527246.0,1.466784178752937e+18,City of Los Angeles,34.095392682447205,30.0,2023-08-10,0
35262076.0,1.4626681124467466e+18,Other Cities,34.02586,2.0,2026-06-01,14
34325180.0,1.465503513003287e+18,City of Los Angeles,34.09391,30.0,2017-04-09,0
1381694.0,1.4625442824221312e+18,City of Los Angeles,34.17002,30.0,2022-08-26,0
763972.0,1.462514061359774e+18,City of Los Angeles,33.98897,30.0,2026-03-23,4
65150975.0,1.4668055115899274e+18,City of Los Angeles,34.22246,1.0,2026-05-05,22
173679.0,1.462511713495091e+18,Other Cities,34.17024,1.0,2026-05-31,23
64794658.0,1.4668012347765722e+18,City of Los Angeles,34.21102,30.0,2026-06-04,2
34013135.0,1.4654970250784366e+18,City of Los Angeles,34.05444675008176,31.0,2019-11-12,0
63147116.0,1.4667795280426322e+18,Unincorporated Areas,33.98954,4.0,2026-06-06,27
64462833.0,1.466795861907387e+18,City of Los Angeles,34.13026,30.0,nan,0
41000134.0,1.4656102013452175e+18,Other Cities,33.98515,1.0,2024-08-18,0
26882871.0,1.465384104185533e+18,City of Los Angeles,34.12508,30.0,nan,0
25922349.0,1.4653522858450831e+18,City of Los Angeles,34.04489,30.0,2023-11-11,0
45621859.0,1.465677922921309e+18,City of Los Angeles,34.20042,30.0,2025-01-21,0
44011543.0,1.465653685974535e+18,Other Cities,33.79842,2.0,2016-05-30,0
8962972.0,1.4627914105136072e+18,City of Los Angeles,33.992294,1.0,2026-05-27,3
68246933.0,1.4668435610456113e+18,City of Los Angeles,34.17906,30.0,2024-02-26,0
33447191.0,1.4654894327392274e+18,Other Cities,34.03952,90.0,2024-12-27,0
27447027.0,1.4626410466184233e+18,Other Cities,34.07626,31.0,2018-09-15,0
39639621.0,1.4655919493140424e+18,Unincorporated Areas,34.09309,2.0,2017-09-29,0
128043205.0,1.4682863164535124e+18,Unincorporated Areas,34.5165,2.0,2023-05-30,0
18944307.0,1.4626077206384064e+18,City of Los Angeles,33.95535,2.0,2026-05-19,5
33750867.0,1.4654934403899277e+18,City of Los Angeles,34.06717,30.0,2016-08-24,0
19195450.0,1.4630716564438508e+18,Other Cities,34.00422,3.0,2022-01-01,0
50125888.0,1.4657661467299397e+18,Other Cities,34.06009523052519,30.0,2025-02-24,0
74903517.0,1.4669214095113231e+18,City of Los Angeles,34.03239,32.0,2022-10-12,0
67245078.0,1.4668309520014991e+18,Unincorporated Areas,34.51129,1.0,2026-04-03,16
67673910.0,1.4668360641817132e+18,Other Cities,34.16561,2.0,2016-06-13,0
58243169.0,1.4666980847855946e+18,City of Los Angeles,34.08807,31.0,2026-04-16,2
5548801.0,1.4625411837981123e+18,City of Los Angeles,33.99612,30.0,2019-02-08,0
50773015.0,1.4627175482888625e+18,City of Los Angeles,34.05768,30.0,2025-12-31,1
11351063.0,1.4628628408246467e+18,Other Cities,34.00263,31.0,2021-04-15,0
34774016.0,1.4626664322144166e+18,Other Cities,33.81728,31.0,nan,0
71200361.0,1.4668808418611866e+18,City of Los Angeles,34.15575990546339,1.0,2026-06-08,39
71252758.0,1.4627945362586186e+18,City of Los Angeles,34.09353,1.0,2026-06-07,72
8663618.0,1.462773169892229e+18,City of Los Angeles,34.02758,30.0,2020-02-10,0
76193908.0,1.466934936558596e+18,Other Cities,33.97532,1.0,2016-08-25,0
76378212.0,1.4669368755527741e+18,Other Cities,33.82974,7.0,nan,0
71194648.0,1.4668808013883845e+18,Other Cities,34.0654,7.0,2025-12-30,2
71376482.0,1.4627948586721836e+18,Other Cities,34.08669,30.0,2023-03-04,0
70677405.0,1.462793119789509e+18,Other Cities,34.12175,3.0,2026-03-01,2
11732539.0,1.462871817269274e+18,City of Los Angeles,34.11339,30.0,2017-09-06,0
22122445.0,1.4631721413088758e+18,Other Cities,34.08751,1.0,2026-05-25,31
57585672.0,1.4659420944154737e+18,Unincorporated Areas,33.98523,6.0,2020-02-12,0
82184862.0,1.466997575685962e+18,Unincorporated Areas,33.98486,3.0,2026-03-29,7
83090683.0,1.467006686922797e+18,City of Los Angeles,34.19703,30.0,nan,0
76627276.0,1.4669395454837888e+18,Other Cities,34.09064,30.0,2026-06-06,4
86931880.0,1.467046176665105e+18,Unincorporated Areas,33.98903,1.0,2023-06-05,0
87374252.0,1.4670506122761236e+18,City of Los Angeles,34.063673162588174,30.0,2024-07-23,0
3035887.0,1.4626155153515295e+18,City of Los Angeles,34.09189,30.0,2025-05-10,0
2140600.0,1.4625874110684383e+18,City of Los Angeles,34.0054,30.0,nan,0
87968139.0,1.4670566349013932e+18,City of Los Angeles,33.98098,30.0,2023-10-15,0
87991228.0,1.4670570751816292e+18,City of Los Angeles,34.08899,30.0,2020-11-13,0
4068871.0,1.462646558940198e+18,City of Los Angeles,34.06487,30.0,2016-09-06,0
4761329.0,1.462664861515472e+18,Other Cities,33.90501,3.0,2026-05-05,12
49430281.0,1.4657544261288192e+18,Other Cities,34.01024,31.0,2026-05-23,6
34400687.0,1.4655046620180355e+18,City of Los Angeles,34.07757,30.0,nan,0
65758777.0,1.46276998696442e+18,Other Cities,34.10018522106168,1.0,2026-05-08,8
11987729.0,1.462877661241162e+18,City of Los Angeles,33.99818,30.0,2024-10-28,0
77108046.0,1.4669444321122158e+18,City of Los Angeles,34.210991705725824,30.0,2016-11-13,0
78921524.0,1.4669655759495808e+18,City of Los Angeles,34.07784,30.0,2020-03-14,0
305373138.0,1.5293289168579356e+18,City of Los Angeles,34.18947,30.0,2021-11-02,0
3126965.0,1.462619579913514e+18,Other Cities,34.157020568847656,5.0,2026-06-05,20
6138475.0,1.4626988883500014e+18,City of Los Angeles,34.10454,30.0,2020-01-03,0
64075297.0,1.4667907949392433e+18,City of Los Angeles,34.08425,2.0,2026-06-15,32
84615808.0,1.4670217652800812e+18,Unincorporated Areas,34.50902,1.0,2020-03-08,0
50773015.0,1.4627175482888625e+18,City of Los Angeles,34.05861,30.0,2026-02-18,2
387934140.0,1.4698000242242294e+18,Unincorporated Areas,33.93909,1.0,2026-05-27,60
58360256.0,1.4666995021546744e+18,Other Cities,34.02712,30.0,2026-05-02,2
78036636.0,1.4669560938351311e+18,City of Los Angeles,34.10117,30.0,2026-03-24,2
33165248.0,1.4654857086248678e+18,City of Los Angeles,34.09826,1.0,2026-06-15,41
1681732.0,1.4625196764217782e+18,City of Los Angeles,34.16182,30.0,2024-02-26,0
90563632.0,1.4670959031171108e+18,City of Los Angeles,34.06165,30.0,nan,0
27267933.0,1.4654025915481981e+18,City of Los Angeles,33.98814,3.0,2025-12-30,2
89943831.0,1.4670890255514575e+18,City of Los Angeles,34.04923,30.0,2016-09-13,0
11351063.0,1.4628628408246467e+18,City of Los Angeles,33.99782,31.0,2022-06-07,0
75839797.0,1.4669311254805583e+18,City of Los Angeles,34.13176,30.0,2021-07-07,0
75277436.0,1.4628149079459663e+18,City of Los Angeles,34.06406,30.0,2026-03-19,3
8441797.0,1.4627678966669297e+18,City of Los Angeles,34.03781,30.0,2025-11-22,4
63147116.0,1.4667795280426322e+18,Unincorporated Areas,33.99046,4.0,2026-06-08,30
28575618.0,1.4654218154896763e+18,Other Cities,34.01229,28.0,2025-01-31,0
15811971.0,1.46297126413704e+18,City of Los Angeles,34.09111,1.0,2026-05-25,37
87839802.0,1.467055365447426e+18,City of Los Angeles,34.08173617433247,30.0,nan,0
97283465.0,1.4671719515153347e+18,Other Cities,34.11685,30.0,2026-03-31,1
4051877.0,1.4625333081253317e+18,Other Cities,34.08223,28.0,2026-06-07,3
92357739.0,1.467116571749749e+18,Other Cities,34.07381,1.0,2026-04-16,24
25326961.0,1.465340288112116e+18,City of Los Angeles,33.99105,31.0,2026-04-02,5
93202163.0,1.4628552226105748e+18,City of Los Angeles,34.17566,1.0,2026-06-04,15
80570814.0,1.4628270440299648e+18,Other Cities,34.12421,2.0,2026-04-19,18
15775229.0,1.462970388820935e+18,Other Cities,34.01354,30.0,2023-10-01,0
50769015.0,1.4657799729100795e+18,City of Los Angeles,34.10407,30.0,2026-01-14,2
94388825.0,1.4671387291227502e+18,Other Cities,34.13119,30.0,2026-02-13,2
4051877.0,1.4625333081253317e+18,Other Cities,33.88854,15.0,2024-12-31,0
94868006.0,1.4671439169384932e+18,City of Los Angeles,34.18013,5.0,2026-03-15,7
75518780.0,1.4628155249971356e+18,Other Cities,33.94204,1.0,2026-05-15,28
23778624.0,1.465278493124272e+18,Other Cities,34.40769577026367,2.0,2026-04-30,28
90659293.0,1.4670968679417372e+18,City of Los Angeles,34.15883,30.0,2024-06-03,0
88823856.0,1.4670776972014984e+18,Unincorporated Areas,34.08052,1.0,2026-02-23,29
24975340.0,1.4626316188507494e+18,City of Los Angeles,34.06175,30.0,2025-02-23,0
3564471.0,1.4626326624289044e+18,City of Los Angeles,34.0000659,30.0,2026-02-11,8
49390446.0,1.4627128688075092e+18,Other Cities,33.81850370645273,1.0,2026-04-19,12
6457164.0,1.4625456742916493e+18,Other Cities,34.0925,31.0,2018-08-05,0
63278128.0,1.4667811445272458e+18,Other Cities,34.06374,2.0,2018-08-19,0
99397355.0,1.4671948706429494e+18,City of Los Angeles,33.99637,1.0,2026-06-07,29
99824735.0,1.467199551620229e+18,City of Los Angeles,34.0139,1.0,2026-06-08,8
18935933.0,1.4630656120646874e+18,Other Cities,34.09457,294.0,nan,0
101555046.0,1.462873927854091e+18,Other Cities,34.03934,1.0,2026-05-28,10
48899516.0,1.4657429041257746e+18,Unincorporated Areas,34.17195,1.0,2026-06-09,13
9355641.0,1.4628119923201016e+18,Other Cities,34.01531,3.0,2025-10-25,14
100307715.0,1.4672044873508736e+18,City of Los Angeles,34.16861,30.0,2025-10-07,1
95037261.0,1.4671457556198333e+18,City of Los Angeles,33.99313,31.0,2025-12-20,1
2852812.0,1.4626106733167053e+18,City of Los Angeles,33.9815,3.0,2026-05-27,22
110652564.0,1.4628969201807508e+18,City of Los Angeles,34.14376,30.0,2023-07-22,0
5469474.0,1.4625407767883023e+18,City of Los Angeles,34.03862,30.0,2023-06-09,0
80936887.0,1.4669852079750802e+18,City of Los Angeles,34.1715,30.0,2019-01-01,0
4780152.0,1.4625372374553434e+18,City of Los Angeles,34.04229,30.0,nan,0
28897267.0,1.465426024237132e+18,City of Los Angeles,33.92957,1.0,2024-02-06,0
14280429.0,1.46293465994476e+18,City of Los Angeles,34.101,30.0,nan,0
51435586.0,1.4658036870563016e+18,City of Los Angeles,34.04995,30.0,2020-03-16,0
193390.0,1.4625123166186747e+18,City of Los Angeles,34.12343215942383,30.0,2024-01-31,0
4456469.0,1.462657940674761e+18,City of Los Angeles,34.09119,2.0,2026-05-26,42
5971563.0,1.4625432323690726e+18,Other Cities,33.7855,31.0,2025-11-08,1
106210386.0,1.4628859436249567e+18,Other Cities,34.15194,4.0,2025-08-12,2
4051877.0,1.4625333081253317e+18,Other Cities,33.88854,28.0,2026-05-30,6
112343095.0,1.467356593272391e+18,Other Cities,33.86931228637695,2.0,2026-06-07,25
26427208.0,1.4653666400524933e+18,City of Los Angeles,33.99883,30.0,2017-01-04,0
5703433.0,1.4626873433784786e+18,City of Los Angeles,33.74343,1.0,2026-06-07,20
5123520.0,1.462673373306289e+18,City of Los Angeles,34.10205,30.0,2026-02-11,2
73192868.0,1.4628099305332012e+18,City of Los Angeles,34.14187,32.0,nan,0
74076139.0,1.4628119895378412e+18,City of Los Angeles,34.0951186,30.0,2025-01-22,0
48095400.0,1.4657266935993828e+18,Other Cities,33.83721,3.0,2026-04-23,6
21236506.0,1.4631500262071547e+18,City of Los Angeles,34.17068261944273,30.0,2017-08-04,0
108916025.0,1.4673191366204467e+18,City of Los Angeles,34.1935,31.0,2019-09-01,0
68672147.0,1.4668492327309844e+18,Other Cities,34.01619,31.0,2025-01-02,0
48011452.0,1.4627084460379684e+18,Other Cities,33.79784,4.0,2023-02-20,0
137208709.0,1.5293222596147517e+18,Other Cities,33.77282,31.0,2022-06-15,0
21817201.0,1.4626187284018227e+18,Other Cities,34.03877,1.0,2026-05-30,51
113423580.0,1.4681721600711956e+18,City of Los Angeles,34.04995,30.0,2024-03-01,0
5112516.0,1.4625389879277617e+18,City of Los Angeles,34.11557,31.0,2019-04-05,0
114101100.0,1.468176727463557e+18,City of Los Angeles,34.02698,30.0,2024-10-01,0
5599566.0,1.4626846886039465e+18,City of Los Angeles,34.10577,30.0,2019-10-19,0
55831336.0,1.4659141746511882e+18,City of Los Angeles,34.08465,30.0,2025-11-30,1
172726248.0,1.463057416103409e+18,City of Los Angeles,34.18069,31.0,2025-04-26,0
125287081.0,1.468263139577032e+18,Other Cities,34.5635,2.0,2026-05-15,1
95244670.0,1.4671480240202038e+18,Unincorporated Areas,33.98987,1.0,2019-05-29,0
43052234.0,1.4656392495270792e+18,City of Los Angeles,34.09985,2.0,2020-11-26,0
100665214.0,1.4672085774955197e+18,City of Los Angeles,34.13926,30.0,2026-03-31,1
23399216.0,1.4626251013171612e+18,City of Los Angeles,33.99,1.0,2026-06-04,62
10707682.0,1.4628477035890834e+18,Other Cities,33.80773,31.0,2026-02-01,4
36744431.0,1.4655475226981074e+18,City of Los Angeles,34.10413,30.0,2025-12-21,2
65773050.0,1.4627700248674248e+18,Other Cities,34.17355,2.0,2026-06-15,45
118262470.0,1.4629134959594102e+18,City of Los Angeles,34.0594298,30.0,2024-04-16,0
118431743.0,1.4682096794373312e+18,City of Los Angeles,34.02303,30.0,2026-03-16,2
118860996.0,1.4682131659109053e+18,Other Cities,34.081,1.0,2025-10-26,1
126012136.0,1.4629304790182003e+18,Unincorporated Areas,33.99216842651367,1.0,2025-02-22,0
71805340.0,1.4668877526192325e+18,City of Los Angeles,34.0231,30.0,2022-03-15,0
110317837.0,1.467334239203498e+18,City of Los Angeles,34.09846,30.0,nan,0
121700442.0,1.4682356006228206e+18,City of Los Angeles,34.09557,30.0,2025-08-09,1
25328367.0,1.465340300537992e+18,Other Cities,34.03513,1.0,2026-05-23,51
108865532.0,1.4673186104165972e+18,City of Los Angeles,34.0561,30.0,2019-10-18,0
7208794.0,1.462726105819827e+18,City of Los Angeles,34.11654,1.0,2026-06-01,25
123633238.0,1.468249769956429e+18,City of Los Angeles,34.02998,30.0,2026-01-18,1
9197998.0,1.462568507264364e+18,City of Los Angeles,34.14852,30.0,2025-07-10,1
2956289.0,1.4626134470179704e+18,City of Los Angeles,34.095390797344386,30.0,2026-05-26,6
126365304.0,1.4682721028158257e+18,Other Cities,34.09439,30.0,2025-04-30,0
67770659.0,1.4668374064094904e+18,Unincorporated Areas,33.92375,1.0,2026-06-10,135
103337122.0,1.4672407999285647e+18,Other Cities,34.15794,30.0,2026-05-23,2
127587231.0,1.4682825020391224e+18,Other Cities,34.02308,1.0,2025-11-15,16
55159797.0,1.4659041468125202e+18,Unincorporated Areas,34.1052,1.0,2026-05-31,6
74498342.0,1.466916852641863e+18,Other Cities,34.14566,1.0,2019-12-13,0
81961040.0,1.4669953301578975e+18,Other Cities,34.15528,3.0,2026-03-16,16
119316616.0,1.4629158530641743e+18,City of Los Angeles,34.03531,30.0,2022-02-22,0
73581592.0,1.4628108209462948e+18,City of Los Angeles,34.03548,2.0,2026-05-24,20
118262470.0,1.4629134959594102e+18,City of Los Angeles,34.0832726,30.0,2024-10-06,0
129593839.0,1.4682995534688858e+18,City of Los Angeles,34.09458,30.0,2026-01-25,1
129957753.0,1.468302800237015e+18,Unincorporated Areas,33.9774,2.0,2026-06-01,23
86022687.0,1.4670358273138688e+18,Other Cities,34.06247,14.0,2024-10-27,0
130464924.0,1.4683072134232417e+18,Other Cities,33.96444,1.0,2026-06-15,7
44310210.0,1.4626965869524995e+18,Other Cities,33.83075,1.0,2025-06-16,1
7706307.0,1.462562076424768e+18,Other Cities,34.01211,1.0,2026-06-10,35
21183727.0,1.4631487436815365e+18,City of Los Angeles,33.99183,30.0,2022-02-01,0
46498756.0,1.4656964940431864e+18,City of Los Angeles,34.12115,30.0,2018-08-06,0
81669822.0,1.466992398508065e+18,Other Cities,34.12034,3.0,nan,0
14343052.0,1.462936348436317e+18,City of Los Angeles,34.0908,30.0,2019-08-13,0
124923120.0,1.468260125373098e+18,Other Cities,33.77981185913086,31.0,2026-05-17,3
3796372.0,1.4626396557685996e+18,Unincorporated Areas,34.106179314962915,1.0,nan,0
7978870.0,1.462746110442815e+18,City of Los Angeles,33.97927,30.0,2025-01-01,0
105629562.0,1.462884416896293e+18,City of Los Angeles,34.09649,31.0,2026-05-04,4
84732199.0,1.4628363744778253e+18,Other Cities,34.03354,1.0,2026-04-12,15
107501554.0,1.4673028764484657e+18,City of Los Angeles,34.08238,30.0,nan,0
133787474.0,1.468335878530991e+18,City of Los Angeles,34.083309,31.0,2026-06-08,3
880382.0,1.462532172379761e+18,City of Los Angeles,34.00035,2.0,2025-11-15,4
33611865.0,1.462662494614322e+18,City of Los Angeles,34.06094,31.0,2025-05-31,0
17787808.0,1.4626037229634383e+18,City of Los Angeles,34.17705,31.0,2017-10-18,0
94090110.0,1.4671354816131686e+18,City of Los Angeles,34.103759968681544,30.0,2017-07-31,0
137557074.0,1.4683671409653345e+18,City of Los Angeles,34.09147,30.0,2022-07-10,0
137586451.0,1.4629565681345518e+18,City of Los Angeles,34.02903,30.0,nan,0
130770788.0,1.4683097784859249e+18,City of Los Angeles,34.06358,30.0,2022-03-27,0
114902062.0,1.4681822003604436e+18,Other Cities,33.80636549125123,1.0,2026-06-01,18
31433508.0,1.4654621707666977e+18,Other Cities,33.87567,31.0,nan,0
131861736.0,1.4629437700743933e+18,City of Los Angeles,34.04619,30.0,2021-08-29,0
15775229.0,1.462970388820935e+18,Other Cities,34.01386,30.0,2025-05-18,0
9193448.0,1.4628078893370806e+18,City of Los Angeles,34.1033,30.0,2018-01-24,0
2871168.0,1.4626111311790185e+18,Other Cities,33.98124,5.0,2024-11-02,0
21236506.0,1.4631500262071547e+18,City of Los Angeles,34.17055,30.0,nan,0
17161209.0,1.4630035564106445e+18,City of Los Angeles,34.1634,1.0,2026-06-07,55
92251416.0,1.467114283375585e+18,City of Los Angeles,34.21125,31.0,2026-06-06,3
11351063.0,1.4628628408246467e+18,City of Los Angeles,33.98411,4.0,2026-03-31,8
121351897.0,1.4682327831730263e+18,Unincorporated Areas,33.96652,2.0,2017-12-27,0
32721931.0,1.4654797749832072e+18,Other Cities,34.15698,31.0,2025-12-17,1
3392276.0,1.4625296712410327e+18,City of Los Angeles,34.04617,30.0,2024-08-30,0
66979824.0,1.4668274461113434e+18,City of Los Angeles,34.17449,30.0,2019-01-01,0
135714434.0,1.4683521389357978e+18,Other Cities,33.83039,1.0,2017-08-07,0
14403321.0,1.4625901369809464e+18,City of Los Angeles,34.05084,1.0,2026-05-22,35
16047618.0,1.4625963841037245e+18,City of Los Angeles,34.07636,30.0,nan,0
733870.0,1.4625277054246408e+18,Other Cities,33.9050178527832,2.0,2026-06-09,2
147390855.0,1.5293229994883395e+18,City of Los Angeles,34.08771,1.0,2026-05-30,103
7706794.0,1.4627390754202217e+18,City of Los Angeles,34.07445,31.0,2026-05-13,5
31866288.0,1.4654683255073313e+18,Other Cities,33.76321,31.0,2026-01-06,3
70069959.0,1.466867536631609e+18,City of Los Angeles,34.12314,30.0,2021-11-26,0
20012043.0,1.462611474598351e+18,Other Cities,33.78633,3.0,2026-06-07,8
50106928.0,1.462715265437685e+18,City of Los Angeles,34.0448,30.0,2021-04-24,0
11638133.0,1.4628694079144753e+18,Other Cities,34.19341,1.0,2026-05-23,69
132234630.0,1.4683227571432445e+18,City of Los Angeles,34.17058,30.0,2017-12-25,0
41678744.0,1.465619910225303e+18,Other Cities,34.00102,2.0,2019-03-07,0
73474477.0,1.4669060764595466e+18,City of Los Angeles,34.04342,30.0,2018-06-04,0
4670553.0,1.4626628972936404e+18,City of Los Angeles,34.10688,30.0,2020-02-17,0
31410508.0,1.4654619453548163e+18,City of Los Angeles,34.05042,30.0,2023-08-07,0
2096975.0,1.4625862578977656e+18,Other Cities,34.07025,5.0,nan,0
7838129.0,1.4627425262275057e+18,City of Los Angeles,33.99101,2.0,2026-06-07,36
14864202.0,1.4629487190550129e+18,City of Los Angeles,34.07938,30.0,2017-08-07,0
74498264.0,1.4669168517580785e+18,City of Los Angeles,34.02196,30.0,2026-03-20,3
147106089.0,1.4684430946376084e+18,Other Cities,34.1425,1.0,2026-06-01,9
14005028.0,1.4629283099405455e+18,City of Los Angeles,34.04375,30.0,2020-09-26,0
148822379.0,1.4684565990437768e+18,Other Cities,33.88989,1.0,2026-05-04,2
143035734.0,1.4684109783019446e+18,City of Los Angeles,34.08196,30.0,2017-10-29,0
68567964.0,1.4668471845264233e+18,Other Cities,34.07773,1.0,2026-06-14,30
70007634.0,1.4668667688384003e+18,Other Cities,33.91254,1.0,2026-06-15,117
145255025.0,1.462973095926541e+18,Unincorporated Areas,34.14468,1.0,2026-05-06,17
39681280.0,1.4655924984735214e+18,City of Los Angeles,34.00192677344314,2.0,2026-06-03,14
101537031.0,1.4628738812383334e+18,City of Los Angeles,34.10317,31.0,2024-03-04,0
61026839.0,1.466751271439697e+18,Other Cities,34.03994,1.0,2026-02-19,1
183557952.0,1.4689486191774244e+18,City of Los Angeles,34.095420837402344,30.0,nan,0
2842769.0,1.4626104211473664e+18,City of Los Angeles,34.11424,30.0,2021-08-22,0
153112733.0,1.4629908778526182e+18,Other Cities,34.57928,2.0,2021-03-08,0
82511320.0,1.4670008852705992e+18,Other Cities,34.20881,2.0,2026-05-30,20
137694288.0,1.468368303983177e+18,Unincorporated Areas,33.9418,1.0,2026-06-03,23
29954098.0,1.465441349671899e+18,City of Los Angeles,34.15801,30.0,nan,0
30572195.0,1.4654498779306012e+18,City of Los Angeles,34.103882672714676,30.0,2019-08-25,0
147106089.0,1.4684430946376084e+18,Other Cities,34.14263,3.0,2026-01-24,7
150522224.0,1.468480217996581e+18,City of Los Angeles,34.11913,1.0,2026-06-01,68
142065266.0,1.4629662704044513e+18,City of Los Angeles,34.05687,30.0,2024-04-01,0
40319922.0,1.465601095991009e+18,Other Cities,34.14914,7.0,2024-06-23,0
12138102.0,1.4628809415587817e+18,City of Los Angeles,34.08746,30.0,2017-10-09,0
33051546.0,1.4626605777563528e+18,City of Los Angeles,34.16912,30.0,2025-07-08,1
54780056.0,1.4627298340664763e+18,City of Los Angeles,34.06292,30.0,2017-12-28,0
80084882.0,1.4628259631072443e+18,City of Los Angeles,34.18876,2.0,2026-05-21,18
62663141.0,1.4667732372550234e+18,City of Los Angeles,34.05255,30.0,2024-06-30,0
150512489.0,1.4629850365406712e+18,City of Los Angeles,34.1481,30.0,2024-07-01,0
102552338.0,1.462876477383954e+18,City of Los Angeles,34.0425,30.0,2022-05-09,0
1553281.0,1.462518853204479e+18,Other Cities,34.08722,1.0,2018-09-18,0
143538268.0,1.4684147242496284e+18,City of Los Angeles,34.01095,30.0,2020-10-12,0
101777734.0,1.4672213740717622e+18,Other Cities,33.88537,1.0,2026-03-23,10
52816914.0,1.465855672248183e+18,Other Cities,33.87845,30.0,2018-09-13,0
2563156.0,1.4625986549558868e+18,City of Los Angeles,33.96345,30.0,2019-10-13,0
33994821.0,1.4626638414961618e+18,City of Los Angeles,34.11361,3.0,2026-05-18,15
44018706.0,1.4626956381944576e+18,Other Cities,34.177673,2.0,2026-06-01,18
30550719.0,1.4654495726706788e+18,City of Los Angeles,34.08791,30.0,2018-06-24,0
47788766.0,1.4657217675817564e+18,Other Cities,34.09837,2.0,2026-05-31,15
159477306.0,1.4685522865454866e+18,City of Los Angeles,34.11937,2.0,2026-06-13,52
36081874.0,1.465535940340377e+18,City of Los Angeles,33.97808,30.0,2019-12-10,0
64455006.0,1.466795795392691e+18,Unincorporated Areas,34.10555,1.0,2026-05-30,4
56731063.0,1.4627353270073231e+18,Other Cities,34.05356,31.0,2026-05-31,8
4933080.0,1.4626687573876943e+18,City of Los Angeles,34.05155,30.0,nan,0
152416865.0,1.4684952987893537e+18,City of Los Angeles,34.06885,30.0,nan,0
111778760.0,1.4628994835278397e+18,Other Cities,33.7926,14.0,2024-01-21,0
24303784.0,1.4626287657205862e+18,Other Cities,34.04068,2.0,2026-05-11,13
21944524.0,1.4626192421264407e+18,Other Cities,34.16324,1.0,2026-06-12,92
154104401.0,1.46850877099618e+18,Other Cities,34.1717,2.0,2026-06-10,38
154127015.0,1.4685089253282424e+18,Other Cities,34.06318,20.0,2026-04-30,2
58516569.0,1.4627402786756337e+18,City of Los Angeles,34.12394,30.0,nan,0
155280237.0,1.4629959469842243e+18,Other Cities,33.87636,1.0,2024-10-23,0
155932732.0,1.4685222134027773e+18,City of Los Angeles,33.95564,30.0,2026-05-30,5
158574568.0,1.4685446020391337e+18,City of Los Angeles,34.06776,3.0,2026-06-07,46
158616409.0,1.4685449489669947e+18,Unincorporated Areas,34.40878,14.0,nan,0
48796175.0,1.4657408854591017e+18,City of Los Angeles,34.16284,30.0,nan,0
71726285.0,1.462795763299119e+18,City of Los Angeles,34.017677049811056,30.0,nan,0
111831128.0,1.4673510073844564e+18,Other Cities,34.13716,2.0,2018-01-16,0
158864307.0,1.468547109250103e+18,City of Los Angeles,34.019009541391824,60.0,2025-08-08,1
14008487.0,1.4629283592705654e+18,City of Los Angeles,34.16381,2.0,2026-05-31,27
13231841.0,1.462906386738254e+18,Other Cities,34.01179,2.0,2026-05-25,25
44868586.0,1.465666082241041e+18,Unincorporated Areas,33.81567,1.0,2026-05-31,40
65000336.0,1.4668038118532088e+18,City of Los Angeles,34.0466,30.0,2025-06-06,0
106548111.0,1.4628868596077827e+18,Other Cities,33.34323,2.0,2024-09-02,0
7356043.0,1.4625604982517924e+18,City of Los Angeles,34.08386,30.0,2025-04-22,0
94697834.0,1.4671421137282104e+18,Other Cities,34.63028,1.0,2026-02-19,21
163476998.0,1.46859075706248e+18,City of Los Angeles,34.11573,3.0,2026-05-15,2
6537297.0,1.4627089491058427e+18,City of Los Angeles,34.04186,30.0,2020-05-27,0
5085244.0,1.4626724905583388e+18,City of Los Angeles,34.05889,30.0,2023-04-21,0
115098385.0,1.462906496561395e+18,Other Cities,33.89196,1.0,2026-06-08,23
165476987.0,1.468606504584852e+18,City of Los Angeles,34.102287,2.0,2026-04-18,7
161161418.0,1.4630101097227668e+18,City of Los Angeles,34.03566,30.0,2019-06-16,0
161217972.0,1.4630104063182876e+18,Other Cities,34.15649,3.0,2026-05-05,7
19863759.0,1.463093202047797e+18,Other Cities,33.87671,30.0,nan,0
11855936.0,1.4625802057133524e+18,Other Cities,33.88234,1.0,2025-08-05,4
75983389.0,1.4628165931343654e+18,Other Cities,34.15418,2.0,2026-04-18,10
90722042.0,1.4670975216720412e+18,Other Cities,34.137,30.0,2019-05-31,0
68672147.0,1.4668492327309844e+18,Other Cities,34.01734,31.0,2025-03-08,0
96220702.0,1.4628619744604426e+18,City of Los Angeles,33.93828,31.0,2026-06-01,4
172773539.0,1.4630575050271503e+18,City of Los Angeles,34.16916117615089,30.0,2019-12-25,0
1373300.0,1.4625440534905772e+18,Other Cities,34.15502,1.0,2026-05-01,3
8801245.0,1.4627873590921106e+18,Other Cities,34.18653,30.0,2018-04-29,0
168754141.0,1.468632193422642e+18,Other Cities,34.00956,2.0,2026-06-07,26
121380250.0,1.4629205664590103e+18,City of Los Angeles,34.04926,120.0,2022-08-09,0
4235108.0,1.4625343853514604e+18,City of Los Angeles,33.96318,30.0,2023-02-21,0
120585469.0,1.4682267106369231e+18,Unincorporated Areas,34.17198,4.0,2026-04-21,3
10156476.0,1.4628330290256164e+18,Other Cities,34.00457,30.0,2025-06-12,0
115993728.0,1.4681903660412244e+18,Other Cities,34.29445,1.0,2026-04-22,17
180585040.0,1.4687432134699405e+18,City of Los Angeles,34.04783,60.0,nan,0
38551478.0,1.4626787743271468e+18,City of Los Angeles,34.11079,3.0,2023-07-16,0
181305265.0,1.468749843406844e+18,City of Los Angeles,34.11908,31.0,2023-10-31,0
181703388.0,1.4687536060144627e+18,City of Los Angeles,34.19499,30.0,2022-08-01,0
120384454.0,1.4629182898518267e+18,Other Cities,34.0336,2.0,2026-04-19,16
175765927.0,1.4687039401961372e+18,City of Los Angeles,34.039,30.0,nan,0
17222291.0,1.463005002221436e+18,City of Los Angeles,34.11861,30.0,2025-08-01,1
184271319.0,1.4689524197482222e+18,Other Cities,34.15746,4.0,2025-10-08,3
184299018.0,1.4689525502102607e+18,City of Los Angeles,34.07664,30.0,2019-01-04,0
1611906.0,1.4625192185344402e+18,City of Los Angeles,34.0822,4.0,2026-06-15,17
54381355.0,1.4878914392635108e+18,Other Cities,34.08335,30.0,2026-03-03,4
109167908.0,1.467321923222456e+18,Other Cities,34.09255,5.0,2026-05-28,16
184130315.0,1.4689516632456008e+18,City of Los Angeles,33.98968,2.0,2026-05-24,42
164512582.0,1.4685989776000883e+18,Other Cities,33.77856,31.0,2025-10-02,1
31866288.0,1.4654683255073313e+18,Other Cities,33.76266,31.0,2026-05-09,7
10453227.0,1.4628410768832172e+18,City of Los Angeles,34.09655,3.0,2026-06-01,22
166397436.0,1.468613216754329e+18,City of Los Angeles,34.0826,30.0,2022-11-02,0
10782310.0,1.462849472021989e+18,City of Los Angeles,34.09433,30.0,2022-06-20,0
176205816.0,1.4687079218794232e+18,City of Los Angeles,34.10842,30.0,2019-09-12,0
69873553.0,1.4627910491294953e+18,Other Cities,34.20114,3.0,2025-09-12,4
41736985.0,1.4656209654173786e+18,Other Cities,33.73753,2.0,2025-08-18,1
90154344.0,1.4670911124027244e+18,City of Los Angeles,34.16084,30.0,2025-07-24,1
177347465.0,1.4687168395221998e+18,City of Los Angeles,34.08607,30.0,2018-05-27,0
183372162.0,1.4689475744154693e+18,Other Cities,34.03639,2.0,2026-03-15,2
183739346.0,1.4630820373374062e+18,Unincorporated Areas,34.10201,1.0,2026-06-09,59
136029838.0,1.4629532521256947e+18,Other Cities,33.76667,5.0,2026-06-02,17
7356043.0,1.4625604982517924e+18,City of Los Angeles,34.08374,30.0,2025-07-28,1
21673586.0,1.4631610722136248e+18,City of Los Angeles,34.08023,30.0,2025-05-22,0
188626021.0,1.4689774903057969e+18,City of Los Angeles,34.04603,30.0,2019-03-28,0
15643925.0,1.4625948607018929e+18,Other Cities,33.90161613962413,1.0,2026-03-30,67
162174338.0,1.4685782645880878e+18,Other Cities,33.89032,1.0,2026-05-28,50
8801245.0,1.4627873590921106e+18,Other Cities,34.18677,30.0,2018-05-31,0
52730862.0,1.4658543154875812e+18,Other Cities,34.66599,1.0,2018-07-22,0
178478519.0,1.4630702319611154e+18,City of Los Angeles,34.05308,31.0,2026-04-30,2
2164485.0,1.4625226022286305e+18,City of Los Angeles,34.060020446777344,1.0,2026-06-13,58
179278092.0,1.4687317569386596e+18,Other Cities,33.84242,1.0,2026-04-29,6
68128304.0,1.4668420219725563e+18,Other Cities,34.03469,1.0,2018-05-20,0
50168557.0,1.465766862305558e+18,City of Los Angeles,34.07308,30.0,2019-04-14,0
187307484.0,1.4689695834602022e+18,City of Los Angeles,34.1717,30.0,2019-10-20,0
187591527.0,1.4689713299428314e+18,Other Cities,33.8882,3.0,2026-05-31,20
187686975.0,1.4689719860481329e+18,Other Cities,34.0377,90.0,2019-08-23,0
123451820.0,1.4682484063534252e+18,City of Los Angeles,34.19957,30.0,2018-06-17,0
189626218.0,1.4689834471633116e+18,City of Los Angeles,33.9683,2.0,2026-06-06,18
165319519.0,1.4630305132137938e+18,City of Los Angeles,34.17317,30.0,2026-05-02,4
9213006.0,1.4628084078958072e+18,City of Los Angeles,34.04414,30.0,nan,0
179181448.0,1.4687310862325868e+18,City of Los Angeles,34.08152,30.0,2025-10-14,2
186457870.0,1.4689647998914982e+18,Other Cities,33.84987,30.0,2025-08-08,3
7502215.0,1.4627336680670605e+18,City of Los Angeles,34.08593,30.0,2020-02-17,0
90364202.0,1.46709326777077e+18,Other Cities,34.13757,1.0,2026-06-08,40
21899679.0,1.463166627868215e+18,Other Cities,34.15845,1.0,2026-05-31,64
256094.0,1.462513911615314e+18,City of Los Angeles,34.11061,30.0,2019-07-31,0
193528089.0,1.4690072928795512e+18,City of Los Angeles,34.08342,30.0,2025-07-03,1
9564924.0,1.4628174359544164e+18,Other Cities,33.90442,5.0,2020-09-21,0
226469.0,1.46251316140597e+18,City of Los Angeles,34.10148,32.0,nan,0
2328001.0,1.4625235590739679e+18,Other Cities,33.85958,2.0,2026-05-12,20
3392276.0,1.4625296712410327e+18,City of Los Angeles,34.04762649536133,30.0,2026-03-02,1
71051316.0,1.4627940397536607e+18,City of Los Angeles,34.23549,1.0,2025-12-28,6
112952162.0,1.4673627916643935e+18,City of Los Angeles,34.10323,31.0,2026-06-01,1
187543153.0,1.4689710804153244e+18,City of Los Angeles,33.97618142123112,30.0,2018-05-31,0
128734546.0,1.4629366153435681e+18,City of Los Angeles,34.20728,1.0,2026-05-31,44
12627803.0,1.4625832134468096e+18,City of Los Angeles,34.1644015,2.0,2026-05-19,7
6443758.0,1.4627065569423987e+18,City of Los Angeles,33.99747,60.0,2019-09-14,0
1624853.0,1.4625634459690877e+18,Other Cities,34.13958,4.0,2019-01-03,0
159355723.0,1.468551253311442e+18,City of Los Angeles,34.00104,30.0,2018-11-11,0
92055190.0,1.4671118065091855e+18,City of Los Angeles,34.0766,30.0,2019-01-26,0
124925839.0,1.4629280383201318e+18,Other Cities,34.06794,5.0,2026-04-16,5
35433705.0,1.4655234679646912e+18,City of Los Angeles,34.05696,31.0,nan,0
61814297.0,1.466760361204173e+18,City of Los Angeles,34.00133,30.0,2025-02-10,0
23037899.0,1.4652677461965268e+18,Other Cities,34.55258,2.0,2026-01-19,13
25326961.0,1.465340288112116e+18,City of Los Angeles,33.9894,31.0,2026-04-16,3
155707597.0,1.4685204322710172e+18,Other Cities,34.07673,3.0,2026-05-17,20
145881536.0,1.4629744711225193e+18,Unincorporated Areas,34.07896,2.0,2024-06-30,0
196856786.0,1.4690263549520067e+18,City of Los Angeles,34.01214,30.0,2019-01-01,0
178478519.0,1.4630702319611154e+18,City of Los Angeles,34.05329,31.0,2025-11-14,1
201846976.0,1.469053341580819e+18,Other Cities,33.79377,1.0,2026-06-06,22
78557280.0,1.4669617745712271e+18,Other Cities,34.14032,1.0,2025-01-04,0
706673.0,1.4625268185216717e+18,City of Los Angeles,34.06395,30.0,2019-07-07,0
173945886.0,1.4686876884293056e+18,City of Los Angeles,34.07661,30.0,2019-09-23,0
5156504.0,1.4626741395189117e+18,Other Cities,34.00824,7.0,nan,0
73868328.0,1.466910321609042e+18,City of Los Angeles,34.08132,30.0,2019-12-12,0
198491645.0,1.4690342463872947e+18,Other Cities,34.03105,1.0,2026-06-08,13
198639436.0,1.4690350931921997e+18,Unincorporated Areas,34.14518,1.0,2026-05-29,63
176998622.0,1.4687142023224812e+18,Other Cities,34.06699,7.0,2021-11-13,0
199053957.0,1.4631384397449761e+18,Other Cities,33.81107,2.0,2025-03-25,0
51600709.0,1.4658078725003438e+18,City of Los Angeles,34.00681,30.0,2020-07-30,0
192930172.0,1.4690036547036137e+18,Other Cities,34.04559,2.0,2025-11-06,1
3237047.0,1.4625288089844047e+18,City of Los Angeles,34.08,1.0,2026-04-26,5
6182035.0,1.4627000011219174e+18,City of Los Angeles,34.10207,30.0,2021-12-28,0
6793907.0,1.462715452673701e+18,City of Los Angeles,34.08345,30.0,2021-06-30,0
162960626.0,1.468585860649615e+18,Unincorporated Areas,33.99298,365.0,nan,0
204277200.0,1.4690657674514634e+18,Other Cities,33.8094,20.0,2026-03-22,2
197569748.0,1.4631352413091438e+18,Unincorporated Areas,34.04524612426758,1.0,2026-05-31,68
206019183.0,1.46907458230396e+18,City of Los Angeles,34.08029,30.0,2019-11-03,0
206219772.0,1.4690756663428316e+18,Other Cities,34.22066,28.0,2025-09-27,1
132373121.0,1.4683239106321193e+18,Other Cities,33.92485,2.0,2025-12-27,10
33249323.0,1.4654868282916524e+18,City of Los Angeles,34.0224,31.0,2025-06-27,1
128635026.0,1.4682911706435443e+18,Other Cities,33.76928,31.0,2025-02-28,0
18649465.0,1.462606715558414e+18,City of Los Angeles,34.20621,30.0,2020-01-03,0
29694058.0,1.4654368730189847e+18,City of Los Angeles,34.11977767944336,1.0,2026-05-31,24
14809652.0,1.4629474024760676e+18,Other Cities,33.92336,1.0,2026-05-31,1
51148515.0,1.4627188235295713e+18,City of Los Angeles,34.28499,30.0,2023-01-15,0
146312299.0,1.4629754504810499e+18,Other Cities,34.11237,3.0,2026-04-27,7
205752605.0,1.4690731808598006e+18,City of Los Angeles,34.15877,30.0,2018-10-28,0
15643507.0,1.4625948590334075e+18,City of Los Angeles,34.06515,30.0,2022-02-15,0
23524402.0,1.4626255899224325e+18,Other Cities,34.10107,2.0,2026-05-25,19
189100876.0,1.4689802842238062e+18,Other Cities,34.68566,1.0,2019-09-06,0
68229933.0,1.466843376910329e+18,Other Cities,33.864975257127064,30.0,2025-08-09,1
58628629.0,1.4667024523108746e+18,Other Cities,34.13385,3.0,2026-05-30,34
177333046.0,1.4630677394697428e+18,Other Cities,33.82116,31.0,2019-07-20,0
7279762.0,1.4627278925588887e+18,City of Los Angeles,33.99148,30.0,2020-01-02,0
211934128.0,1.4691065382408899e+18,City of Los Angeles,34.22366,30.0,2024-07-23,0
217180956.0,1.4631994341389084e+18,Other Cities,33.94097,2.0,2026-06-10,21
89420054.0,1.467083713286893e+18,City of Los Angeles,34.03233,30.0,2022-06-14,0
211631229.0,1.4631865680799882e+18,City of Los Angeles,34.15001,30.0,2024-02-04,0
25551648.0,1.4626339616031875e+18,City of Los Angeles,34.15072,30.0,2025-11-12,1
89592972.0,1.4670854660784294e+18,Unincorporated Areas,33.97264,10.0,2022-12-31,0
23524402.0,1.4626255899224325e+18,Other Cities,33.9868,2.0,2026-05-31,23
102540995.0,1.4628764522256865e+18,City of Los Angeles,33.96285,30.0,nan,0
37336322.0,1.4626749110595707e+18,Other Cities,34.15381,2.0,2026-05-17,30
63332581.0,1.4627529412783982e+18,City of Los Angeles,34.09129,30.0,2026-04-22,4
12459143.0,1.4628882136549435e+18,City of Los Angeles,34.08073,60.0,2024-11-02,0
68674415.0,1.4627881524273285e+18,Other Cities,33.9021,1.0,nan,0
214842066.0,1.4691255513844183e+18,Unincorporated Areas,34.18513,1.0,2026-05-15,2
54567659.0,1.4627292227086674e+18,Other Cities,33.86929,2.0,2022-07-06,0
38715816.0,1.4626792847419136e+18,Other Cities,34.0474,3.0,2019-02-12,0
98006014.0,1.4671800420402499e+18,City of Los Angeles,34.09996,30.0,nan,0
146858304.0,1.4684411118614533e+18,Other Cities,34.0166,3.0,2018-12-15,0
151586811.0,1.4684886595015268e+18,City of Los Angeles,34.19327072525502,30.0,2024-01-12,0
98428371.0,1.462866871815242e+18,City of Los Angeles,34.15188,1.0,2026-05-19,11
37284269.0,1.46267474093357e+18,City of Los Angeles,34.03196,1.0,2026-06-09,44
182518902.0,1.46307930928582e+18,City of Los Angeles,34.091400146484375,1.0,2026-06-14,27
51842624.0,1.4627210829028375e+18,City of Los Angeles,34.05272,30.0,2023-09-21,0
23880179.0,1.4652799359956498e+18,City of Los Angeles,34.03969,30.0,2022-09-03,0
41586875.0,1.4656180004888996e+18,Other Cities,33.75572,3.0,2025-06-22,2
570876.0,1.4625221273306675e+18,City of Los Angeles,34.00652,2.0,2026-06-14,10
28362090.0,1.465418667336862e+18,City of Los Angeles,33.982195,31.0,2022-06-19,0
17739626.0,1.4630278428795185e+18,City of Los Angeles,34.07304,30.0,2026-01-03,1
21383213.0,1.4631538465025367e+18,City of Los Angeles,34.10347,31.0,2023-01-27,0
27447027.0,1.4626410466184233e+18,Unincorporated Areas,33.97878,30.0,2020-05-31,0
142065266.0,1.4629662704044513e+18,City of Los Angeles,34.05806,30.0,2024-02-26,0
2896341.0,1.4626118044114632e+18,City of Los Angeles,34.11467,1.0,2026-05-14,27
8750954.0,1.4627754056944215e+18,City of Los Angeles,34.10601,31.0,nan,0
187543153.0,1.4689710804153244e+18,City of Los Angeles,34.05942,30.0,2023-09-28,0
4045016.0,1.4626458480768668e+18,Other Cities,34.67175,2.0,2025-08-31,2
22102027.0,1.4626198889449994e+18,Other Cities,34.17683830054088,1.0,2026-05-22,20
215532611.0,1.463195557481855e+18,City of Los Angeles,34.02005,1.0,2026-05-28,25
19467943.0,1.4630792119714793e+18,City of Los Angeles,34.0938835144043,1.0,2026-06-01,46
21524802.0,1.4631574753813263e+18,City of Los Angeles,33.72438,30.0,2025-08-15,1
213959518.0,1.463191950912014e+18,Unincorporated Areas,33.91054,1.0,2026-05-24,70
6631802.0,1.4627113983474112e+18,City of Los Angeles,34.165768,30.0,nan,0
222472090.0,1.469177794236313e+18,City of Los Angeles,34.22086,1.0,2025-10-05,18
16727764.0,1.4625990277507005e+18,City of Los Angeles,34.03824,30.0,2019-08-01,0
51231237.0,1.4657965730683553e+18,City of Los Angeles,34.16686,30.0,2026-06-03,3
8185146.0,1.4627513000347128e+18,City of Los Angeles,34.10996,1.0,2026-06-02,21
27364167.0,1.465403876747899e+18,City of Los Angeles,34.16726,2.0,2026-05-24,22
20893048.0,1.4626149771593078e+18,Unincorporated Areas,34.00298,2.0,2026-06-13,22
33439942.0,1.4654893314160207e+18,City of Los Angeles,34.1638,30.0,2026-04-30,2
220152655.0,1.4632062128502019e+18,City of Los Angeles,34.04771,31.0,nan,0
27001705.0,1.465398048087762e+18,Unincorporated Areas,34.07718,1.0,2025-02-17,0
33249323.0,1.4654868282916524e+18,City of Los Angeles,34.00827,31.0,2025-08-02,1
63835920.0,1.4667877828964956e+18,City of Los Angeles,34.10113,30.0,2020-01-02,0
219921978.0,1.4691600716993382e+18,City of Los Angeles,34.20908,30.0,2019-08-09,0
192930172.0,1.4690036547036137e+18,Other Cities,34.04774,5.0,2025-03-01,0
187656218.0,1.4689717951644352e+18,Other Cities,34.11556,1.0,2026-01-01,54
201371006.0,1.4690509218230446e+18,Other Cities,33.86307,1.0,2026-06-06,38
184732441.0,1.463084264032205e+18,Other Cities,34.07752,1.0,2026-05-03,26
151442610.0,1.4629871129359928e+18,Unincorporated Areas,33.99776,1.0,2026-06-07,60
1454247.0,1.4625463117707983e+18,City of Los Angeles,34.09238,30.0,2026-03-11,4
223520461.0,1.4691852630066e+18,Unincorporated Areas,33.99188,2.0,2026-05-31,10
92338535.0,1.467116387900913e+18,Unincorporated Areas,34.04602,31.0,2026-05-14,21
10857411.0,1.4628512716459676e+18,City of Los Angeles,33.98007,30.0,2019-07-14,0
5710298.0,1.4626874945062072e+18,Unincorporated Areas,34.21749,1.0,2019-01-20,0
115677172.0,1.4681879301975452e+18,City of Los Angeles,34.09462,3.0,2025-10-13,1
33701720.0,1.4654927807259267e+18,City of Los Angeles,34.10762,2.0,2026-05-04,5
75177834.0,1.466924270526697e+18,City of Los Angeles,34.0613,30.0,2026-05-15,22
41855948.0,1.465622748154467e+18,Other Cities,34.21326,3.0,2022-08-14,0
112952162.0,1.4673627916643935e+18,City of Los Angeles,34.1011,31.0,2025-03-21,0
75813720.0,1.4628162143573023e+18,Other Cities,34.06219,4.0,2026-05-26,11
239892450.0,1.4692759694356966e+18,Unincorporated Areas,33.99904,2.0,2026-05-31,23
231345302.0,1.4692336148151194e+18,Other Cities,33.97062,31.0,2025-12-14,2
126614675.0,1.4682743348128788e+18,City of Los Angeles,34.0415,180.0,2026-04-27,5
10333296.0,1.462837789489513e+18,City of Los Angeles,34.14365,30.0,2020-11-20,0
16016535.0,1.4629762204504156e+18,Other Cities,34.03912,2.0,2025-01-01,0
2220269.0,1.4625894409142397e+18,Other Cities,34.60021,10.0,2023-06-16,0
1208884.0,1.462539768078879e+18,City of Los Angeles,34.09582,10.0,2021-09-09,0
235044733.0,1.469251461696506e+18,City of Los Angeles,34.16293,30.0,2019-01-14,0
23034731.0,1.465267680155162e+18,City of Los Angeles,34.06235,30.0,nan,0
231475130.0,1.4632386890084797e+18,Other Cities,34.11038,28.0,2020-09-03,0
231728168.0,1.469235485073628e+18,City of Los Angeles,34.10474,30.0,2026-03-10,3
150054518.0,1.46298399200504e+18,Other Cities,33.82833,1.0,2026-05-31,54
129432576.0,1.468298076878215e+18,Other Cities,34.15744,1.0,nan,0
22895579.0,1.4631911414764403e+18,Other Cities,33.77475,31.0,2025-08-08,2
121843517.0,1.4682367459995466e+18,Other Cities,33.76135,30.0,2022-08-24,0
113109354.0,1.468170043496548e+18,City of Los Angeles,34.09875,30.0,2026-04-29,6
7356043.0,1.4625604982517924e+18,City of Los Angeles,33.98409,30.0,2024-04-06,0
241155490.0,1.463274875400056e+18,City of Los Angeles,34.17132,30.0,2019-12-09,0
447911.0,1.4625186527964493e+18,City of Los Angeles,34.10133,30.0,nan,0
241549097.0,1.4692834722530307e+18,Other Cities,34.06459,90.0,2024-04-05,0
33231304.0,1.4626612018598838e+18,Other Cities,33.83448,3.0,2025-11-03,1
19132344.0,1.463070328291449e+18,Other Cities,34.12905,2.0,2026-05-09,10
41678744.0,1.465619910225303e+18,Other Cities,34.00213,5.0,2020-01-04,0
170082386.0,1.4686439079035528e+18,City of Los Angeles,34.0503,31.0,2024-12-09,0
112952162.0,1.4673627916643935e+18,City of Los Angeles,34.10253,31.0,2024-11-14,0
16406543.0,1.462985895737417e+18,Other Cities,34.16623,14.0,2022-07-30,0
8763731.0,1.462566545336681e+18,City of Los Angeles,33.71416,30.0,2026-04-18,3
243728172.0,1.4879558941177352e+18,City of Los Angeles,34.21061,30.0,2021-07-30,0
148291953.0,1.4629800216792067e+18,Other Cities,34.10157,28.0,2026-05-15,3
25890737.0,1.4653518624453194e+18,City of Los Angeles,34.09957,1.0,2026-06-11,20
141350816.0,1.462964768677003e+18,City of Los Angeles,34.10836,30.0,nan,0
21785118.0,1.4631639082593262e+18,City of Los Angeles,34.22382,30.0,2026-05-24,3
27391110.0,1.4626408593868078e+18,City of Los Angeles,34.16623874010473,30.0,2022-07-01,0
357712585.0,1.4697158384046162e+18,Other Cities,34.08017731523224,2.0,2026-05-31,25
44310210.0,1.4626965869524995e+18,Other Cities,33.8387,1.0,2026-06-05,28
10832832.0,1.4625760483293507e+18,City of Los Angeles,34.19783,30.0,2022-03-18,0
143625425.0,1.468415397421105e+18,Other Cities,34.06398,30.0,2026-03-25,9
223584120.0,1.4691856767348024e+18,City of Los Angeles,34.05551,2.0,2026-06-06,8
211220459.0,1.4631856114960704e+18,City of Los Angeles,34.10483,30.0,2023-10-08,0
28803754.0,1.4654248447557522e+18,City of Los Angeles,34.17586,50.0,nan,0
215532611.0,1.463195557481855e+18,City of Los Angeles,34.01925,28.0,2025-11-12,1
245453259.0,1.4693022207572751e+18,Other Cities,34.10209,1.0,2026-05-25,4
142065266.0,1.4629662704044513e+18,City of Los Angeles,34.05618,30.0,2019-07-08,0
245695169.0,1.469303415565391e+18,City of Los Angeles,34.04988,30.0,2019-11-11,0
151442610.0,1.4629871129359928e+18,Unincorporated Areas,33.99565,1.0,2026-05-30,53
151442610.0,1.4629871129359928e+18,Unincorporated Areas,33.99579,1.0,2026-06-09,36
41568901.0,1.4656177354076892e+18,Unincorporated Areas,34.184,2.0,2024-03-31,0
80110374.0,1.4669771007985554e+18,Other Cities,34.17020672364595,90.0,nan,0
111306585.0,1.4673455499629832e+18,Other Cities,34.08299,1.0,2022-02-01,0
249554064.0,1.4693228848028823e+18,City of Los Angeles,34.05004,365.0,nan,0
111306585.0,1.4673455499629832e+18,Other Cities,34.08184,2.0,2026-05-18,12
24124224.0,1.4626280975838477e+18,Other Cities,33.91707,2.0,2026-04-02,13
53647080.0,1.465871939654998e+18,City of Los Angeles,33.92651,1.0,2026-05-23,32
11767782.0,1.462872579793083e+18,City of Los Angeles,34.17127973349268,30.0,2020-10-21,0
258605097.0,1.4693662981657667e+18,Unincorporated Areas,34.19463,1.0,2025-01-05,0
90570969.0,1.4670959557056284e+18,City of Los Angeles,34.07493512219954,30.0,nan,0
49657320.0,1.465758488228266e+18,City of Los Angeles,34.06167,30.0,2019-08-14,0
115582355.0,1.4681872203685727e+18,Other Cities,34.11684,2.0,2026-05-17,1
253095628.0,1.469340595790868e+18,City of Los Angeles,34.14361,30.0,2019-09-27,0
33485554.0,1.4654899388471135e+18,City of Los Angeles,34.06176,30.0,2024-07-26,0
253949209.0,1.4693447383425024e+18,City of Los Angeles,34.18107,30.0,2023-08-05,0
151590124.0,1.468488677253043e+18,Other Cities,33.89706,1.0,2025-11-01,17
28273074.0,1.4654174345413734e+18,Other Cities,34.00196,2.0,nan,0
1010613.0,1.462535729129146e+18,City of Los Angeles,34.23989486694336,30.0,2023-12-22,0
79402397.0,1.46697031348314e+18,City of Los Angeles,34.20427,2.0,2026-06-05,78
3181340.0,1.4626219458620726e+18,City of Los Angeles,34.1187,30.0,2020-10-04,0
247083049.0,1.4693107362394296e+18,Other Cities,34.00525,2.0,nan,0
70077636.0,1.4668676226505052e+18,Other Cities,34.16982,1.0,2025-05-11,0
5994344.0,1.46269506146504e+18,City of Los Angeles,34.01338,30.0,2025-03-28,0
247351004.0,1.4693120207701834e+18,City of Los Angeles,33.99570133359549,30.0,2019-04-01,0
256317855.0,1.4693543889151037e+18,City of Los Angeles,33.99311,31.0,2025-07-01,1
389118857.0,1.4698036178421627e+18,Other Cities,34.03637,1.0,2026-05-25,19
238566955.0,1.4632575846150572e+18,City of Los Angeles,34.20339,1.0,2026-06-01,25
30323298.0,1.465446150953869e+18,Other Cities,34.08937,31.0,2026-02-07,3
15811971.0,1.46297126413704e+18,City of Los Angeles,33.98214,30.0,2026-04-19,3
90722042.0,1.4670975216720412e+18,Other Cities,34.13909,28.0,2020-11-01,0
114813433.0,1.4681816097269683e+18,Unincorporated Areas,33.97142,2.0,2025-09-29,1
262688223.0,1.4633311358242038e+18,City of Los Angeles,34.15938,30.0,2026-06-04,6
60690023.0,1.4627459172991096e+18,City of Los Angeles,34.09718,30.0,2025-03-06,0
21399560.0,1.4631542861736302e+18,Other Cities,34.14366,2.0,2021-08-31,0
201632.0,1.4625104172681377e+18,City of Los Angeles,34.17985,30.0,2025-08-31,5
132883030.0,1.4683283315484887e+18,City of Los Angeles,34.20371,30.0,2019-09-22,0
231475130.0,1.4632386890084797e+18,Other Cities,34.11095,28.0,nan,0
29591316.0,1.4626486564526426e+18,City of Los Angeles,34.07364,30.0,2025-04-01,0
216600947.0,1.4691371724276165e+18,City of Los Angeles,34.05648,30.0,2019-10-26,0
57820909.0,1.466693183030963e+18,Unincorporated Areas,33.823162,1.0,2023-10-07,0
109560583.0,1.4628943723586168e+18,Other Cities,33.8892,30.0,nan,0
201573968.0,1.4631439263501123e+18,Other Cities,34.13878,31.0,2024-10-02,0
265929273.0,1.469406373332011e+18,City of Los Angeles,33.95568282872264,30.0,2026-05-12,3
15621080.0,1.4629667155307525e+18,Other Cities,34.13815,31.0,2025-09-23,1
52665522.0,1.4658533358482847e+18,Other Cities,33.76724,31.0,2025-10-04,2
2530330.0,1.462597598606033e+18,City of Los Angeles,34.0456,30.0,2023-10-10,0
261456313.0,1.4693819157979592e+18,Other Cities,33.74964,1.0,2026-06-13,48
201875315.0,1.4690535309862538e+18,Unincorporated Areas,34.56304,1.0,2021-06-04,0
260449981.0,1.4693761930223002e+18,Other Cities,34.06645,3.0,2019-06-29,0
267698044.0,1.463343801573702e+18,City of Los Angeles,34.10144,31.0,2026-06-12,2
266785647.0,1.4694107798606538e+18,Other Cities,34.02211,1.0,2019-11-29,0
83117995.0,1.4879076711422533e+18,City of Los Angeles,34.04953,1.0,2026-04-28,5
270062066.0,1.4694267760402798e+18,Other Cities,34.02063,1.0,2022-09-24,0
21374074.0,1.4631535968484093e+18,City of Los Angeles,33.96294,1.0,2026-06-13,51
271977354.0,1.4633541580360402e+18,Other Cities,34.17037,20.0,2020-03-13,0
272330017.0,1.4633550087758328e+18,City of Los Angeles,34.07802,30.0,2020-02-29,0
115108122.0,1.4681835701949233e+18,Other Cities,33.92936,2.0,2026-06-08,48
31295759.0,1.4654604035615188e+18,City of Los Angeles,33.98485002505898,1.0,2026-05-27,60
269080530.0,1.469422003766294e+18,City of Los Angeles,34.15011,30.0,2024-06-09,0
266126667.0,1.469407436099426e+18,Other Cities,33.99525,1.0,2020-02-25,0
179877246.0,1.4687367951856822e+18,City of Los Angeles,34.06549,2.0,2024-07-08,0
269924186.0,1.4694260869350612e+18,City of Los Angeles,34.18163,1.0,2026-05-25,32
41822493.0,1.462688770635188e+18,Other Cities,34.4487,1.0,2026-06-14,44
34703692.0,1.4655116324617213e+18,City of Los Angeles,33.995,30.0,2024-11-15,0
271118401.0,1.4633520197911086e+18,Other Cities,33.34495,2.0,2025-01-26,0
218144935.0,1.469147714774929e+18,Other Cities,34.06617,4.0,2025-09-04,5
273122056.0,1.4694413651507679e+18,City of Los Angeles,34.14516,30.0,nan,0
20609698.0,1.4626138274208474e+18,City of Los Angeles,34.00277,30.0,2019-07-28,0
253832031.0,1.4633082231358753e+18,Other Cities,34.15884916049378,2.0,2026-04-10,14
211927633.0,1.4631872178003092e+18,City of Los Angeles,34.20152,30.0,2019-10-11,0
15049777.0,1.462953038377606e+18,City of Los Angeles,34.13059,30.0,2022-05-20,0
274885864.0,1.4694501672323113e+18,City of Los Angeles,34.04463,30.0,2026-06-07,4
173141451.0,1.4686801026282627e+18,City of Los Angeles,34.0284,30.0,2025-10-28,1
4391378.0,1.4625353147445883e+18,City of Los Angeles,34.00681,30.0,2021-11-16,0
11301251.0,1.46286174282864e+18,City of Los Angeles,34.06359,30.0,2020-03-15,0
230016718.0,1.4692261372455017e+18,City of Los Angeles,34.10259,31.0,2020-03-20,0
4784653.0,1.4626653202343844e+18,Other Cities,33.89074,30.0,2023-01-01,0
7914193.0,1.4627444272481874e+18,Other Cities,34.14289,30.0,2024-05-31,0
137218892.0,1.4629557731358774e+18,Other Cities,34.08325,3.0,2026-05-27,3
282212638.0,1.4633766104163494e+18,City of Los Angeles,34.07666,30.0,2024-12-03,0
271118401.0,1.4633520197911086e+18,Other Cities,33.34132,2.0,2026-04-06,5
271118401.0,1.4633520197911086e+18,Other Cities,33.34125,2.0,2026-04-19,7
271118401.0,1.4633520197911086e+18,Other Cities,33.34178,2.0,2025-10-12,1
271118401.0,1.4633520197911086e+18,Other Cities,33.34453,2.0,2026-03-15,10
279209771.0,1.4694700479706394e+18,Other Cities,34.01309,1.0,2026-06-12,37
279285418.0,1.4694704387085028e+18,City of Los Angeles,34.16589,30.0,2023-09-13,0
17787808.0,1.4626037229634383e+18,City of Los Angeles,34.15875,31.0,nan,0
76821186.0,1.4669415000879734e+18,Other Cities,33.77867,2.0,2025-07-28,1
197608838.0,1.469029853363848e+18,City of Los Angeles,34.0333,1.0,2026-06-21,67
15744276.0,1.4629696558916352e+18,City of Los Angeles,34.0067,30.0,2024-08-05,0
112952162.0,1.4673627916643935e+18,City of Los Angeles,34.10055,31.0,2024-08-08,0
284632730.0,1.4694898021701107e+18,City of Los Angeles,34.06626,30.0,2024-04-07,0
4070419.0,1.4626465851635177e+18,Other Cities,34.13853,30.0,2025-10-20,1
271118401.0,1.4633520197911086e+18,Other Cities,33.34301,2.0,2026-03-24,8
119654037.0,1.4682192603454528e+18,City of Los Angeles,34.12304,30.0,nan,0
1169698.0,1.462538770745127e+18,City of Los Angeles,34.12713,31.0,2023-09-02,0
276470952.0,1.4694578350802662e+18,Other Cities,34.10787,3.0,2019-12-08,0
109901488.0,1.4628951944343447e+18,Other Cities,34.44933,2.0,2021-05-30,0
260223524.0,1.469374926097286e+18,City of Los Angeles,34.18751,30.0,2021-01-03,0
293579920.0,1.4695181739540396e+18,Other Cities,34.69629,1.0,2023-05-19,0
258978337.0,1.4633210922454287e+18,Other Cities,33.75897,1.0,2026-05-22,8
287114626.0,1.4694984589537966e+18,Other Cities,33.89852,1.0,2026-06-15,67
177089380.0,1.4630671979621066e+18,Other Cities,33.96912,30.0,2025-07-08,1
72906523.0,1.4668997042522166e+18,City of Los Angeles,34.09023,30.0,2026-02-05,5
238553414.0,1.4632575534735677e+18,Other Cities,33.96063,31.0,2025-09-13,3
289175294.0,1.4695053800335818e+18,Unincorporated Areas,33.96519,2.0,2026-04-06,15
91169440.0,1.462850562153858e+18,Unincorporated Areas,33.97924,2.0,2026-06-08,41
23316307.0,1.4652715950837432e+18,City of Los Angeles,34.16868,1.0,2026-05-31,28
140877414.0,1.468392922694016e+18,City of Los Angeles,34.0561,30.0,2019-11-11,0
151442610.0,1.4629871129359928e+18,Unincorporated Areas,33.99769,1.0,2026-06-10,32
112952162.0,1.4673627916643935e+18,City of Los Angeles,34.10302,31.0,2023-08-30,0
303298190.0,1.4695542620028145e+18,Other Cities,33.9955,1.0,2019-11-09,0
303314574.0,1.469554321652387e+18,City of Los Angeles,34.10445,30.0,2026-05-07,3
8738158.0,1.462775054697972e+18,City of Los Angeles,34.15248,1.0,2026-06-14,52
10834823.0,1.462850758961841e+18,City of Los Angeles,33.99233,3.0,2026-05-25,36
130906175.0,1.4683109499306542e+18,City of Los Angeles,34.00157,1.0,2026-06-01,54
295858049.0,1.4695250435615442e+18,Unincorporated Areas,34.07297,30.0,nan,0
3753120.0,1.4625316958525924e+18,Other Cities,33.77813,2.0,2026-06-13,27
168213476.0,1.4686269303987456e+18,City of Los Angeles,34.27292,30.0,2021-04-04,0
216644789.0,1.469137370760893e+18,City of Los Angeles,34.0882,30.0,2020-03-21,0
52108788.0,1.4627219343942026e+18,Other Cities,33.76863,1.0,2026-05-02,15
270157060.0,1.463349887324874e+18,Unincorporated Areas,33.92463,31.0,2021-08-16,0
229612969.0,1.4692237710020774e+18,City of Los Angeles,34.1727,30.0,2026-01-05,1
99093250.0,1.4671915902756127e+18,City of Los Angeles,34.07206,30.0,2025-10-13,10
35799474.0,1.4655291121233492e+18,Other Cities,33.77567,31.0,2020-03-16,0
186168180.0,1.4689631617066176e+18,Other Cities,33.75422,3.0,2024-06-23,0
292681341.0,1.469515280953871e+18,Unincorporated Areas,34.12072,3.0,2026-05-23,7
293229466.0,1.4633996345863214e+18,Other Cities,33.83088,1.0,2025-12-09,1
297469487.0,1.4695307099481884e+18,Other Cities,33.76309,1.0,2026-04-10,3
112952162.0,1.4673627916643935e+18,City of Los Angeles,34.10105,31.0,2026-05-30,4
282204122.0,1.4694814968018442e+18,Other Cities,33.91068,2.0,2026-06-15,9
293485309.0,1.4695177439664591e+18,City of Los Angeles,34.09031,90.0,2019-11-17,0
270832533.0,1.4694303112704804e+18,Unincorporated Areas,33.97618321284784,1.0,2026-05-11,23
15912858.0,1.462973699771098e+18,Other Cities,34.10985,2.0,2026-04-19,13
298417951.0,1.469534482682873e+18,Other Cities,34.00701,1.0,nan,0
29925536.0,1.465440961111302e+18,Other Cities,34.07935,31.0,2026-02-27,1
304404827.0,1.4634220037477025e+18,Other Cities,34.00301,1.0,2026-06-16,43
322037.0,1.4625156525484905e+18,City of Los Angeles,34.09421,30.0,2025-08-05,1
301583253.0,1.4695465858304376e+18,Other Cities,34.13136,1.0,2026-06-07,63
33249323.0,1.4654868282916524e+18,City of Los Angeles,34.08847,31.0,2024-05-02,0
229612969.0,1.4692237710020774e+18,City of Los Angeles,34.16886,30.0,nan,0
302190308.0,1.4695489696160118e+18,Other Cities,34.20096,1.0,2026-05-30,29
302982894.0,1.4695528099165914e+18,City of Los Angeles,34.09087,1.0,nan,0
302982894.0,1.4695528099165914e+18,City of Los Angeles,34.09111,1.0,nan,0
30807497.0,1.4654536416228552e+18,Unincorporated Areas,34.07848,1.0,nan,0
267030495.0,1.469411912654301e+18,City of Los Angeles,34.0023,2.0,2025-08-29,2
302775136.0,1.4695518212840282e+18,City of Los Angeles,34.06493,30.0,2023-04-29,0
9618892.0,1.462818894571455e+18,Unincorporated Areas,34.07786,2.0,2026-05-24,14
66109042.0,1.466817227995217e+18,Other Cities,33.91800963159457,1.0,2026-06-02,5
34301437.0,1.4626648676705416e+18,Other Cities,33.86405,30.0,2025-03-09,0
47552267.0,1.4657174901443924e+18,City of Los Angeles,34.1130143,3.0,2026-06-07,9
297120531.0,1.469529585591351e+18,Unincorporated Areas,34.00117,30.0,2019-10-30,0
299317073.0,1.4695381266748347e+18,Other Cities,34.04094,30.0,2021-04-04,0
240067792.0,1.4692768980811305e+18,City of Los Angeles,34.09779,1.0,2026-05-23,46
83646796.0,1.4670122152951242e+18,City of Los Angeles,34.25183,2.0,2026-05-25,17
304694974.0,1.4634226697065088e+18,City of Los Angeles,34.06549,30.0,2020-09-20,0
303195492.0,1.4695538035073285e+18,Unincorporated Areas,33.99002,30.0,nan,0
213959518.0,1.463191950912014e+18,Other Cities,33.92421,1.0,2026-04-18,43
8135809.0,1.462563935900103e+18,Unincorporated Areas,34.00523,1.0,2025-06-29,1
315028004.0,1.4695942035464632e+18,Unincorporated Areas,34.11411,2.0,2022-07-28,0
68672147.0,1.4668492327309844e+18,Other Cities,34.01753,31.0,2026-01-20,3
138820503.0,1.468377304223171e+18,City of Los Angeles,33.99332,30.0,2026-05-17,6
84511792.0,1.467020735865266e+18,Other Cities,33.83479,2.0,2026-05-30,30
293485309.0,1.4695177439664591e+18,City of Los Angeles,34.09041,30.0,nan,0
11351063.0,1.4628628408246467e+18,City of Los Angeles,33.99768,31.0,2024-06-09,0
105480139.0,1.4672737511554196e+18,City of Los Angeles,33.95923,30.0,2026-04-20,1
59169.0,1.462507939718437e+18,City of Los Angeles,34.04303,30.0,2022-11-07,0
307753657.0,1.4695703188226066e+18,Other Cities,33.81527,5.0,2020-12-16,0
303298190.0,1.4695542620028145e+18,Other Cities,34.00513,1.0,2020-01-25,0
23458477.0,1.4652735614572147e+18,City of Los Angeles,34.09577,30.0,2021-03-01,0
236902027.0,1.4632531161456435e+18,City of Los Angeles,34.14523202379216,1.0,2026-05-31,55
64338062.0,1.4667942794574144e+18,City of Los Angeles,34.1072,30.0,2022-11-10,0
117206038.0,1.468199942044928e+18,City of Los Angeles,34.09698,30.0,2023-10-22,0
7651154.0,1.4627376453004145e+18,Other Cities,33.77565,31.0,nan,0
98809158.0,1.4671875107541217e+18,Other Cities,34.01954,1.0,2020-01-04,0
1757892.0,1.462577638747978e+18,Other Cities,34.02968,30.0,nan,0
111627073.0,1.462899161836058e+18,Other Cities,33.9138,31.0,2024-08-20,0
298417951.0,1.469534482682873e+18,Other Cities,34.00772,1.0,nan,0
85334985.0,1.46702905424732e+18,City of Los Angeles,34.08825,1.0,2026-05-18,24
66109042.0,1.466817227995217e+18,Other Cities,33.91939,1.0,2026-06-07,32
302414060.0,1.469550017971226e+18,City of Los Angeles,34.22134,30.0,nan,0
259480306.0,1.463322461589561e+18,City of Los Angeles,34.16948,30.0,2021-04-22,0
206023095.0,1.4690745995385303e+18,City of Los Angeles,33.99224,1.0,2026-03-08,7
155157201.0,1.4685173076099261e+18,City of Los Angeles,34.09468,30.0,2026-04-15,2
318986626.0,1.4696038742610015e+18,City of Los Angeles,34.105431,30.0,2024-04-30,0
62322868.0,1.4627502187750543e+18,City of Los Angeles,34.04541,30.0,2025-08-09,1
309744945.0,1.469577497682093e+18,City of Los Angeles,34.0271,30.0,2020-02-03,0
246446792.0,1.469307352920875e+18,Unincorporated Areas,34.06293,3.0,2023-08-15,0
310780464.0,1.469581214048754e+18,Other Cities,34.208097054786606,2.0,2026-05-26,35
326480961.0,1.4696232187549527e+18,City of Los Angeles,34.09237,1.0,2025-06-04,0
5500679.0,1.462682291896986e+18,City of Los Angeles,34.07794,30.0,2024-11-04,0
23912066.0,1.4652804302855652e+18,City of Los Angeles,34.16844,2.0,2026-05-26,9
187178213.0,1.4689688623146588e+18,City of Los Angeles,34.00768,5.0,2025-12-22,2
229612969.0,1.4692237710020774e+18,City of Los Angeles,34.17251,30.0,nan,0
319415497.0,1.4696048287037332e+18,Other Cities,34.67306,1.0,2026-05-28,24
12193219.0,1.4628821976434724e+18,Other Cities,33.7724,2.0,2026-06-08,31
685199.0,1.4625261170109335e+18,City of Los Angeles,34.10861587524414,1.0,2026-05-31,16
66995138.0,1.4668276541927555e+18,Other Cities,33.3398,2.0,2026-05-11,4
2185861.0,1.462522728142441e+18,City of Los Angeles,34.14206,30.0,2023-07-16,0
330979715.0,1.4696365386491313e+18,Other Cities,33.89728,2.0,2020-03-12,0
128163728.0,1.4629353164521295e+18,City of Los Angeles,34.06989,30.0,2024-11-30,0
56731063.0,1.4627353270073231e+18,Other Cities,34.05365,31.0,2025-01-04,0
296822516.0,1.469528715988391e+18,Other Cities,33.34371,1.0,2026-05-26,49
12030126.0,1.462878620346902e+18,City of Los Angeles,34.03053,30.0,2026-05-30,4
327802832.0,1.4696272234004303e+18,City of Los Angeles,34.03124,30.0,2021-07-13,0
1279535.0,1.462541549322161e+18,Other Cities,33.82567,31.0,nan,0
315163725.0,1.4695945573959347e+18,Other Cities,34.71391,1.0,2026-05-13,11
284483073.0,1.4694892685122596e+18,City of Los Angeles,34.07626,30.0,2021-10-17,0
27811703.0,1.4654104681523505e+18,City of Los Angeles,34.1816171,1.0,2026-06-03,39
29116791.0,1.462647011692845e+18,Other Cities,34.11193,1.0,2020-04-03,0
66515760.0,1.4668218863881334e+18,City of Los Angeles,34.10789,30.0,2026-03-31,5
19714595.0,1.463089363856033e+18,Other Cities,33.95911,3.0,2020-07-12,0
307485348.0,1.463427558648328e+18,Other Cities,33.99252,30.0,2020-03-11,0
5500679.0,1.462682291896986e+18,City of Los Angeles,34.07754271485956,30.0,2025-08-02,1
5500679.0,1.462682291896986e+18,City of Los Angeles,34.07793,30.0,nan,0
1592034.0,1.4625625577985434e+18,Other Cities,33.7558,2.0,nan,0
158911410.0,1.4630044438304315e+18,Unincorporated Areas,33.98325,2.0,2026-06-13,39
323386168.0,1.4696136220725734e+18,Other Cities,34.04197,1.0,2020-07-31,0
114813433.0,1.4681816097269683e+18,Unincorporated Areas,33.97067,3.0,2026-03-06,12
107434423.0,1.462889176402806e+18,City of Los Angeles,34.054053,31.0,nan,0
101537031.0,1.4628738812383334e+18,City of Los Angeles,34.10307,31.0,2026-05-29,3
2503251.0,1.4625969322978092e+18,Other Cities,33.9214,31.0,2025-08-18,1
289330874.0,1.4695058441017702e+18,City of Los Angeles,34.07811,1.0,2026-05-04,18
126644161.0,1.4629318896934497e+18,Unincorporated Areas,33.99854,2.0,nan,0
307485348.0,1.463427558648328e+18,Other Cities,33.99406,30.0,2020-03-30,0
103137157.0,1.4628779406726746e+18,City of Los Angeles,34.14477,1.0,2026-05-29,26
20487005.0,1.462613313005171e+18,City of Los Angeles,34.07027,30.0,2020-08-10,0
34838524.0,1.4655140183318154e+18,City of Los Angeles,34.04612,30.0,2024-06-06,0
112952162.0,1.4673627916643935e+18,City of Los Angeles,34.10137,31.0,2024-07-11,0
337350048.0,1.4696548055980262e+18,Other Cities,33.93468,1.0,2026-04-26,1
336180643.0,1.4696514337774354e+18,City of Los Angeles,34.08551,30.0,2024-11-17,0
37269898.0,1.4655570619524116e+18,City of Los Angeles,33.98834,30.0,2025-09-14,2
229716119.0,1.4692243934537344e+18,City of Los Angeles,34.05925,1.0,2026-04-01,12
27267933.0,1.4654025915481981e+18,City of Los Angeles,33.98831,2.0,2026-02-23,1
41736985.0,1.4656209654173786e+18,Other Cities,33.73797,3.0,2025-11-10,5
8925771.0,1.4625672794864353e+18,Other Cities,33.76508695860751,31.0,2026-01-17,1
9522272.0,1.462816337898489e+18,City of Los Angeles,34.15958,1.0,2026-06-08,15
3759339.0,1.4626388726288858e+18,Unincorporated Areas,34.00331,7.0,2025-07-11,1
20487005.0,1.462613313005171e+18,City of Los Angeles,34.06976,30.0,2020-07-22,0
159494763.0,1.4685524363220813e+18,City of Los Angeles,34.06634,30.0,nan,0
4423404.0,1.4626570957046072e+18,Other Cities,34.1429,31.0,2026-03-28,1
340284618.0,1.469665462721687e+18,City of Los Angeles,34.0509,30.0,2022-06-14,0
184676726.0,1.4689545937311286e+18,Other Cities,34.09399,5.0,2022-08-21,0
120963335.0,1.4682296445133896e+18,Unincorporated Areas,33.890482108898,1.0,2024-08-26,0
327887824.0,1.4696273458750533e+18,Other Cities,34.15487,31.0,2026-01-02,1
124446336.0,1.468256199967874e+18,Unincorporated Areas,33.9784,2.0,nan,0
56549143.0,1.4627348387499546e+18,Other Cities,33.82271,1.0,2021-08-26,0
342640725.0,1.469674222346181e+18,Other Cities,34.08759,30.0,nan,0
26031393.0,1.4653541847114084e+18,City of Los Angeles,34.0552,30.0,nan,0
20487005.0,1.462613313005171e+18,City of Los Angeles,34.07016,30.0,nan,0
123087.0,1.4625101521812022e+18,City of Los Angeles,33.99657,175.0,nan,0
15241342.0,1.4629576150949425e+18,Other Cities,33.77559,30.0,2026-05-03,4
80570814.0,1.4628270440299648e+18,Other Cities,34.09731,2.0,2026-05-20,12
41862941.0,1.465622850338087e+18,City of Los Angeles,34.09499,31.0,2023-02-01,0
255514684.0,1.4633115777694822e+18,Other Cities,34.01233,1.0,2026-05-25,9
12522083.0,1.4625828125224305e+18,City of Los Angeles,34.15001,30.0,2021-08-29,0
56374893.0,1.462734327884452e+18,City of Los Angeles,34.06626,31.0,2025-12-07,2
11023705.0,1.462855213083203e+18,City of Los Angeles,34.15865,30.0,2025-12-01,3
130464924.0,1.4683072134232417e+18,Other Cities,33.96278,1.0,2026-04-16,6
20487005.0,1.462613313005171e+18,City of Los Angeles,34.07138,30.0,nan,0
348745371.0,1.4696930585611471e+18,City of Los Angeles,34.16442,31.0,2026-01-05,3
251944353.0,1.463303387480162e+18,Other Cities,33.87363,32.0,2026-02-06,4
344374837.0,1.4696798568870108e+18,Other Cities,33.92604,1.0,2023-12-25,0
153856731.0,1.4685066853525115e+18,City of Los Angeles,34.0771484375,31.0,2024-07-07,0
3380462.0,1.4625296155424755e+18,City of Los Angeles,34.10189,30.0,2025-01-18,0
43022639.0,1.4656388667979226e+18,City of Los Angeles,34.08265069999999,1.0,2026-06-09,30
3454257.0,1.4626298608666345e+18,Other Cities,33.82174,3.0,2025-07-23,2
24303784.0,1.4626287657205862e+18,Other Cities,34.039108,1.0,2026-05-10,25
522060.0,1.462520651803437e+18,City of Los Angeles,34.052,30.0,nan,0
304175179.0,1.4695581240310945e+18,City of Los Angeles,34.09628,30.0,2024-11-30,0
180937776.0,1.4687464565266376e+18,Other Cities,34.01174,2.0,2026-05-21,51
258778921.0,1.4693672102184046e+18,City of Los Angeles,34.09364,30.0,2024-12-16,0
332413847.0,1.4696406873180805e+18,City of Los Angeles,34.04625,30.0,nan,0
5993253.0,1.4626950437611835e+18,Other Cities,34.16429,7.0,2021-05-04,0
360498888.0,1.5293300204288868e+18,Other Cities,33.88654,1.0,2022-11-21,0
250312632.0,1.463299036811945e+18,City of Los Angeles,34.12823,30.0,2020-10-14,0
38112228.0,1.4655703998755397e+18,City of Los Angeles,34.05584,30.0,2024-05-08,0
12006747.0,1.4628781019140047e+18,Other Cities,34.09752,1.0,2026-06-07,21
171180364.0,1.4684829454515666e+18,City of Los Angeles,34.08848,30.0,nan,0
10654388.0,1.4628463406425946e+18,City of Los Angeles,33.97839,2.0,2026-05-09,31
352682737.0,1.469704582750156e+18,City of Los Angeles,34.12368,30.0,2020-08-22,0
170671482.0,1.4686590592993252e+18,City of Los Angeles,34.08375,30.0,2026-05-18,5
13992754.0,1.462588573334751e+18,City of Los Angeles,34.04460572423988,30.0,2023-01-17,0
105397712.0,1.4628838021578547e+18,Other Cities,34.13378,1.0,2026-05-31,48
38621815.0,1.4655775130900086e+18,Other Cities,33.902241,2.0,2026-06-06,39
213959518.0,1.463191950912014e+18,Other Cities,33.92471,1.0,2026-05-17,52
51257061.0,1.4657972962928594e+18,City of Los Angeles,34.15856,30.0,nan,0
13856777.0,1.4625880394424305e+18,Other Cities,33.83642803565816,1.0,2026-06-11,36
348379911.0,1.4696918974907162e+18,City of Los Angeles,34.09111,30.0,2025-06-07,0
71030757.0,1.4668789011321636e+18,City of Los Angeles,34.08681,30.0,nan,0
71030757.0,1.4668789011321636e+18,City of Los Angeles,34.05188,30.0,2022-05-19,0
215278887.0,1.4691282861120197e+18,Other Cities,34.02247,1.0,2026-05-24,1
5994344.0,1.46269506146504e+18,City of Los Angeles,34.0154,30.0,2026-05-30,4
3817812.0,1.4626401366803354e+18,City of Los Angeles,34.17821,31.0,2023-01-23,0
354002062.0,1.463514526447468e+18,Unincorporated Areas,34.12179,4.0,2023-01-03,0
1443289.0,1.4625459609779953e+18,City of Los Angeles,34.12443,30.0,2025-09-26,2
327802832.0,1.4696272234004303e+18,City of Los Angeles,34.10071,30.0,2025-05-07,0
171180364.0,1.4684829454515666e+18,City of Los Angeles,34.05114,30.0,2021-05-08,0
49827223.0,1.4627142192784632e+18,City of Los Angeles,34.06741,30.0,2025-08-13,1
266841273.0,1.4694109946222257e+18,City of Los Angeles,33.99609,90.0,2020-11-28,0
169996009.0,1.463040801050921e+18,Unincorporated Areas,33.99338,15.0,nan,0
5979300.0,1.4626944598449137e+18,Other Cities,33.90573,30.0,2023-09-30,0
344374837.0,1.4696798568870108e+18,Other Cities,33.92648,1.0,2025-11-30,2
357573977.0,1.4697154699686638e+18,Other Cities,34.08897,2.0,2026-04-30,16
2477978.0,1.4625961914871613e+18,City of Los Angeles,34.12798,30.0,2024-08-25,0
171180364.0,1.4684829454515666e+18,City of Los Angeles,34.08823,30.0,2024-02-06,0
79067759.0,1.466967039740517e+18,Other Cities,33.8591,29.0,2023-07-26,0
235268792.0,1.4692525548438986e+18,Other Cities,33.89506,2.0,nan,0
152835196.0,1.4684985809365652e+18,City of Los Angeles,34.17637,30.0,nan,0
232802129.0,1.4692406905992556e+18,City of Los Angeles,34.04508,1.0,2026-05-25,6
15278195.0,1.46295848201309e+18,Other Cities,34.01003,30.0,2026-06-01,5
35401776.0,1.4655230313850924e+18,City of Los Angeles,34.04593,30.0,2022-08-25,0
200464454.0,1.4631415535842084e+18,City of Los Angeles,33.996433,1.0,2026-06-11,39
142065266.0,1.4629662704044513e+18,City of Los Angeles,34.05792,30.0,2022-08-01,0
100261260.0,1.467204101617473e+18,City of Los Angeles,34.106628,2.0,2026-06-08,20
146247652.0,1.468435940837429e+18,Unincorporated Areas,34.11482,1.0,2026-06-09,37
371231553.0,1.469751535551059e+18,Other Cities,33.94592,5.0,2024-09-17,0
68246933.0,1.4668435610456113e+18,City of Los Angeles,34.15578,30.0,2023-08-05,0
22303156.0,1.4631765343908086e+18,City of Los Angeles,34.02926,30.0,2021-06-30,0
369886344.0,1.469747653774657e+18,City of Los Angeles,34.146512854385676,2.0,2026-05-22,26
101537031.0,1.4628738812383334e+18,City of Los Angeles,34.10216,31.0,2022-08-08,0
155173.0,1.4625111409698117e+18,Other Cities,34.16212,1.0,2026-05-21,44
83974354.0,1.4670155294204145e+18,City of Los Angeles,34.04687,30.0,2020-11-08,0
367030224.0,1.4697399479501181e+18,Other Cities,33.83849,1.0,2024-03-18,0
250312632.0,1.463299036811945e+18,City of Los Angeles,34.19379,30.0,2023-06-16,0
204906497.0,1.4690689593618455e+18,Other Cities,34.05024,1.0,2025-03-23,0
316323364.0,1.4695976560536712e+18,City of Los Angeles,34.03673,30.0,2025-08-16,1
47788766.0,1.4657217675817564e+18,City of Los Angeles,34.01641,31.0,2026-02-23,2
13992754.0,1.462588573334751e+18,City of Los Angeles,34.04491034519137,30.0,2026-06-07,7
72156410.0,1.4668916099930406e+18,City of Los Angeles,34.14133,30.0,nan,0
144460150.0,1.4684217650302907e+18,Other Cities,34.06873,1.0,2021-11-21,0
71719539.0,1.4627957441608259e+18,Other Cities,34.06582,3.0,2026-05-25,8
371694915.0,1.46975303393558e+18,Other Cities,34.06157,1.0,2024-09-29,0
278296819.0,1.4694662139143726e+18,City of Los Angeles,33.99282,30.0,2022-07-19,0
7660373.0,1.462737882625365e+18,Other Cities,33.81158,3.0,2026-06-10,17
113529539.0,1.4681728714738883e+18,Other Cities,33.89261,30.0,2022-07-30,0
171180364.0,1.4684829454515666e+18,City of Los Angeles,34.10104,30.0,2022-09-10,0
371694915.0,1.46975303393558e+18,Other Cities,34.06139,1.0,2025-09-14,1
205539927.0,1.4690721203598236e+18,City of Los Angeles,33.82966,30.0,2025-08-24,2
3873030.0,1.4625323202821445e+18,City of Los Angeles,34.02604,2.0,2026-06-11,26
50314315.0,1.465769768445622e+18,City of Los Angeles,34.04866,30.0,2025-06-18,1
335548490.0,1.4634726990487547e+18,Unincorporated Areas,33.99206,1.0,2023-05-30,0
9408143.0,1.462813380250221e+18,Other Cities,34.09116,30.0,nan,0
25326961.0,1.465340288112116e+18,City of Los Angeles,33.98805,31.0,2026-03-12,5
31598786.0,1.4626556142260567e+18,City of Los Angeles,34.09918,30.0,2022-02-20,0
2433283.0,1.4625949601201684e+18,City of Los Angeles,34.17496,30.0,nan,0
230016718.0,1.4692261372455017e+18,City of Los Angeles,34.1046,31.0,nan,0
373070765.0,1.4697574123315922e+18,Other Cities,33.87494,3.0,2026-04-27,11
17376699.0,1.4630086663970947e+18,Other Cities,34.13669,31.0,2025-12-01,2
11017407.0,1.462576865228263e+18,Unincorporated Areas,34.09081,3.0,2024-08-09,0
305027922.0,1.4634234015601428e+18,Other Cities,34.17936,2.0,2026-02-23,4
7208009.0,1.4627260938268416e+18,City of Los Angeles,33.9716280075686,31.0,2023-01-18,0
97425489.0,1.467173658957871e+18,Other Cities,33.78064,30.0,2025-09-16,1
33249323.0,1.4654868282916524e+18,City of Los Angeles,34.01425,30.0,2025-05-01,0
247149994.0,1.4632903749284864e+18,City of Los Angeles,34.21438,30.0,2022-02-26,0
374464274.0,1.469761655941433e+18,City of Los Angeles,34.0578,31.0,2026-04-24,2
174430823.0,1.4686921960995428e+18,Other Cities,34.56082,9.0,2025-08-24,8
3282150.0,1.4626247100350454e+18,Unincorporated Areas,34.12404,3.0,2026-06-14,25
374464274.0,1.469761655941433e+18,City of Los Angeles,34.09449,31.0,2025-05-03,0
13856090.0,1.4629248794630838e+18,City of Los Angeles,34.04108,30.0,2024-10-09,0
146371224.0,1.4629755914098593e+18,City of Los Angeles,33.96149,30.0,nan,0
33763998.0,1.465493631142976e+18,City of Los Angeles,34.07923,30.0,nan,0
14727082.0,1.4629454889075284e+18,City of Los Angeles,34.10008,30.0,2026-03-14,1
101537031.0,1.4628738812383334e+18,Other Cities,34.09354,31.0,2025-09-15,2
381217720.0,1.4697798282073695e+18,City of Los Angeles,34.02157,31.0,2026-04-05,3
101380848.0,1.467216298166782e+18,City of Los Angeles,34.10072,31.0,nan,0
107434423.0,1.462889176402806e+18,Other Cities,33.8397326,31.0,2023-04-08,0
374464274.0,1.469761655941433e+18,City of Los Angeles,34.09491,31.0,2026-01-06,2
36583822.0,1.465544871435958e+18,City of Los Angeles,33.97963,2.0,2026-05-29,46
23393781.0,1.4626250794979674e+18,Unincorporated Areas,34.07491,1.0,2026-05-28,82
23705864.0,1.4652775326158533e+18,City of Los Angeles,34.164382446952594,31.0,2026-02-28,4
59679791.0,1.4667238342378232e+18,Other Cities,34.07288,1.0,2026-04-19,12
32636784.0,1.465478658257042e+18,City of Los Angeles,34.12041,30.0,2023-03-05,0
300581073.0,1.4695426776543657e+18,Other Cities,34.14291,1.0,2023-01-15,0
75166.0,1.4625085394112448e+18,Other Cities,34.00637,1.0,2026-06-08,28
314727229.0,1.4695935988271524e+18,City of Los Angeles,34.11656,30.0,2026-02-19,4
13273309.0,1.462907499971543e+18,City of Los Angeles,33.98269681273853,6.0,2025-07-29,1
377718820.0,1.469771071355859e+18,City of Los Angeles,34.19443,2.0,2026-05-22,42
27070813.0,1.4653993649265928e+18,Unincorporated Areas,33.91915,1.0,2026-03-02,16
93329397.0,1.4628554982247808e+18,Other Cities,33.94535,31.0,2025-11-30,2
152862766.0,1.4684988158410588e+18,Other Cities,34.01738,30.0,2026-03-30,4
126644161.0,1.4629318896934497e+18,Other Cities,33.96554,2.0,2026-05-18,14
166053391.0,1.4686107350145633e+18,Other Cities,33.76267,1.0,2026-06-08,3
11351063.0,1.4628628408246467e+18,City of Los Angeles,33.98831,4.0,2025-10-26,1
378859287.0,1.4697741400672937e+18,Other Cities,34.05094,2.0,2024-08-06,0
22626581.0,1.4631844099665713e+18,City of Los Angeles,34.05699,30.0,2026-05-24,4
121228077.0,1.4682317769051904e+18,Other Cities,34.06189,1.0,2021-06-05,0
72933825.0,1.462809300960564e+18,City of Los Angeles,34.07842,31.0,2024-10-15,0
2071492.0,1.4625220424739779e+18,City of Los Angeles,34.02395,365.0,2021-03-14,0
891818.0,1.4625149610061594e+18,City of Los Angeles,34.04816,30.0,2026-04-30,2
150947922.0,1.4684835247493716e+18,City of Los Angeles,34.10689,1.0,2026-06-14,79
103499464.0,1.462879066355372e+18,Other Cities,33.91629,1.0,2021-03-18,0
390393697.0,1.4698075960743954e+18,City of Los Angeles,34.05028,30.0,2025-12-15,2
33249323.0,1.4654868282916524e+18,City of Los Angeles,34.02248,31.0,2026-05-16,3
110393389.0,1.4673350778493494e+18,City of Los Angeles,34.21915,30.0,2026-04-07,1
129670896.0,1.4683002137918525e+18,City of Los Angeles,34.08114,2.0,2026-05-07,11
29834154.0,1.46543976474724e+18,City of Los Angeles,34.02286,30.0,2021-02-16,0
113614913.0,1.4681734579218468e+18,Unincorporated Areas,33.98486,2.0,2023-07-03,0
154855781.0,1.4685148633374633e+18,City of Los Angeles,33.96983,30.0,nan,0
359102869.0,1.4697195739843487e+18,City of Los Angeles,34.23086,30.0,2024-09-30,0
24303784.0,1.4626287657205862e+18,Other Cities,34.02977752685547,2.0,2026-04-19,4
242660248.0,1.4692881657203366e+18,City of Los Angeles,34.20749,30.0,2021-08-30,0
385634231.0,1.4697926611457818e+18,City of Los Angeles,34.04361,30.0,2023-09-15,0
107434423.0,1.462889176402806e+18,Other Cities,33.8323458,31.0,2022-07-30,0
271118401.0,1.4633520197911086e+18,Other Cities,33.3405,2.0,2026-05-31,9
9448345.0,1.4625696339676774e+18,City of Los Angeles,34.13705,1.0,2026-06-08,81
115962230.0,1.4681901356525158e+18,Unincorporated Areas,34.106712,1.0,2026-05-31,48
294339830.0,1.469520627370222e+18,City of Los Angeles,34.04051,2.0,2026-05-31,13
101537031.0,1.4628738812383334e+18,City of Los Angeles,34.10237,31.0,2025-01-01,0
302269005.0,1.4695493831818885e+18,Other Cities,34.15352,3.0,2026-06-14,34
187905475.0,1.468973291633969e+18,City of Los Angeles,34.07757,2.0,2026-06-14,2
389399513.0,1.4635894819641981e+18,Other Cities,33.83169,1.0,2025-07-27,1
392382993.0,1.4698136663377884e+18,Other Cities,33.76697,31.0,2025-02-05,0
25326961.0,1.465340288112116e+18,City of Los Angeles,33.99018,31.0,2026-06-05,4
292343009.0,1.4695143889619244e+18,Other Cities,33.881729,28.0,2024-04-11,0
10836210.0,1.462850776047243e+18,City of Los Angeles,33.98186,90.0,2024-11-28,0
172220118.0,1.4686719736631488e+18,City of Los Angeles,33.977596,500.0,nan,0
387057650.0,1.4697971968804938e+18,Other Cities,34.65601,7.0,2022-04-24,0
33888167.0,1.4654953231831867e+18,Other Cities,33.92515,31.0,2026-02-26,3
42220.0,1.4625074613472084e+18,Other Cities,33.78904,1.0,2025-07-28,1
49049566.0,1.465746118151777e+18,City of Los Angeles,34.06925,30.0,2025-09-30,1
201092.0,1.4625124894997036e+18,City of Los Angeles,34.15878,30.0,2023-08-13,0
18838309.0,1.4630628849447306e+18,Other Cities,34.16118782625429,30.0,2025-12-16,3
79146654.0,1.4628238515814326e+18,Other Cities,34.02367,30.0,2026-02-15,1
40163894.0,1.4626837374877335e+18,City of Los Angeles,34.18899,31.0,2025-03-06,0
64545429.0,1.4667981069427758e+18,City of Los Angeles,34.02741,31.0,2026-05-01,4
107434423.0,1.462889176402806e+18,City of Los Angeles,34.0453898,31.0,2023-11-19,0
7304663.0,1.4627285326174938e+18,City of Los Angeles,34.05063,90.0,nan,0
7574629.0,1.462561495452913e+18,Unincorporated Areas,34.06828,2.0,2026-06-14,59
398233735.0,1.4698316437421356e+18,Other Cities,34.16623,5.0,nan,0
15811971.0,1.46297126413704e+18,City of Los Angeles,34.08798,1.0,2026-05-29,33
312075952.0,1.4695857439092703e+18,City of Los Angeles,33.9659,30.0,nan,0
12070432.0,1.462879470811336e+18,Other Cities,33.88332618664956,2.0,2026-05-05,6
394407505.0,1.469819912370303e+18,City of Los Angeles,34.10976,1.0,2026-06-05,46
100428075.0,1.467206146257714e+18,City of Los Angeles,34.0514,30.0,2022-11-01,0
26028419.0,1.465354094827024e+18,City of Los Angeles,34.10845,30.0,2026-05-30,3
900431.0,1.4625327781814228e+18,City of Los Angeles,34.09193,30.0,nan,0
33249323.0,1.4654868282916524e+18,City of Los Angeles,34.01595,30.0,2026-03-28,3
13046293.0,1.462901780847252e+18,City of Los Angeles,34.09515,30.0,2026-06-04,1
6745566.0,1.4625470780697485e+18,City of Los Angeles,34.09241,2.0,2026-05-12,6
396424677.0,1.469826298738325e+18,City of Los Angeles,33.99505,30.0,2026-03-03,4
67469870.0,1.4668337134214684e+18,City of Los Angeles,34.15701,1.0,2023-06-19,0
358489595.0,1.469717990703348e+18,Other Cities,33.96886,31.0,nan,0
6277791.0,1.4627024067844175e+18,Other Cities,34.09341,30.0,2025-01-07,0
23878290.0,1.465279883640093e+18,City of Los Angeles,33.9608,31.0,2026-04-30,1
27618684.0,1.465407844369366e+18,Unincorporated Areas,34.14356,1.0,2026-06-12,63
154132753.0,1.462993279849184e+18,City of Los Angeles,33.96019,30.0,2021-10-07,0
59362008.0,1.4627425074128218e+18,City of Los Angeles,34.06779,30.0,2026-05-31,1
311602139.0,1.469584103687817e+18,Other Cities,34.07858,1.0,nan,0
91600765.0,1.467106934786276e+18,Other Cities,34.06628,1.0,2026-03-11,26
178063361.0,1.468722377264125e+18,Other Cities,33.893368,4.0,2026-06-07,7
22921031.0,1.4626231773436854e+18,Other Cities,34.06623,365.0,2025-10-31,2
10726015.0,1.462575543105626e+18,City of Los Angeles,34.09482,30.0,2021-07-27,0
161699721.0,1.4685738363610598e+18,City of Los Angeles,34.11922388317331,30.0,2025-09-30,1
58099551.0,1.4666963897334748e+18,City of Los Angeles,34.1096,31.0,2021-08-28,0
374464274.0,1.469761655941433e+18,City of Los Angeles,34.05671,31.0,2026-05-13,1
4780152.0,1.4625372374553434e+18,City of Los Angeles,34.05544,30.0,2023-07-01,0
24641596.0,1.4653113396027953e+18,Other Cities,34.01343,2.0,2026-01-27,7
13302491.0,1.4625858531092403e+18,Other Cities,33.76157,2.0,2026-05-19,14
61168655.0,1.466753079710683e+18,Other Cities,33.91909266411832,1.0,2026-05-24,8
136251442.0,1.4683568807554004e+18,Other Cities,34.02351,31.0,2024-08-07,0
591673.0,1.462522871956341e+18,Other Cities,33.81881,31.0,2021-07-14,0
30377947.0,1.4654469256986135e+18,Other Cities,34.08928,1.0,2026-05-26,25
149722341.0,1.468463435522448e+18,City of Los Angeles,33.98595,31.0,2021-10-22,0
107166616.0,1.4628884738527864e+18,City of Los Angeles,34.0782,30.0,nan,0
13628737.0,1.4878819982250079e+18,City of Los Angeles,34.08386,30.0,2025-07-29,1
285513783.0,1.4694929379058903e+18,Other Cities,33.83937,1.0,2026-05-25,21
93444653.0,1.467128180506912e+18,City of Los Angeles,34.162193,30.0,2024-02-07,0
37632492.0,1.4655633620611453e+18,Unincorporated Areas,34.05314,3.0,2025-11-17,10
112952162.0,1.4673627916643935e+18,City of Los Angeles,34.10143,31.0,2024-11-01,0
403853749.0,1.4698500680497155e+18,City of Los Angeles,33.95149,30.0,2024-10-18,0
403782643.0,1.4698498172423101e+18,Unincorporated Areas,33.92179,1.0,2026-06-13,129
406404875.0,1.4698586495993528e+18,City of Los Angeles,34.13554,2.0,2025-06-28,1
386124.0,1.462517137706726e+18,City of Los Angeles,34.11361,1.0,2026-06-02,39
368186620.0,1.469743185579947e+18,City of Los Angeles,34.0911,30.0,2026-05-15,2
145436929.0,1.4629735090732378e+18,Other Cities,33.93679,31.0,2026-01-10,2
132238147.0,1.4629446502567012e+18,Other Cities,33.8269,1.0,2026-01-22,2
263319009.0,1.4693926363289178e+18,Unincorporated Areas,33.98481,30.0,2021-09-23,0
199316511.0,1.4631390326705257e+18,Unincorporated Areas,34.11521,5.0,2026-04-09,14
14936368.0,1.4625922024607706e+18,Other Cities,34.08213,31.0,2021-11-15,0
887612.0,1.4625323618089802e+18,Other Cities,34.09294,30.0,2024-11-27,0
60271552.0,1.4627448701356234e+18,City of Los Angeles,34.04309,1.0,2026-04-23,4
301737527.0,1.4695473109532687e+18,Other Cities,34.08598,1.0,2026-05-28,7
397241886.0,1.4698287036005596e+18,City of Los Angeles,34.10649,2.0,2026-06-07,18
100428075.0,1.467206146257714e+18,City of Los Angeles,34.05145,30.0,nan,0
10681490.0,1.4628470439443786e+18,Other Cities,34.09294,2.0,2026-06-01,10
27737426.0,1.4654095006176689e+18,City of Los Angeles,34.093502,2.0,2026-06-07,34
70531400.0,1.4668731892175112e+18,City of Los Angeles,34.03776,30.0,2023-06-01,0
46326582.0,1.465693859929035e+18,City of Los Angeles,34.03752,30.0,2023-09-04,0
101537031.0,1.4628738812383334e+18,City of Los Angeles,34.10288,31.0,2025-11-09,2
101537031.0,1.4628738812383334e+18,City of Los Angeles,34.10374,31.0,2026-01-08,2
412543443.0,1.469880220747619e+18,Other Cities,34.12673,2.0,2026-05-31,2
8823417.0,1.4627879062259533e+18,Other Cities,33.7701,1.0,2023-08-20,0
352758203.0,1.4697047886513498e+18,City of Los Angeles,34.04569,30.0,nan,0
203383220.0,1.4631476549071583e+18,Unincorporated Areas,34.49277,2.0,nan,0
94384746.0,1.4671386972558152e+18,City of Los Angeles,34.06517,30.0,nan,0
61306932.0,1.4667546062849603e+18,City of Los Angeles,33.95372,3.0,2026-05-25,18
229962882.0,1.4692258532336013e+18,Unincorporated Areas,34.04296,1.0,2024-10-19,0
407738947.0,1.4698632965974574e+18,City of Los Angeles,34.204296,30.0,2023-04-09,0
3473443.0,1.4626303846552689e+18,Unincorporated Areas,34.08342,3.0,2026-04-09,1
160747799.0,1.4630090249916646e+18,Other Cities,34.01407,3.0,2026-06-08,27
11351063.0,1.4628628408246467e+18,City of Los Angeles,33.99816,31.0,2025-09-08,1
24303784.0,1.4626287657205862e+18,Other Cities,34.039124,1.0,2026-04-17,11
383790851.0,1.4635762788962076e+18,City of Los Angeles,34.094,30.0,nan,0
194328976.0,1.4690124109486487e+18,Other Cities,34.08559,30.0,2021-09-01,0
65140400.0,1.4668054002254597e+18,Other Cities,34.623114376341185,3.0,nan,0
408152189.0,1.4636317309332833e+18,City of Los Angeles,34.04875,30.0,2022-01-02,0
2966937.0,1.4626137149347197e+18,City of Los Angeles,34.083454230069336,30.0,2023-08-21,0
389718318.0,1.4635901998013783e+18,City of Los Angeles,34.19328535965341,2.0,2026-05-24,12
326383590.0,1.4634574676382774e+18,Other Cities,34.07882,3.0,nan,0
1320729.0,1.4625173036901788e+18,City of Los Angeles,33.99865,3.0,2025-03-21,0
145436929.0,1.4629735090732378e+18,Unincorporated Areas,33.93996,1.0,2026-05-27,66
233698751.0,1.469244712510652e+18,Unincorporated Areas,33.98451,30.0,2026-05-11,1
105984158.0,1.46728554324669e+18,Other Cities,34.06759,1.0,2026-06-12,2
194154268.0,1.463106661323649e+18,City of Los Angeles,34.10534,1.0,2026-06-10,25
14661486.0,1.4629438941255375e+18,City of Los Angeles,33.98799,30.0,2023-11-05,0
23118355.0,1.4626239615544484e+18,City of Los Angeles,34.13571,4.0,2026-05-31,4
306404137.0,1.4695667052173614e+18,City of Los Angeles,34.06095,30.0,2026-05-07,2
151246451.0,1.4684858439034148e+18,City of Los Angeles,33.91054,30.0,2025-12-30,2
97447236.0,1.462864867975135e+18,Other Cities,34.067062,2.0,2025-08-27,3
385634231.0,1.4697926611457818e+18,City of Los Angeles,34.04361,30.0,2026-04-14,2
42071010.0,1.462689500625196e+18,Other Cities,34.028114,14.0,nan,0
7095361.0,1.462723294950059e+18,City of Los Angeles,34.085941314697266,30.0,2026-05-08,1
111627073.0,1.462899161836058e+18,Other Cities,33.91328,10.0,nan,0
442827977.0,1.469997484849079e+18,Unincorporated Areas,33.92383,1.0,2026-06-10,86
68011555.0,1.466840511725314e+18,City of Los Angeles,33.992203,30.0,2026-06-03,5
7291083.0,1.462560183778728e+18,Other Cities,33.99887,1.0,2026-05-04,26
416178733.0,1.469892565001082e+18,Other Cities,34.16482,3.0,2026-05-16,8
140113248.0,1.4629621204340803e+18,City of Los Angeles,34.10974,31.0,2026-01-17,2
24303784.0,1.4626287657205862e+18,City of Los Angeles,34.100662,2.0,2026-04-26,12
416889386.0,1.4698953499133064e+18,Unincorporated Areas,33.82301,6.0,2022-09-30,0
417065735.0,1.4698959564989804e+18,Other Cities,34.5945,1.0,2025-09-04,2
417065735.0,1.4698959564989804e+18,Other Cities,34.593624114990234,3.0,2026-01-10,3
3097566.0,1.4626182913507228e+18,Other Cities,34.07756,7.0,2026-05-17,2
169930749.0,1.468642720247514e+18,City of Los Angeles,34.031822,30.0,2026-02-06,3
389050267.0,1.469803392093756e+18,City of Los Angeles,34.04716781961961,30.0,nan,0
419414143.0,1.4699051653356145e+18,City of Los Angeles,34.0543797,30.0,2024-10-15,0
275440424.0,1.4694528921174574e+18,City of Los Angeles,34.20255,30.0,2026-01-31,2
23273340.0,1.4652709724119498e+18,Other Cities,33.75962,31.0,2026-04-28,3
107096136.0,1.467298135779184e+18,Unincorporated Areas,34.02121,1.0,2026-05-31,23
12415550.0,1.4628872436937728e+18,Other Cities,33.99383,2.0,2026-06-09,26
6051566.0,1.4626965502544507e+18,Other Cities,34.16369,4.0,2024-10-10,0
372457.0,1.4625168540292728e+18,City of Los Angeles,33.99009,30.0,2026-05-31,4
37190671.0,1.462674427261769e+18,City of Los Angeles,34.13307,30.0,2025-08-02,2
237884504.0,1.469265703586327e+18,Other Cities,34.15011,30.0,2025-01-25,0
121628761.0,1.4629211057253194e+18,City of Los Angeles,34.11226,30.0,2022-06-28,0
58868601.0,1.4667067480829967e+18,City of Los Angeles,34.05429,30.0,nan,0
61858545.0,1.4667609196489213e+18,Other Cities,33.85686492919922,29.0,2026-03-31,5
422098426.0,1.4636618753989053e+18,Other Cities,34.07833,2.0,2026-05-27,9
365502524.0,1.4697358340600435e+18,Other Cities,34.06087,2.0,2026-05-25,10
261233446.0,1.4693806959612895e+18,Other Cities,34.15098190307617,3.0,2026-05-30,18
417236016.0,1.469896587531402e+18,Other Cities,33.79655079023217,30.0,nan,0
170082386.0,1.4686439079035528e+18,City of Los Angeles,34.01949,31.0,2021-11-02,0
4033754.0,1.4626455637265062e+18,City of Los Angeles,34.11658,31.0,2026-04-12,2
40149339.0,1.4626836942154112e+18,City of Los Angeles,33.74741825752245,30.0,2023-09-11,0
422221737.0,1.4636621818443108e+18,City of Los Angeles,33.99988,30.0,2022-04-13,0
200093506.0,1.4690438116134354e+18,Other Cities,34.01591,1.0,2026-05-31,30
164766159.0,1.463029308861649e+18,Other Cities,34.0064,2.0,2022-05-29,0
38112228.0,1.4655703998755397e+18,Other Cities,34.069627847722266,365.0,2026-04-30,2
3870481.0,1.4625323075323182e+18,City of Los Angeles,34.09432,30.0,2026-04-29,2
29445494.0,1.4654335301022487e+18,Other Cities,33.89649,30.0,2022-12-03,0
9094009.0,1.462794740216615e+18,City of Los Angeles,34.03512,2.0,2026-06-12,53
31174815.0,1.4654587409448927e+18,Unincorporated Areas,33.98242950439453,1.0,2026-06-12,65
72933825.0,1.462809300960564e+18,City of Los Angeles,34.0859696970485,2.0,2026-06-07,5
350219064.0,1.4696975895272614e+18,Other Cities,34.67054,5.0,2025-06-30,1
104684443.0,1.4672581689129551e+18,Other Cities,33.87446975708008,30.0,nan,0
30060541.0,1.462650245375824e+18,Other Cities,34.08754,2.0,2022-03-12,0
424940867.0,1.4699271269721193e+18,City of Los Angeles,34.1891,2.0,2026-05-24,17
314181970.0,1.4695917916492733e+18,Unincorporated Areas,34.121754,1.0,2026-05-18,10
40235104.0,1.4656000213780762e+18,City of Los Angeles,34.04541,30.0,2026-02-19,1
48100558.0,1.462708742398507e+18,Other Cities,34.10499,1.0,2026-06-14,36
170272076.0,1.4630520429984271e+18,City of Los Angeles,34.04912,30.0,2026-01-14,1
419634917.0,1.4699059451914184e+18,Other Cities,34.00702,1.0,2026-05-31,44
79090892.0,1.4669672955597855e+18,City of Los Angeles,34.19086,30.0,2025-11-16,1
37792762.0,1.4626763599476908e+18,City of Los Angeles,34.03556,30.0,2023-06-16,0
5149499.0,1.462673990210935e+18,City of Los Angeles,34.04663,30.0,2022-12-17,0
259327169.0,1.4693699379010248e+18,Other Cities,33.88609,1.0,2026-06-11,43
189602141.0,1.4689833124844902e+18,Other Cities,34.14819,30.0,2024-07-26,0
202100268.0,1.4690546719716877e+18,City of Los Angeles,34.02114,31.0,2025-07-27,1
55705795.0,1.4659122159698798e+18,Unincorporated Areas,33.99037373081959,3.0,nan,0
442252932.0,1.4637122037674066e+18,Other Cities,34.13187,5.0,2026-05-31,7
275841961.0,1.4694548175749755e+18,City of Los Angeles,34.23653,30.0,2025-03-30,0
185224377.0,1.4689576723713787e+18,City of Los Angeles,34.11268,30.0,nan,0
15021342.0,1.4629523374606106e+18,Other Cities,33.86317,3.0,2022-09-26,0
82724252.0,1.467002992338728e+18,City of Los Angeles,34.14882,30.0,2022-02-06,0
159624014.0,1.4630062101852447e+18,City of Los Angeles,34.17507,30.0,2026-01-03,1
144632839.0,1.4684230748453327e+18,City of Los Angeles,34.08699,31.0,2026-05-14,3
335548490.0,1.4634726990487547e+18,Unincorporated Areas,33.99234,1.0,2023-04-24,0
4895873.0,1.4626678119740877e+18,City of Los Angeles,33.9913,30.0,2026-04-30,4
140650292.0,1.468391246755657e+18,Other Cities,33.97099,31.0,2022-07-10,0
275440424.0,1.4694528921174574e+18,City of Los Angeles,34.2026,30.0,2023-05-23,0
270157060.0,1.463349887324874e+18,Unincorporated Areas,33.92353,31.0,2025-06-23,1
313898592.0,1.4695910881673674e+18,Other Cities,34.09321,3.0,2026-06-09,21
415520881.0,1.4636470057692547e+18,Other Cities,33.76405,31.0,2023-02-24,0
7343396.0,1.4627294642834002e+18,Other Cities,33.89379,30.0,nan,0
37615472.0,1.4655631743166902e+18,City of Los Angeles,34.17303,3.0,2026-01-05,17
61275034.0,1.4667542251273272e+18,Other Cities,34.03285,1.0,2026-06-14,11
139495212.0,1.468382369347004e+18,City of Los Angeles,34.12973,30.0,nan,0
117185679.0,1.4629111267432883e+18,City of Los Angeles,34.1118223,2.0,2026-05-17,9
166692024.0,1.468615353885999e+18,City of Los Angeles,34.03742,30.0,nan,0
152862766.0,1.4684988158410588e+18,City of Los Angeles,34.02015,30.0,2025-10-18,2
83158851.0,1.467007368981161e+18,City of Los Angeles,33.97165,30.0,2021-12-19,0
168053754.0,1.4686255256194335e+18,Other Cities,34.167801,2.0,2024-11-18,0
69385886.0,1.4668579565226112e+18,Other Cities,34.07905728452671,1.0,2026-05-31,11
270425588.0,1.4694284013284805e+18,City of Los Angeles,34.05288,30.0,nan,0
334182287.0,1.463470336531394e+18,City of Los Angeles,33.96041,30.0,2022-04-13,0
185224377.0,1.4689576723713787e+18,City of Los Angeles,34.17982,30.0,nan,0
333375.0,1.4625159423616512e+18,City of Los Angeles,34.00481,365.0,nan,0
17849093.0,1.4626039461214725e+18,City of Los Angeles,34.11506,30.0,2023-05-02,0
431052375.0,1.4636840554732214e+18,City of Los Angeles,34.05114,30.0,2026-03-29,2
269409017.0,1.469423523006421e+18,Other Cities,33.96552,31.0,2022-10-31,0
265283566.0,1.4694033244766756e+18,City of Los Angeles,34.05956,30.0,2022-07-14,0
372484950.0,1.4697554663438648e+18,Unincorporated Areas,34.11376,1.0,2025-05-25,0
372484950.0,1.4697554663438648e+18,Unincorporated Areas,34.11337,3.0,2026-02-15,2
165857246.0,1.4686093218824968e+18,Other Cities,33.90438,1.0,2026-05-15,24
171346889.0,1.4686646172822525e+18,Other Cities,33.95326,31.0,2025-11-21,2
401239338.0,1.463616732067358e+18,City of Los Angeles,34.07254,1.0,2026-06-05,26
53476092.0,1.462726095570289e+18,Unincorporated Areas,33.939502465346585,1.0,2026-05-26,2
432962791.0,1.4699598468989622e+18,City of Los Angeles,34.14755,30.0,2022-01-02,0
11737246.0,1.462871879798418e+18,City of Los Angeles,34.1111,3.0,2026-05-26,27
15475053.0,1.4629632103943683e+18,City of Los Angeles,34.02869,2.0,2026-05-31,26
162290184.0,1.463012964689375e+18,Other Cities,34.07661,3.0,2023-12-06,0
10150669.0,1.4625728914043681e+18,Other Cities,33.93724,1.0,2024-12-21,0
34556090.0,1.465508076907866e+18,Unincorporated Areas,33.9407,30.0,2024-06-25,0
25551648.0,1.4626339616031875e+18,City of Los Angeles,34.15153503417969,30.0,2026-01-30,1
17787808.0,1.4626037229634383e+18,City of Los Angeles,34.25684,30.0,nan,0
436444988.0,1.4699736531077358e+18,Other Cities,34.06213,2.0,2022-02-15,0
435085752.0,1.4699683395823027e+18,City of Los Angeles,34.16115,2.0,2026-06-07,43
3097566.0,1.4626182913507228e+18,Other Cities,34.07683622038157,3.0,nan,0
642607.0,1.462524667417485e+18,City of Los Angeles,34.00418,30.0,2024-05-01,0
177028080.0,1.4687144684187095e+18,City of Los Angeles,34.0321970970254,2.0,2026-06-07,1
80687336.0,1.4628273305486807e+18,Unincorporated Areas,33.93227,1.0,2026-04-03,14
229603019.0,1.469223727385053e+18,City of Los Angeles,34.08941,30.0,2026-05-15,1
125095571.0,1.4629285427726292e+18,Unincorporated Areas,33.92405,3.0,2026-05-27,13
439263581.0,1.4699840629851743e+18,Other Cities,33.90746046469942,1.0,2024-09-12,0
137754898.0,1.4683688012064676e+18,City of Los Angeles,34.27536,30.0,2022-10-01,0
71382509.0,1.4668828576653494e+18,City of Los Angeles,33.96257,30.0,nan,0
440142712.0,1.469987354492581e+18,Unincorporated Areas,33.89001,3.0,2026-05-23,26
235679315.0,1.469254529280384e+18,City of Los Angeles,33.98243,31.0,2023-07-12,0
35472136.0,1.4655241240555052e+18,Unincorporated Areas,33.89244,1.0,2026-06-09,22
190457689.0,1.4630978831151383e+18,Other Cities,33.9466348,4.0,2024-08-05,0
128287463.0,1.4682883226212585e+18,City of Los Angeles,34.12139271911157,30.0,nan,0
435078088.0,1.4636944549976333e+18,Other Cities,34.02124,2.0,2026-04-25,23
176426481.0,1.4630657227270205e+18,City of Los Angeles,34.15876,1.0,2026-05-12,25
107434423.0,1.462889176402806e+18,Other Cities,33.77487,31.0,2022-05-31,0
440388297.0,1.4699883123302195e+18,City of Los Angeles,34.07074,30.0,2024-04-30,0
3097566.0,1.4626182913507228e+18,Other Cities,34.0811309248564,7.0,2025-07-02,1
8763731.0,1.462566545336681e+18,City of Los Angeles,33.71133,30.0,2026-06-06,5
195871503.0,1.4690211683679002e+18,Other Cities,34.1503,30.0,nan,0
232889379.0,1.4632424707004623e+18,City of Los Angeles,34.04022,30.0,2022-05-31,0
431052375.0,1.4636840554732214e+18,City of Los Angeles,34.05255,30.0,2026-06-01,4
437733564.0,1.4699785890633943e+18,Other Cities,34.01682,1.0,nan,0
124441015.0,1.4629269740346079e+18,City of Los Angeles,34.19958,30.0,nan,0
375215833.0,1.469763857399285e+18,City of Los Angeles,34.04675,30.0,nan,0
55411.0,1.4625078125174797e+18,City of Los Angeles,34.1094,31.0,2026-06-02,1
160060.0,1.4625112720188564e+18,City of Los Angeles,33.94973,2.0,2026-05-11,7
267059117.0,1.4633421919308675e+18,Unincorporated Areas,34.66597,3.0,2025-02-14,0
25952079.0,1.4653528238116347e+18,Other Cities,34.02582,1.0,2026-06-21,2
33694089.0,1.4626627960456727e+18,City of Los Angeles,34.07347,30.0,2023-02-18,0
407285490.0,1.4636298358995958e+18,Other Cities,33.93901,1.0,2026-05-15,36
443616142.0,1.4700006364135304e+18,Other Cities,34.15707,2.0,2024-05-19,0
443456631.0,1.4700000880953572e+18,City of Los Angeles,34.178209715947624,30.0,2024-09-18,0
374244953.0,1.4697610813208914e+18,City of Los Angeles,34.06345,30.0,nan,0
246904764.0,1.469309728071135e+18,Other Cities,34.00484,3.0,2026-06-09,25
214676841.0,1.463193591697474e+18,Other Cities,34.69084,3.0,2026-06-15,12
107511346.0,1.4673030103873782e+18,City of Los Angeles,34.21623,30.0,2025-05-19,0
257404898.0,1.4693599154693489e+18,City of Los Angeles,34.09894,30.0,2026-04-09,3
68145872.0,1.462786858633418e+18,City of Los Angeles,34.22709,30.0,2022-04-10,0
2757897.0,1.4626071508441242e+18,Other Cities,33.769570331556245,31.0,2023-03-15,0
430406674.0,1.4699494004291315e+18,City of Los Angeles,34.1456,185.0,nan,0
442010277.0,1.469994557634777e+18,Unincorporated Areas,33.97125,1.0,nan,0
265283566.0,1.4694033244766756e+18,City of Los Angeles,34.06166,30.0,2026-05-05,1
266405035.0,1.469408745344804e+18,City of Los Angeles,34.00188,30.0,2026-04-01,1
172773539.0,1.4630575050271503e+18,City of Los Angeles,34.16945,30.0,nan,0
81583752.0,1.466991484076821e+18,City of Los Angeles,34.1664793,2.0,2026-06-08,14
4780152.0,1.4625372374553434e+18,City of Los Angeles,34.05465,30.0,2024-11-24,0
3702569.0,1.462637464367814e+18,City of Los Angeles,34.02247,31.0,2025-12-20,1
246722635.0,1.469308753341774e+18,City of Los Angeles,34.100219556104214,30.0,2024-10-31,0
107434423.0,1.462889176402806e+18,City of Los Angeles,34.0459565,31.0,nan,0
173262513.0,1.4630586185019533e+18,Other Cities,34.7069,2.0,2026-06-15,46
80773656.0,1.4669836295839112e+18,City of Los Angeles,34.10679106423485,30.0,nan,0
21185255.0,1.463148760725249e+18,City of Los Angeles,34.03379,30.0,2026-03-23,2
442700945.0,1.4699971903390973e+18,Other Cities,33.98053,2.0,2026-04-30,24
34541122.0,1.4655077192512635e+18,City of Los Angeles,33.95505,30.0,nan,0
352628060.0,1.4697044118994908e+18,City of Los Angeles,34.02843,82.0,nan,0
442124538.0,1.4637118287154035e+18,City of Los Angeles,33.97392,1.0,2026-06-14,1
34944056.0,1.462667030605694e+18,City of Los Angeles,34.25699,2.0,2026-06-15,8
271600069.0,1.469434007003873e+18,Other Cities,33.93099,7.0,2025-08-06,3
164211304.0,1.46859646789535e+18,City of Los Angeles,34.07443,2.0,2026-04-27,5
125577126.0,1.4682655388246858e+18,City of Los Angeles,34.12115968859937,30.0,2026-04-26,3
396273605.0,1.4698258037949455e+18,Unincorporated Areas,33.99464,1.0,2022-11-01,0
101417465.0,1.4672167391665423e+18,Other Cities,33.94399,31.0,2025-07-07,1
48538599.0,1.4627101293008858e+18,Unincorporated Areas,34.38877,15.0,2025-12-12,2
444318469.0,1.4700032498836746e+18,Other Cities,33.89992,30.0,nan,0
124895425.0,1.4682600152462205e+18,City of Los Angeles,34.06226,30.0,nan,0
237068416.0,1.4692615537318676e+18,City of Los Angeles,34.19603,30.0,2026-01-11,1
23719876.0,1.4652777230417587e+18,Other Cities,34.11271,30.0,2026-05-30,2
15606215.0,1.4629663223831227e+18,Other Cities,34.17703,30.0,2024-07-09,0
237716788.0,1.4692648783224481e+18,Unincorporated Areas,33.93976,2.0,2023-06-11,0
404577050.0,1.4636241780771855e+18,Other Cities,33.92865,20.0,2022-10-30,0
5467632.0,1.4626815432160883e+18,City of Los Angeles,34.16215,30.0,2026-06-07,7
35259467.0,1.4655208912991493e+18,City of Los Angeles,34.025345,30.0,2024-01-31,0
30377947.0,1.4654469256986135e+18,Other Cities,34.08803,1.0,2026-06-04,18
409283839.0,1.4698689420929388e+18,Other Cities,33.79685,2.0,2026-06-14,43
442499187.0,1.4637127866822257e+18,Other Cities,34.08068,2.0,2025-09-10,3
445571173.0,1.4637200758922678e+18,City of Los Angeles,34.07071,30.0,2026-06-01,9
107434423.0,1.462889176402806e+18,City of Los Angeles,34.1415729,31.0,2023-05-13,0
389718318.0,1.4635901998013783e+18,City of Los Angeles,34.192886086098895,2.0,2026-01-25,2
6867419.0,1.4625476384954437e+18,City of Los Angeles,34.05299377441406,30.0,nan,0
32200127.0,1.4654730156114918e+18,Other Cities,33.76802981653513,31.0,2026-05-07,2
91160761.0,1.4671021128006395e+18,Other Cities,33.88127585266386,2.0,2026-02-24,13
110737815.0,1.4673388761108055e+18,Unincorporated Areas,33.97768,3.0,2024-11-11,0
447473919.0,1.470015049056915e+18,Other Cities,34.06045,3.0,2026-04-17,22
27407429.0,1.4626409103874442e+18,Other Cities,33.80488,31.0,2022-07-31,0
26058277.0,1.4626359365450404e+18,City of Los Angeles,34.05882,30.0,2022-11-02,0
48282030.0,1.4657297710668616e+18,Unincorporated Areas,34.09901,2.0,2026-06-14,6
100192421.0,1.4672034699336123e+18,City of Los Angeles,34.11474,1.0,2026-05-31,80
417677987.0,1.4698983439501348e+18,City of Los Angeles,34.1252,30.0,2026-04-29,2
187543153.0,1.4689710804153244e+18,City of Los Angeles,33.968902615869006,30.0,nan,0
17980439.0,1.463033429152598e+18,Other Cities,33.89236907324858,30.0,nan,0
429328729.0,1.4636797217769244e+18,Other Cities,34.066662,1.0,2026-05-08,28
4780315.0,1.4626652301342287e+18,Other Cities,34.03465,70.0,2026-06-10,2
58724964.0,1.4667035298345085e+18,Other Cities,33.88489532470703,1.0,2026-06-13,42
229716119.0,1.4692243934537344e+18,City of Los Angeles,34.04403,31.0,2025-12-06,1
229603019.0,1.469223727385053e+18,City of Los Angeles,34.087767470105106,30.0,nan,0
395997628.0,1.4698249904791552e+18,City of Los Angeles,34.16819,30.0,nan,0
143567965.0,1.462969458930378e+18,Other Cities,34.14105,1.0,2026-06-14,5
347836150.0,1.469690078620645e+18,Other Cities,34.13459,2.0,2026-06-05,5
222270217.0,1.46917642121879e+18,City of Los Angeles,34.09379,30.0,2023-04-24,0
95721812.0,1.4671531933222198e+18,Unincorporated Areas,33.97983,3.0,2022-03-14,0
23719876.0,1.4652777230417587e+18,Other Cities,34.11496,30.0,2025-08-18,1
93539496.0,1.4671293008426575e+18,Other Cities,34.06467,1.0,2026-05-26,35
241142720.0,1.4692815820055388e+18,Other Cities,34.41953,29.0,2026-03-31,1
90338757.0,1.4670929866614403e+18,Other Cities,34.41248,1.0,2026-01-04,9
451635980.0,1.470033209313489e+18,City of Los Angeles,34.1766,30.0,nan,0
40316530.0,1.4656010691540475e+18,City of Los Angeles,34.02392,1.0,2026-06-07,67
430094148.0,1.4699481850667044e+18,City of Los Angeles,34.09741,30.0,2026-05-24,18
451859633.0,1.470034145481436e+18,Other Cities,34.0596,10.0,2026-02-26,1
295494535.0,1.4695241790949975e+18,City of Los Angeles,34.02459,30.0,2026-04-08,3
99696114.0,1.467198286763512e+18,City of Los Angeles,34.17281,32.0,nan,0
136453625.0,1.468358528592849e+18,Other Cities,33.87181,30.0,nan,0
405005646.0,1.4698538035544136e+18,Other Cities,33.971855,31.0,2026-01-02,1
5074904.0,1.4626722498027648e+18,City of Los Angeles,34.0757687395043,14.0,2026-01-05,1
656587.0,1.4625251505508175e+18,City of Los Angeles,34.10598,30.0,2025-11-09,6
11182400.0,1.4625775339401367e+18,City of Los Angeles,34.04609,30.0,2022-12-19,0
103337122.0,1.4672407999285647e+18,Other Cities,34.16008,30.0,2026-03-01,3
129167600.0,1.4682957949386616e+18,Unincorporated Areas,33.98995,30.0,2026-05-18,3
50952614.0,1.4657894611279078e+18,Other Cities,34.00523,2.0,2024-07-06,0
457275710.0,1.5293327931427786e+18,Other Cities,33.82802,3.0,2026-06-13,8
180060339.0,1.4630737377599547e+18,Other Cities,33.88739,30.0,2025-10-31,2
61647966.0,1.4627484646065452e+18,City of Los Angeles,33.996245063356454,30.0,2026-05-16,14
206023095.0,1.4690745995385303e+18,City of Los Angeles,33.993622168619986,1.0,2026-04-06,2
480053.0,1.4625194271928428e+18,Other Cities,34.0577,30.0,2024-01-18,0
417195791.0,1.469896391907299e+18,City of Los Angeles,34.08577,2.0,2024-05-12,0
17479183.0,1.463011105803966e+18,Other Cities,33.871319,2.0,2025-09-14,5
159624014.0,1.4630062101852447e+18,City of Los Angeles,34.17566,30.0,2025-07-01,1
202896222.0,1.4690587075601638e+18,City of Los Angeles,33.95895,30.0,2023-12-19,0
24640799.0,1.4653113308759795e+18,Other Cities,34.05841,365.0,2025-07-31,1
453553584.0,1.4700407948585585e+18,Other Cities,34.09139,2.0,2026-05-12,10
455396857.0,1.4700490758838367e+18,Other Cities,33.96463,1.0,2026-06-03,92
32682806.0,1.4654792693287055e+18,City of Los Angeles,34.14302,30.0,nan,0
456941750.0,1.470056977822085e+18,City of Los Angeles,34.04994,31.0,2026-05-11,1
421031360.0,1.4699114335290266e+18,Unincorporated Areas,33.94273,2.0,2026-06-14,30
1126652.0,1.4625377254331336e+18,City of Los Angeles,34.03078,30.0,2026-04-11,1
457312659.0,1.4700585912580518e+18,Other Cities,33.87911,2.0,2025-02-17,0
107434423.0,1.462889176402806e+18,City of Los Angeles,33.96152,31.0,nan,0
28758911.0,1.4654242652140605e+18,City of Los Angeles,34.233669,31.0,2026-01-31,3
457501032.0,1.4700595289731517e+18,City of Los Angeles,34.1344,30.0,nan,0
23722312.0,1.4626263917372436e+18,Unincorporated Areas,34.143478,30.0,2023-04-05,0
94069291.0,1.4671352285221983e+18,Other Cities,34.04254,2.0,2025-05-11,0
30319720.0,1.465446091961555e+18,Other Cities,34.06347,1.0,2025-08-04,3
182717331.0,1.4687627788746898e+18,Other Cities,33.91285,2.0,2024-11-02,0
316193663.0,1.4695973823105454e+18,Other Cities,33.77602,2.0,2026-06-14,37
107434423.0,1.462889176402806e+18,City of Los Angeles,34.1850257,31.0,2024-12-01,0
185032718.0,1.4630849690779305e+18,Other Cities,34.07847,1.0,2026-05-27,70
173194006.0,1.4686805916040586e+18,City of Los Angeles,34.17123,30.0,2026-02-15,2
458329747.0,1.4700635580132518e+18,City of Los Angeles,34.1400581,1.0,2026-06-13,25
10150669.0,1.4625728914043681e+18,Unincorporated Areas,33.93702,1.0,2024-11-14,0
313898592.0,1.4695910881673674e+18,Other Cities,34.09327,1.0,2026-05-26,4
348975618.0,1.4696938389529805e+18,City of Los Angeles,34.20568,30.0,nan,0
43381460.0,1.4626936033299763e+18,Other Cities,33.746685,30.0,2025-12-08,1
12163035.0,1.462881515587329e+18,Other Cities,33.767555,2.0,2026-06-11,54
129506319.0,1.468298705390405e+18,Other Cities,33.99256,1.0,2026-03-01,4
187543153.0,1.4689710804153244e+18,Other Cities,34.06751,7.0,2024-11-18,0
120948578.0,1.4682295647654454e+18,Other Cities,33.86627114061988,1.0,nan,0
10974750.0,1.462854018838721e+18,City of Los Angeles,34.07915496826172,2.0,2026-06-03,55
456022994.0,1.470052072953446e+18,City of Los Angeles,34.10248,30.0,2023-06-18,0
52266757.0,1.4658424552608374e+18,Other Cities,34.3889,30.0,2023-08-01,0
49827223.0,1.4627142192784632e+18,City of Los Angeles,34.06724166870117,30.0,2022-08-08,0
452097341.0,1.4637360218544246e+18,Unincorporated Areas,34.39758,1.0,2024-06-20,0
68010689.0,1.487904911575164e+18,Other Cities,33.9623,31.0,2025-06-28,1
85177378.0,1.462837376189964e+18,City of Los Angeles,34.16242,30.0,2026-03-01,2
267059117.0,1.4633421919308675e+18,Other Cities,34.64954,3.0,2026-05-20,1
120641582.0,1.4682271273453158e+18,City of Los Angeles,34.052814,1.0,2026-05-25,68
9475775.0,1.4628151180759322e+18,Unincorporated Areas,34.18658,2.0,2025-08-10,1
97692341.0,1.4671768038424056e+18,City of Los Angeles,33.997665,30.0,2023-09-25,0
22024388.0,1.463169733468036e+18,City of Los Angeles,34.14009,24.0,2026-06-01,2
338394698.0,1.4696583636792668e+18,City of Los Angeles,34.0279,1.0,2026-05-13,26
346090388.0,1.4634954055700833e+18,City of Los Angeles,34.17535,30.0,2025-07-17,5
357894962.0,1.4697164503922074e+18,City of Los Angeles,34.05585,30.0,2024-04-01,0
462176271.0,1.470082245339679e+18,Other Cities,33.78908,3.0,2026-06-09,34
384179121.0,1.4697882278146785e+18,Unincorporated Areas,34.06836657237478,2.0,2026-05-11,13
395980248.0,1.469824882192841e+18,City of Los Angeles,34.19334,30.0,2024-07-22,0
6260962.0,1.4627020116051507e+18,Other Cities,33.770651984592675,31.0,2025-02-15,0
420866194.0,1.4699107274345093e+18,Other Cities,33.75902557373047,2.0,2026-05-27,24
463289248.0,1.4700874803378862e+18,City of Los Angeles,34.10441,2.0,2026-02-16,20
148677062.0,1.4684555130788001e+18,Other Cities,33.79916,30.0,2023-02-07,0
353400767.0,1.4635136978008604e+18,Other Cities,33.91749,5.0,2025-05-17,0
112952162.0,1.4673627916643935e+18,City of Los Angeles,34.10137,31.0,2025-03-27,0
159632662.0,1.4630062333342858e+18,Other Cities,33.878498,2.0,2026-04-20,17
76584914.0,1.4628179994378365e+18,Other Cities,33.87028,2.0,2026-06-07,29
55978676.0,1.465917076097424e+18,City of Los Angeles,34.22275974772055,2.0,2026-06-15,17
461327393.0,1.4700779635996892e+18,Other Cities,34.38298,1.0,2026-06-06,40
49965549.0,1.4657635348237601e+18,City of Los Angeles,34.04661,30.0,2026-02-21,4
229286997.0,1.4692219352734006e+18,Other Cities,34.0912553016918,1.0,2026-06-02,67
458518563.0,1.4700644926695631e+18,Unincorporated Areas,34.09229,3.0,2022-08-19,0
432265197.0,1.4699566731901432e+18,Other Cities,33.83773,2.0,2025-08-19,7
214551398.0,1.4631932858086162e+18,City of Los Angeles,34.00021,30.0,2023-04-28,0
456529349.0,1.470054956641872e+18,Other Cities,34.07658,7.0,2022-08-26,0
386405372.0,1.4697952885931034e+18,Other Cities,33.75768,1.0,2026-06-07,27
167659522.0,1.4681774853910236e+18,Unincorporated Areas,34.190728,1.0,2026-04-26,14
472293224.0,1.470130231673664e+18,City of Los Angeles,34.00194,30.0,2023-05-07,0
17424690.0,1.463009802193858e+18,Other Cities,33.9729496,31.0,2026-02-18,2
93329397.0,1.4628554982247808e+18,Unincorporated Areas,34.00052,1.0,2026-05-29,69
101312187.0,1.4672155907087263e+18,Other Cities,34.09694,1.0,2024-07-26,0
98053010.0,1.4671805105053107e+18,Other Cities,33.95551,1.0,2026-06-01,67
31322619.0,1.46546073151271e+18,Other Cities,34.0873644,3.0,2025-06-03,0
375328299.0,1.4635580295411812e+18,Unincorporated Areas,33.98925,1.0,2024-08-12,0
66124136.0,1.4668174324058015e+18,Other Cities,33.969096530849306,31.0,nan,0
182280566.0,1.4687588378908787e+18,City of Los Angeles,33.99737,2.0,2026-05-04,6
9645266.0,1.4628195093476746e+18,Other Cities,34.16125,1.0,2026-06-07,35
25138314.0,1.4626323027062467e+18,Other Cities,33.82099,1.0,2023-07-16,0
25775242.0,1.4626348426315548e+18,Other Cities,33.99612,1.0,2026-05-30,5
26698095.0,1.4653741041360468e+18,City of Los Angeles,34.07356286561224,30.0,2026-01-31,1
6011784.0,1.4626954730481055e+18,Other Cities,34.04114,7.0,2025-08-09,2
163102483.0,1.468587179211614e+18,Other Cities,33.8863857,2.0,2026-06-14,7
16310225.0,1.4625974163310508e+18,Other Cities,34.03613,30.0,2026-05-31,4
28309895.0,1.4626441160606423e+18,City of Los Angeles,34.15764,30.0,nan,0
461952007.0,1.4700810833942943e+18,City of Los Angeles,34.08112,30.0,2023-07-21,0
14585417.0,1.462942143853646e+18,Unincorporated Areas,34.11559,2.0,2026-06-14,37
2121006.0,1.4625869047995999e+18,Unincorporated Areas,34.0785234,1.0,2026-06-12,75
271119199.0,1.4694316166982047e+18,Other Cities,34.03324,2.0,2026-03-10,7
15623924.0,1.462966748491119e+18,Other Cities,34.00699,30.0,2026-05-03,5
216932983.0,1.4631988504946194e+18,City of Los Angeles,34.032080952649906,30.0,2024-07-05,0
77958307.0,1.4628211938066995e+18,City of Los Angeles,34.06239045330201,30.0,2025-12-14,1
12984713.0,1.4629002510270769e+18,Other Cities,34.09168,2.0,2026-06-01,30
425245004.0,1.4699283822581868e+18,City of Los Angeles,34.08688,30.0,nan,0
1845441.0,1.4625799008665083e+18,Unincorporated Areas,33.94175,2.0,2025-01-19,0
55697716.0,1.462732434902002e+18,Other Cities,33.84273,1.0,2025-02-22,0
354196415.0,1.4697080047012106e+18,City of Los Angeles,34.0481101564005,30.0,2025-05-18,0
4033754.0,1.4626455637265062e+18,City of Los Angeles,34.11617,31.0,2026-04-12,2
445616502.0,1.4637201982017014e+18,Other Cities,33.9001345,1.0,2026-05-18,43
440663469.0,1.4699892996502738e+18,City of Los Angeles,34.19828,30.0,2023-01-31,0
25551648.0,1.4626339616031875e+18,City of Los Angeles,34.1832896,30.0,nan,0
40892572.0,1.4656087208342546e+18,Other Cities,33.82101,2.0,2026-04-25,6
61467205.0,1.4667564108559852e+18,City of Los Angeles,34.1622,30.0,2023-09-30,0
197374789.0,1.4690287208731566e+18,City of Los Angeles,34.27086,30.0,2026-03-11,1
371066398.0,1.4697510008327747e+18,Unincorporated Areas,33.90835,4.0,2025-01-16,0
456371895.0,1.4700539326097764e+18,Other Cities,34.00884509999999,2.0,2024-06-30,0
41322776.0,1.4656143705948127e+18,Other Cities,34.15507,31.0,2024-08-12,0
30850484.0,1.4654543729305587e+18,City of Los Angeles,34.0438745,30.0,2025-01-09,0
471932172.0,1.4701285565094935e+18,City of Los Angeles,34.19331,30.0,nan,0
63797228.0,1.4879040399819052e+18,Other Cities,34.00994,31.0,2024-08-17,0
464314373.0,1.4700923413138926e+18,City of Los Angeles,33.94131,3.0,2026-05-31,6
419614967.0,1.4699058813289254e+18,City of Los Angeles,34.11019,2.0,2026-05-11,40
54392353.0,1.465886026857735e+18,City of Los Angeles,34.1139,31.0,2023-08-11,0
378146791.0,1.4697721968534464e+18,City of Los Angeles,34.19023540000001,30.0,nan,0
4204831.0,1.4625342123861412e+18,Unincorporated Areas,34.11664,1.0,2026-06-01,18
97489266.0,1.462864952526969e+18,Other Cities,34.10191,2.0,2022-10-16,0
466864094.0,1.4701047023029576e+18,City of Los Angeles,34.17643,30.0,2023-08-21,0
466932712.0,1.4701051294910838e+18,City of Los Angeles,34.0489378517007,40.0,2025-04-03,0
24768974.0,1.46531424668304e+18,Other Cities,34.08406,1.0,nan,0
14488107.0,1.462939745057202e+18,City of Los Angeles,34.18481,31.0,nan,0
46306166.0,1.4656935244117878e+18,Other Cities,33.96518,31.0,nan,0
82511320.0,1.4670008852705992e+18,Other Cities,34.1553,2.0,2026-05-16,25
17308502.0,1.463007072336195e+18,City of Los Angeles,34.00979,30.0,nan,0
393586118.0,1.4698173172086116e+18,Other Cities,33.79235150094273,2.0,2026-06-01,8
245912547.0,1.4693045418536033e+18,Other Cities,33.9218,30.0,2024-11-30,0
4780152.0,1.4625372374553434e+18,City of Los Angeles,34.05609,30.0,nan,0
469995882.0,1.4701195251002929e+18,Other Cities,34.02073,1.0,2026-06-01,40
178478519.0,1.4630702319611154e+18,City of Los Angeles,34.05377,31.0,2026-04-21,1
355548576.0,1.4697100073494502e+18,Unincorporated Areas,33.98724,1.0,2023-12-01,0
21265650.0,1.463150772189807e+18,Other Cities,34.04720432275854,1.0,2026-06-04,31
11842191.0,1.4625801600927816e+18,City of Los Angeles,33.9951,2.0,2026-06-07,5
441104112.0,1.469991139783394e+18,Other Cities,34.17265,31.0,2026-06-01,4
473894356.0,1.470136958756839e+18,Other Cities,33.7901252,2.0,2026-06-12,24
59107073.0,1.4627418303865103e+18,City of Los Angeles,34.14121,30.0,2026-05-30,3
112482260.0,1.4673580532106194e+18,Other Cities,34.00795,14.0,2024-06-09,0
470453134.0,1.4701216197278446e+18,Other Cities,33.77052,31.0,nan,0
246084907.0,1.4693054546005993e+18,Other Cities,34.15328,2.0,2026-06-01,24
119676461.0,1.468219422667742e+18,City of Los Angeles,34.17599,30.0,2026-04-05,1
73216704.0,1.4669033411255923e+18,Other Cities,34.16202677624804,2.0,2026-05-23,14
19823742.0,1.4630919034238848e+18,Other Cities,33.76292,1.0,2026-04-19,11
1609358.0,1.462563019930865e+18,City of Los Angeles,34.11381,1.0,2026-06-06,57
419490416.0,1.46990543934806e+18,Other Cities,33.82614976286746,2.0,2026-03-15,9
3825986.0,1.462640394535201e+18,Other Cities,33.90433,2.0,2026-05-17,27
23981941.0,1.465281419657419e+18,Other Cities,34.086469197660364,30.0,nan,0
464432827.0,1.4700929903580575e+18,Other Cities,34.0733281,1.0,2026-05-24,26
464661356.0,1.4700940518191598e+18,City of Los Angeles,34.16863,3.0,2024-09-01,0
476302249.0,1.4637924572479693e+18,Other Cities,33.95544822839046,1.0,2026-06-14,84
18055761.0,1.4630351011884268e+18,Other Cities,33.97909215756907,31.0,2024-07-08,0
474760371.0,1.4701406054663665e+18,City of Los Angeles,34.2561505,30.0,2025-07-19,4
425373096.0,1.4699288804531197e+18,Other Cities,33.88783,30.0,nan,0
11354035.0,1.4628628866041656e+18,City of Los Angeles,34.16891,2.0,2026-05-31,28
107434423.0,1.462889176402806e+18,City of Los Angeles,34.1014894,31.0,nan,0
368186620.0,1.469743185579947e+18,City of Los Angeles,34.08928,30.0,2026-03-25,4
78704707.0,1.466963369554541e+18,Other Cities,34.11546,1.0,2026-06-11,50
474347166.0,1.4701388757059459e+18,Other Cities,34.59241,1.0,2023-03-13,0
68351542.0,1.4627873699876214e+18,Other Cities,34.17268,1.0,2026-06-13,129
71030757.0,1.4668789011321636e+18,City of Los Angeles,34.05351,30.0,2023-10-09,0
100428075.0,1.467206146257714e+18,City of Los Angeles,34.08864,30.0,nan,0
100428075.0,1.467206146257714e+18,City of Los Angeles,34.05327,30.0,nan,0
99123002.0,1.4671919135954176e+18,City of Los Angeles,33.9586,30.0,nan,0
474667917.0,1.470140265633891e+18,City of Los Angeles,34.16987,30.0,2026-01-30,1
366941113.0,1.469739691908536e+18,Other Cities,34.07754,3.0,2023-12-31,0
178166619.0,1.4687231496757896e+18,City of Los Angeles,34.01241,3.0,nan,0
431947237.0,1.4699553824412068e+18,Other Cities,34.15047,2.0,nan,0
245829034.0,1.4693042556111017e+18,Other Cities,33.90725,2.0,2026-03-02,6
190124777.0,1.4689866595039823e+18,Other Cities,34.08964,2.0,nan,0
139344695.0,1.4683812713046717e+18,Other Cities,34.05251,2.0,2026-02-23,12
193800968.0,1.4690089344102664e+18,Other Cities,34.62165,2.0,2026-05-31,4
471741631.0,1.4637824093724867e+18,Unincorporated Areas,34.67666525078976,1.0,2026-05-26,37
475835013.0,1.4701451196679992e+18,Other Cities,33.89173343460752,1.0,2026-06-15,126
33249323.0,1.4654868282916524e+18,City of Los Angeles,34.02913,31.0,2025-07-29,1
444692513.0,1.4637180336069092e+18,Other Cities,34.04815,2.0,2026-05-17,9
187888138.0,1.4689732088670543e+18,City of Los Angeles,34.09877,30.0,nan,0
47167870.0,1.4657075960118413e+18,Other Cities,34.1507031921675,3.0,nan,0
163476998.0,1.46859075706248e+18,City of Los Angeles,34.15905,30.0,2025-02-05,0
477298764.0,1.4701509765761147e+18,City of Los Angeles,34.0785964,30.0,nan,0
246084907.0,1.4693054546005993e+18,Other Cities,34.14965945831118,1.0,2026-06-15,27
608946.0,1.4625129701226644e+18,City of Los Angeles,34.17155,2.0,2026-06-01,10
242401551.0,1.4692869459802268e+18,Other Cities,34.67454,1.0,2026-05-29,19
9030025.0,1.4625677432528072e+18,City of Los Angeles,34.13598,3.0,2026-05-17,29
157633627.0,1.4685366780147686e+18,Other Cities,33.7669898,1.0,2026-05-30,80
13604397.0,1.462915537402664e+18,City of Los Angeles,34.06468246996615,30.0,2023-03-26,0
13931847.0,1.4629266124609487e+18,Other Cities,34.09038,30.0,2026-06-03,4
127269297.0,1.4682797664563743e+18,Other Cities,33.94696,31.0,2024-03-17,0
480149269.0,1.4701626976136548e+18,City of Los Angeles,34.0989198,30.0,nan,0
35392308.0,1.4626685586831524e+18,Other Cities,33.92702,1.0,2026-06-06,80
83325375.0,1.467009124263831e+18,City of Los Angeles,34.09873,30.0,nan,0
450643377.0,1.470029108497618e+18,City of Los Angeles,34.04698,30.0,2023-08-22,0
453035481.0,1.4637383301709092e+18,City of Los Angeles,34.06662,30.0,2022-12-13,0
311402209.0,1.4695833584873503e+18,City of Los Angeles,34.16296,3.0,nan,0
51742446.0,1.465812023896254e+18,City of Los Angeles,33.88266,30.0,nan,0
23004859.0,1.4631938108446866e+18,Other Cities,34.07628,2.0,2026-04-18,9
411679036.0,1.469877342746397e+18,City of Los Angeles,34.04127061137584,1.0,2026-06-06,25
71030757.0,1.4668789011321636e+18,City of Los Angeles,34.05265,31.0,nan,0
472753071.0,1.4701321620457044e+18,Other Cities,34.10264,10.0,2026-03-31,4
107434423.0,1.462889176402806e+18,City of Los Angeles,34.1423726,31.0,2022-11-04,0
452155073.0,1.4700353408969874e+18,Other Cities,34.08931,2.0,2023-01-02,0
481348884.0,1.470167669796684e+18,Unincorporated Areas,34.04267,1.0,nan,0
79090892.0,1.4669672955597855e+18,City of Los Angeles,34.16776,30.0,2026-02-14,2
481582221.0,1.4701689377343432e+18,Other Cities,34.6435078,3.0,2023-02-26,0
481691304.0,1.47016937709086e+18,City of Los Angeles,34.1001471,31.0,nan,0
159624014.0,1.4630062101852447e+18,City of Los Angeles,34.19131,30.0,nan,0
15775229.0,1.462970388820935e+18,City of Los Angeles,34.01741,30.0,2024-04-01,0
422221737.0,1.4636621818443108e+18,City of Los Angeles,33.9985746,30.0,2023-09-01,0
480649927.0,1.4701647940489626e+18,Other Cities,33.87138,30.0,2025-08-21,1
213592085.0,1.4691168213439805e+18,City of Los Angeles,34.08579,3.0,2026-06-09,6
147992676.0,1.4684502141708626e+18,Other Cities,34.24443,3.0,2026-02-28,1
94688631.0,1.4671419984337623e+18,City of Los Angeles,34.10146,30.0,2025-06-24,1
365502524.0,1.4697358340600435e+18,Other Cities,34.04846,2.0,2026-05-09,19
466858237.0,1.4637714830407795e+18,Unincorporated Areas,33.98379500213494,2.0,2026-06-05,57
141929.0,1.4625099949369567e+18,City of Los Angeles,34.10065,1.0,2026-04-07,8
31698824.0,1.4654657906034365e+18,City of Los Angeles,34.12422,30.0,2026-03-31,3
306554796.0,1.469567158118999e+18,Other Cities,33.83332,2.0,2024-12-28,0
483177518.0,1.4638086115007498e+18,City of Los Angeles,34.1771497,30.0,2024-09-15,0
397709005.0,1.4636087298480937e+18,Other Cities,34.65163,2.0,2026-05-25,6
312413711.0,1.4695865932110364e+18,Other Cities,34.68019855634771,7.0,nan,0
117208468.0,1.4681999811046712e+18,City of Los Angeles,34.03281,30.0,2026-05-26,4
471029329.0,1.470124431659134e+18,Other Cities,33.99573,30.0,2026-04-30,1
33319367.0,1.4654877074984722e+18,Unincorporated Areas,33.89263,1.0,2026-05-30,49
371999895.0,1.4635502391075907e+18,Other Cities,34.05512,1.0,2026-06-01,20
485807541.0,1.4638150019714493e+18,Other Cities,34.45475,2.0,2026-06-02,32
714569.0,1.4625137185104937e+18,Other Cities,34.17027,30.0,2026-05-08,2
43544904.0,1.465646532037947e+18,Other Cities,34.11487,3.0,2026-05-27,24
417195791.0,1.469896391907299e+18,City of Los Angeles,34.14591,2.0,2023-12-31,0
199535668.0,1.4631395185458908e+18,City of Los Angeles,34.03667077428012,30.0,nan,0
109277585.0,1.4628936944161103e+18,City of Los Angeles,34.081,30.0,2026-04-19,24
249426084.0,1.469322269896112e+18,Other Cities,34.07224,1.0,2026-06-02,29
157813427.0,1.4685382593863468e+18,City of Los Angeles,34.06635,30.0,nan,0
233163395.0,1.4632431660628524e+18,Other Cities,34.02463,2.0,2023-09-29,0
110280456.0,1.4673337898197064e+18,City of Los Angeles,34.09329,30.0,nan,0
43464750.0,1.4656453778745375e+18,Other Cities,33.85432,31.0,2026-04-15,2
19684108.0,1.4626103270669786e+18,City of Los Angeles,34.1570486,30.0,2023-10-11,0
34884226.0,1.4655146938055268e+18,City of Los Angeles,34.008626700075475,30.0,2025-06-01,0
239226595.0,1.4632593934268127e+18,City of Los Angeles,34.04816,30.0,2026-05-24,2
21178004.0,1.4626161565084193e+18,City of Los Angeles,34.15413739242884,30.0,2024-06-11,0
478334322.0,1.470155099080004e+18,Other Cities,34.10264,1.0,2026-06-09,67
25551648.0,1.4626339616031875e+18,City of Los Angeles,33.9927521,30.0,2023-07-01,0
8595758.0,1.4627714634160573e+18,Other Cities,34.00151,2.0,2026-05-17,14
16220392.0,1.4625970712465034e+18,Other Cities,33.89942,3.0,2026-04-13,2
259811860.0,1.4633233973338819e+18,City of Los Angeles,33.7215,30.0,2023-08-09,0
3301619.0,1.462625247914084e+18,City of Los Angeles,33.96076,30.0,2025-07-31,1
484830479.0,1.4638126055935762e+18,City of Los Angeles,34.06705,30.0,nan,0
484924696.0,1.47018310256648e+18,Other Cities,33.98867,28.0,nan,0
127269297.0,1.4682797664563743e+18,Other Cities,33.94498604669564,31.0,2023-11-30,0
463580100.0,1.4700890047686113e+18,City of Los Angeles,34.04562,30.0,2023-07-31,0
672999.0,1.4625256950764375e+18,City of Los Angeles,34.09894829389669,31.0,nan,0
41384568.0,1.4656152022456443e+18,Other Cities,34.01438,5.0,2025-12-28,2
40736340.0,1.4656066670398433e+18,City of Los Angeles,34.09788513183594,4.0,2026-04-21,4
483988774.0,1.4701790940794478e+18,City of Los Angeles,34.17074,30.0,2025-03-31,0
484138982.0,1.4701797442994755e+18,Other Cities,33.35481,2.0,2026-06-01,19
457005571.0,1.4637479811013005e+18,Other Cities,34.1465,2.0,2025-10-10,9
494578989.0,1.4879810594622938e+18,Other Cities,33.34052,2.0,2026-05-31,17
9857464.0,1.4628253701053386e+18,Other Cities,33.76633,2.0,2026-04-24,8
296847500.0,1.4695289502025705e+18,Other Cities,34.15211,2.0,2026-04-06,4
38615196.0,1.4655774224940398e+18,Other Cities,33.8493105,30.0,2026-06-07,2
465269429.0,1.4700969875739612e+18,Unincorporated Areas,34.12395,1.0,2023-08-06,0
487613482.0,1.4701944589714066e+18,Unincorporated Areas,33.802133071418766,3.0,2026-05-25,9
346057942.0,1.4634953538878694e+18,Unincorporated Areas,33.98319,2.0,2024-12-14,0
24088290.0,1.4652829187233943e+18,Unincorporated Areas,33.97276,1.0,nan,0
226081122.0,1.469202199191023e+18,City of Los Angeles,34.15620659970877,30.0,2023-11-26,0
489869893.0,1.4702051726045568e+18,City of Los Angeles,34.120611,30.0,2025-04-19,0
10135357.0,1.4625728165608072e+18,Unincorporated Areas,33.9160866,1.0,2026-06-12,52
475329461.0,1.4637902990176049e+18,City of Los Angeles,34.0792443,30.0,2024-01-23,0
405006164.0,1.46985394367001e+18,City of Los Angeles,34.05224,30.0,nan,0
461952007.0,1.4700810833942943e+18,City of Los Angeles,34.07927,30.0,2025-03-05,0
224572822.0,1.4691922132502272e+18,Unincorporated Areas,33.96559,2.0,2026-05-16,30
488914646.0,1.4638226637688233e+18,Other Cities,33.91304,30.0,2026-01-29,2
127603926.0,1.4682826284738596e+18,Other Cities,33.97667,31.0,nan,0
28822067.0,1.4654251132463552e+18,City of Los Angeles,34.0699187,30.0,nan,0
59869714.0,1.466726975076905e+18,City of Los Angeles,33.99873,30.0,2026-06-07,23
146556409.0,1.4684385531715558e+18,Other Cities,33.944,2.0,2026-03-16,9
398678639.0,1.4698329511244984e+18,Other Cities,33.94295246744021,1.0,2026-05-31,116
2621263.0,1.4626030515794035e+18,Other Cities,34.217981814425876,1.0,2026-01-02,2
16481065.0,1.462987664856644e+18,City of Los Angeles,33.98793172478667,3.0,2026-06-14,4
14904742.0,1.4629497043461535e+18,Other Cities,34.1379859,2.0,2026-06-13,25
2065237.0,1.462585508071554e+18,Other Cities,34.03843945858821,1.0,2026-06-09,25
42058284.0,1.462689455994826e+18,City of Los Angeles,34.20421,30.0,2026-05-30,1
31457432.0,1.4654624667451164e+18,Other Cities,34.13643,3.0,2023-01-03,0
8498475.0,1.4627689184578278e+18,Other Cities,34.09633,31.0,2024-09-25,0
188042488.0,1.463092116506439e+18,City of Los Angeles,34.0987852,30.0,2024-12-11,0
492278190.0,1.470216640503956e+18,Other Cities,34.11157,1.0,2026-05-28,25
479346570.0,1.4701593432148385e+18,City of Los Angeles,33.94711,30.0,2025-09-03,1
24343470.0,1.4652868201872133e+18,Other Cities,34.127099969213575,60.0,nan,0
41403517.0,1.465615460288097e+18,Unincorporated Areas,34.11576,2.0,2026-05-26,34
274809244.0,1.4633614912271342e+18,City of Los Angeles,34.07918,3.0,2023-01-09,0
25551648.0,1.4626339616031875e+18,Other Cities,34.0939052,30.0,2024-04-01,0
31993459.0,1.465470095612246e+18,City of Los Angeles,34.154501391746464,3.0,2026-06-15,23
188042488.0,1.463092116506439e+18,City of Los Angeles,34.117713647966816,30.0,2025-05-04,0
491590799.0,1.4702135219579574e+18,Other Cities,34.6493673,1.0,2023-11-15,0
315163725.0,1.4695945573959347e+18,Other Cities,34.67974,1.0,2026-03-19,4
25551648.0,1.4626339616031875e+18,Other Cities,34.09391,30.0,2026-02-01,1
30850484.0,1.4654543729305587e+18,City of Los Angeles,34.0438745,30.0,2025-08-03,1
398078768.0,1.4698311431530337e+18,Other Cities,33.90442,2.0,2025-01-04,0
173093409.0,1.4686797497232998e+18,Other Cities,33.96361,31.0,nan,0
7527138.0,1.462734366577211e+18,Other Cities,34.00777,5.0,2024-08-05,0
106090789.0,1.4672867757073388e+18,Other Cities,34.15728,5.0,2026-06-03,14
10138463.0,1.4628325934929152e+18,City of Los Angeles,34.17082,1.0,2026-05-30,37
470802358.0,1.4701233934169428e+18,Other Cities,33.87067,29.0,nan,0
464249575.0,1.463765269810505e+18,Other Cities,34.1002541,1.0,2026-05-25,73
491200440.0,1.470211610763952e+18,Other Cities,33.95364,31.0,2026-04-01,1
97184730.0,1.4671707826690132e+18,Other Cities,34.01535,2.0,2026-06-14,58
38510748.0,1.4626786612521782e+18,Other Cities,34.15383,29.0,2023-07-01,0
587378.0,1.462522747154088e+18,City of Los Angeles,34.07056,30.0,2026-01-09,1
209100861.0,1.463159822487641e+18,Other Cities,33.97451722842538,2.0,2026-05-27,29
15568503.0,1.462965433181467e+18,City of Los Angeles,34.04110217636639,30.0,2025-08-10,1
12102385.0,1.4625811453213768e+18,Other Cities,33.89143,1.0,2026-06-07,25
168820278.0,1.4686328103213448e+18,Other Cities,34.107929213092454,1.0,2026-05-03,31
493961446.0,1.470223700112387e+18,Unincorporated Areas,33.9381787,3.0,2026-05-25,14
9889759.0,1.4628262182546598e+18,Other Cities,34.0141614,2.0,2026-01-05,2
71880300.0,1.4627961527162432e+18,City of Los Angeles,34.18291098880138,30.0,nan,0
492457508.0,1.470217448701116e+18,Other Cities,34.0763386,1.0,2026-05-27,45
491255253.0,1.470211925047718e+18,Other Cities,34.0145,1.0,2026-06-02,32
88151605.0,1.4670588250728622e+18,City of Los Angeles,34.101891774114335,30.0,nan,0
25326961.0,1.465340288112116e+18,City of Los Angeles,33.9869043,31.0,2025-07-06,1
422996440.0,1.469919338510785e+18,Unincorporated Areas,33.93747,1.0,2026-02-16,13
4033754.0,1.4626455637265062e+18,City of Los Angeles,34.11735,31.0,2025-08-04,1
192174195.0,1.4689989913517476e+18,City of Los Angeles,34.04902,30.0,nan,0
494555355.0,1.4702262756603986e+18,City of Los Angeles,34.1084557,2.0,2026-06-01,23
422914353.0,1.4699189323029663e+18,City of Los Angeles,34.17074147931936,31.0,nan,0
62429205.0,1.466770024790927e+18,City of Los Angeles,33.984901210379405,1.0,2026-06-10,12
9075429.0,1.4627942990566595e+18,Unincorporated Areas,34.0903049,3.0,2026-03-31,11
11842191.0,1.4625801600927816e+18,City of Los Angeles,33.98155422603701,30.0,nan,0
449090851.0,1.463728607625703e+18,City of Los Angeles,34.15896123626079,1.0,2025-10-11,1
195222810.0,1.469017404963766e+18,Other Cities,33.82094025550589,12.0,2026-05-10,3
30911507.0,1.4654551749341268e+18,Other Cities,34.14058139999999,30.0,nan,0
466448133.0,1.4701026229991875e+18,City of Los Angeles,34.19143638403314,2.0,2025-07-06,3
14937411.0,1.462950438131067e+18,Other Cities,34.09493,30.0,nan,0
52467934.0,1.4627230733581637e+18,Other Cities,33.85857,2.0,2025-03-02,0
4780152.0,1.4625372374553434e+18,City of Los Angeles,34.05552,30.0,nan,0
221744662.0,1.4632097831634895e+18,Other Cities,34.420325,1.0,2026-05-28,32
496491340.0,1.4638390082925716e+18,Other Cities,34.08959,2.0,2026-05-31,30
496944100.0,1.4702360085670717e+18,Other Cities,34.14556,1.0,nan,0
159390555.0,1.463005615479717e+18,City of Los Angeles,34.04756,4.0,2026-05-25,14
23518965.0,1.465274364424303e+18,Unincorporated Areas,34.42895,1.0,nan,0
67976961.0,1.4879049071002954e+18,City of Los Angeles,34.08097386854,30.0,2024-09-10,0
481187016.0,1.4701669481177664e+18,City of Los Angeles,34.052749044903365,30.0,2024-10-16,0
89143185.0,1.4670809344573573e+18,City of Los Angeles,34.1224418,30.0,2024-08-12,0
481187016.0,1.4701669481177664e+18,City of Los Angeles,34.05269,30.0,2025-02-06,0
496944100.0,1.4702360085670717e+18,Other Cities,34.14556,1.0,nan,0
490271409.0,1.470207081599118e+18,Other Cities,33.96146,7.0,2026-05-22,8
6811243.0,1.4627158515295022e+18,Unincorporated Areas,33.98344926509796,31.0,2025-06-22,1
10337149.0,1.4625737651116544e+18,City of Los Angeles,34.0969507,30.0,nan,0
433645038.0,1.4699626737113254e+18,City of Los Angeles,34.0863898846112,30.0,2024-10-29,0
496944100.0,1.4702360085670717e+18,Other Cities,34.14556,1.0,2026-05-31,9
134446507.0,1.462949660975157e+18,Other Cities,34.018972231323616,1.0,2026-06-09,40
156186503.0,1.4685243041005187e+18,City of Los Angeles,33.99316,30.0,nan,0
40909450.0,1.4656089034304056e+18,City of Los Angeles,34.01911,30.0,2023-07-03,0
3109967.0,1.462528110062492e+18,City of Los Angeles,34.1328457,2.0,2026-04-01,17
71880300.0,1.4627961527162432e+18,City of Los Angeles,34.16846,30.0,2023-04-24,0
230096315.0,1.4692267046957903e+18,City of Los Angeles,34.04234,30.0,nan,0
425036616.0,1.46992753587821e+18,City of Los Angeles,34.17848266225462,31.0,2025-04-01,0
487743407.0,1.4701950652876718e+18,Unincorporated Areas,34.060169471555795,2.0,2026-05-24,15
293157744.0,1.4633995607539804e+18,Other Cities,34.070110754346246,1.0,2026-05-31,47
8398671.0,1.462767254040648e+18,City of Los Angeles,34.04059,3.0,2026-05-26,9
193049559.0,1.469004378513585e+18,City of Los Angeles,33.962445681823496,31.0,2024-10-31,0
33319367.0,1.4654877074984722e+18,Other Cities,33.904106398310496,1.0,2026-06-06,51
496674605.0,1.4638393827945032e+18,Unincorporated Areas,34.38843,2.0,2024-01-02,0
458498839.0,1.470064394253302e+18,Other Cities,34.14211,60.0,nan,0
6842289.0,1.4627167049647534e+18,City of Los Angeles,33.98995,30.0,nan,0
36011016.0,1.4655348776543409e+18,Unincorporated Areas,34.07067,2.0,2025-07-18,1
457005571.0,1.4637479811013005e+18,Other Cities,34.14823402849311,2.0,2026-05-26,25
51868742.0,1.4658175518190418e+18,City of Los Angeles,34.16519831253443,2.0,2026-05-24,41
10854803.0,1.4628511820045932e+18,Other Cities,34.008182,30.0,2025-08-10,1
28885555.0,1.465425908748657e+18,City of Los Angeles,34.01932,30.0,2026-03-21,4
4767064.0,1.4626649955286244e+18,City of Los Angeles,34.1664627,1.0,2026-05-25,27
502496896.0,1.4702593148007634e+18,Other Cities,34.1465494205065,1.0,2026-05-23,26
502519019.0,1.470259397281225e+18,City of Los Angeles,34.1328623,30.0,2026-01-08,5
32123634.0,1.465471903668074e+18,Unincorporated Areas,33.94145,2.0,2026-06-07,27
8595758.0,1.4627714634160573e+18,Other Cities,34.00916,2.0,2026-04-23,19
496612423.0,1.4702346114546107e+18,City of Los Angeles,34.17049,30.0,2025-05-21,0
279090305.0,1.469469519601163e+18,Other Cities,33.9293154,1.0,2024-09-01,0
499719577.0,1.4702474665226012e+18,Other Cities,34.0917,30.0,2024-10-13,0
491445262.0,1.4702128609366218e+18,City of Los Angeles,34.26813395096874,30.0,2024-05-25,0
468914943.0,1.4701142821308321e+18,Other Cities,34.08424,1.0,nan,0
168444054.0,1.468629192345456e+18,City of Los Angeles,34.10166626735998,30.0,nan,0
500034459.0,1.4702488659587092e+18,Other Cities,33.87606163343467,30.0,nan,0
11524850.0,1.4628668005934103e+18,City of Los Angeles,34.0249,30.0,2025-10-25,1
348737192.0,1.4696930360054979e+18,Other Cities,33.9055634,2.0,2025-12-14,9
459110538.0,1.4680844005548762e+18,Other Cities,33.83876,1.0,2026-05-29,21
74691982.0,1.4669191138297206e+18,City of Los Angeles,34.15317,30.0,2024-12-22,0
452627825.0,1.470037153919007e+18,Other Cities,34.1859689161892,4.0,2026-05-09,15
27476603.0,1.4654055288528666e+18,Other Cities,33.88090888469149,1.0,2026-06-01,43
503728347.0,1.4702647135460826e+18,Other Cities,34.039794767251614,1.0,2023-03-07,0
115510331.0,1.4681866909447775e+18,Other Cities,33.77238,1.0,2026-06-04,44
109065203.0,1.4673208087600983e+18,City of Los Angeles,33.95960248748418,30.0,nan,0
9234054.0,1.462808959846551e+18,City of Los Angeles,34.0995992,30.0,nan,0
101579781.0,1.4628740026757857e+18,City of Los Angeles,34.08251,2.0,2026-05-18,34
273123659.0,1.4694413704863043e+18,City of Los Angeles,34.32472158182176,2.0,2026-06-06,24
504369059.0,1.470267400534776e+18,Unincorporated Areas,33.98805,3.0,2026-05-18,23
66797286.0,1.4668251957138145e+18,City of Los Angeles,34.17231,30.0,2026-05-08,2
134796620.0,1.4683441275735378e+18,Other Cities,33.873446597016255,31.0,nan,0
500216989.0,1.4702495293165248e+18,City of Los Angeles,34.04724,30.0,nan,0
481187016.0,1.4701669481177664e+18,City of Los Angeles,34.05046,30.0,2024-04-03,0
15634629.0,1.462967026588726e+18,Other Cities,33.7679337,1.0,2026-06-06,67
271118401.0,1.4633520197911086e+18,Other Cities,33.34285,2.0,2026-04-11,6
482526208.0,1.4701729056755512e+18,City of Los Angeles,34.09882,3.0,2026-01-03,2
335548490.0,1.4634726990487547e+18,Unincorporated Areas,33.99186,1.0,2023-05-07,0
57418510.0,1.4659388824241052e+18,Unincorporated Areas,34.05735,2.0,2026-01-02,3
252672111.0,1.4693385031193098e+18,Other Cities,33.7690296,2.0,2026-05-25,43
489981075.0,1.470205685985896e+18,City of Los Angeles,34.09308,31.0,nan,0
47788766.0,1.4657217675817564e+18,City of Los Angeles,34.015862584154846,31.0,2026-04-28,1
488625673.0,1.4701991136353385e+18,City of Los Angeles,34.172343562261666,30.0,nan,0
134446507.0,1.462949660975157e+18,Other Cities,34.0182268651616,1.0,2026-06-12,20
486765561.0,1.4701909587577823e+18,City of Los Angeles,33.9901524,30.0,2023-12-20,0
88157274.0,1.4670588618034125e+18,Other Cities,34.14587,1.0,2026-05-31,33
428311363.0,1.469940883024996e+18,Unincorporated Areas,33.99537,1.0,2023-04-16,0
505617420.0,1.470272836377169e+18,City of Los Angeles,34.20833,3.0,2026-01-04,14
94036974.0,1.4671349010862597e+18,City of Los Angeles,33.99835,1.0,2026-05-26,16
42133994.0,1.465626859191871e+18,Other Cities,34.14787,30.0,2026-04-30,2
20369113.0,1.4631057706088246e+18,City of Los Angeles,34.044399852413605,30.0,nan,0
292427867.0,1.4695145777099474e+18,Other Cities,34.43263,1.0,2026-03-29,4
215263603.0,1.4691282035341343e+18,Other Cities,34.099512842599005,30.0,nan,0
448257617.0,1.470018631600671e+18,Other Cities,33.870159073459284,30.0,2024-01-30,0
493329654.0,1.470221196598743e+18,City of Los Angeles,34.100450606778125,4.0,2026-06-06,22
105630569.0,1.4628844169828928e+18,Other Cities,33.8627,1.0,2026-05-03,18
105630569.0,1.4628844169828928e+18,Other Cities,33.86257973879657,1.0,2026-05-30,37
388062738.0,1.469800421560829e+18,City of Los Angeles,34.08358,30.0,2024-05-11,0
310334713.0,1.4695793078907249e+18,City of Los Angeles,34.17245079124511,30.0,2025-12-28,1
492212598.0,1.4702163411220365e+18,City of Los Angeles,34.04600493650307,30.0,2026-03-22,1
8217746.0,1.4625643008954598e+18,Other Cities,33.85254921334788,1.0,2026-05-26,33
429412833.0,1.463679963449391e+18,City of Los Angeles,34.01211307850935,30.0,2023-04-01,0
3097566.0,1.4626182913507228e+18,Other Cities,34.08370075199707,2.0,2025-12-01,1
486765561.0,1.4701909587577823e+18,City of Los Angeles,33.989676205901,30.0,2023-09-18,0
171711231.0,1.4630551133258452e+18,Other Cities,34.016713332607225,1.0,2026-06-14,21
169810777.0,1.4686417119408732e+18,City of Los Angeles,34.1658,2.0,2026-06-09,5
46030759.0,1.465687541229613e+18,City of Los Angeles,34.19556497971698,30.0,2024-09-15,0
183239040.0,1.4689467860570473e+18,City of Los Angeles,34.0438135,30.0,nan,0
51041512.0,1.465792423021801e+18,Unincorporated Areas,34.082636434284886,3.0,2023-06-10,0
160012982.0,1.4685568489814986e+18,Other Cities,34.09014,18.0,2025-03-17,0
226607203.0,1.463223875941298e+18,Unincorporated Areas,34.039000760224845,2.0,2023-08-27,0
30850484.0,1.4654543729305587e+18,City of Los Angeles,34.0409281,30.0,nan,0
2892483.0,1.4625268816770721e+18,City of Los Angeles,34.093276154867596,5.0,2026-03-04,5
48877556.0,1.465742598406818e+18,City of Los Angeles,34.050901047416936,30.0,2026-05-07,1
347468183.0,1.4696888472759962e+18,Other Cities,34.01698151529332,3.0,nan,0
107434423.0,1.462889176402806e+18,City of Los Angeles,34.06252,31.0,nan,0
4780152.0,1.4625372374553434e+18,City of Los Angeles,34.05437,30.0,nan,0
508757837.0,1.4638604854901924e+18,City of Los Angeles,34.0895186,1.0,2026-05-30,25
326383590.0,1.4634574676382774e+18,City of Los Angeles,34.11546956652719,30.0,nan,0
187928450.0,1.4689734046936195e+18,City of Los Angeles,34.099989813691906,30.0,2025-11-01,2
326383590.0,1.4634574676382774e+18,City of Los Angeles,34.10170174657422,30.0,nan,0
89994736.0,1.46708958040334e+18,Other Cities,34.0688,1.0,2026-05-28,20
65135750.0,1.4627683738795858e+18,City of Los Angeles,34.16516309994685,30.0,2026-01-23,1
106556345.0,1.4672920871255485e+18,City of Los Angeles,34.14607347363584,2.0,2026-06-03,14
30850484.0,1.4654543729305587e+18,City of Los Angeles,34.0438745,30.0,nan,0
3925.0,1.4625063975383596e+18,City of Los Angeles,34.08222,31.0,2025-12-18,1
469817021.0,1.4701188012639334e+18,Other Cities,34.02258575163712,1.0,2026-04-04,5
58360256.0,1.4666995021546744e+18,Other Cities,34.0273669,30.0,2025-07-31,1
447465333.0,1.470015025012182e+18,Other Cities,34.65452,1.0,nan,0
449460327.0,1.4700241504475123e+18,Other Cities,34.07565,3.0,2026-03-19,1
62352226.0,1.46676902573288e+18,City of Los Angeles,34.1402435,30.0,2023-07-16,0
173446460.0,1.463059071995155e+18,Other Cities,33.91264,1.0,2026-04-04,16
107434423.0,1.462889176402806e+18,City of Los Angeles,34.035729,31.0,nan,0
163733801.0,1.4685931135416763e+18,City of Los Angeles,34.09338,30.0,2025-08-28,2
59537343.0,1.4667185428103112e+18,Other Cities,33.86311416895643,1.0,2026-05-11,15
512587887.0,1.4703052498909332e+18,Unincorporated Areas,34.56162,15.0,nan,0
24632560.0,1.4653106666405135e+18,Unincorporated Areas,34.1146769,2.0,2024-07-25,0
81510903.0,1.466990775963762e+18,City of Los Angeles,34.0985690110012,30.0,2023-06-16,0
18243215.0,1.4630395360425733e+18,Other Cities,33.84445,31.0,nan,0
475060587.0,1.4701418822188933e+18,Other Cities,34.095021,28.0,2026-02-15,1
507626689.0,1.463859001264626e+18,Other Cities,34.15621046521792,1.0,2026-06-08,70
511434923.0,1.4702997979895542e+18,City of Los Angeles,33.844417736714625,30.0,nan,0
39865587.0,1.4655951216531912e+18,Other Cities,34.12843782369984,1.0,2026-05-31,44
250513009.0,1.469327995624525e+18,City of Los Angeles,34.09388,1.0,2026-05-27,31
107434423.0,1.462889176402806e+18,City of Los Angeles,33.97523,31.0,nan,0
511890946.0,1.4703019989684163e+18,Other Cities,33.96184928843563,31.0,2024-03-18,0
368176988.0,1.4697431596805768e+18,Other Cities,34.016590379278924,1.0,2026-05-05,16
209561894.0,1.4631607780002598e+18,City of Los Angeles,34.0908321528634,1.0,2026-02-15,1
209561894.0,1.4631607780002598e+18,City of Los Angeles,34.09111,1.0,2025-11-15,1
36011948.0,1.4655348821399263e+18,City of Los Angeles,34.245090433826185,2.0,2026-05-31,44
504643441.0,1.4702686935456428e+18,Other Cities,34.066806214589825,1.0,2026-05-31,33
14931598.0,1.462950317714336e+18,City of Los Angeles,33.98911,30.0,2023-10-20,0
115724111.0,1.4681882816622318e+18,City of Los Angeles,34.02121229784864,30.0,2024-10-10,0
37691011.0,1.4626760325427274e+18,City of Los Angeles,34.028729,30.0,2026-05-27,2
49957375.0,1.4627147274136438e+18,Other Cities,34.014147802762345,1.0,2026-05-26,50
9601829.0,1.4628184166315474e+18,City of Los Angeles,34.11511,30.0,2026-05-31,3
25551648.0,1.4626339616031875e+18,City of Los Angeles,34.2338702,30.0,2025-09-30,2
17228329.0,1.462601459136079e+18,Other Cities,34.09114,15.0,2025-08-27,1
87369769.0,1.4670505388166525e+18,Other Cities,34.09485357505102,1.0,2026-06-14,60
37798508.0,1.4655657257675246e+18,City of Los Angeles,34.1547803,30.0,2024-10-22,0
112911570.0,1.467362336542305e+18,Other Cities,33.34253,3.0,2026-04-10,5
32273743.0,1.4654740910919378e+18,City of Los Angeles,34.047328445858284,30.0,2023-09-30,0
515356091.0,1.4703182136637834e+18,Other Cities,34.41140568487129,1.0,nan,0
22254869.0,1.4631753324566175e+18,City of Los Angeles,34.0458706,30.0,nan,0
22254869.0,1.4631753324566175e+18,City of Los Angeles,34.0458706,30.0,nan,0
33319367.0,1.4654877074984722e+18,Other Cities,33.90272202631779,1.0,2026-06-02,49
384724307.0,1.4635783738922708e+18,Other Cities,33.82045,4.0,nan,0
30300920.0,1.4654458867842097e+18,Other Cities,34.15653933616104,30.0,2026-05-08,4
312660805.0,1.4634371609980677e+18,Other Cities,34.67269,2.0,2026-01-23,8
487743407.0,1.4701950652876718e+18,Other Cities,34.015449660278264,1.0,2026-06-01,38
111306585.0,1.4673455499629832e+18,Other Cities,34.1006511589088,28.0,2024-04-03,0
515109595.0,1.4638630563424064e+18,Unincorporated Areas,34.10548699590963,4.0,2026-01-05,4
516444840.0,1.4703232558752668e+18,Unincorporated Areas,33.99334,1.0,2026-04-26,38
287826714.0,1.469500752888994e+18,Unincorporated Areas,34.67285,1.0,2023-09-17,0
31709429.0,1.4654659265566152e+18,Other Cities,33.96089717358174,31.0,2025-12-01,3
29833120.0,1.4654397580900516e+18,City of Los Angeles,33.9991,30.0,2026-04-26,4
470056978.0,1.4701199035602437e+18,Other Cities,33.808178503797365,2.0,2026-05-30,18
517017995.0,1.4703259673051617e+18,City of Los Angeles,34.10294,30.0,nan,0
45068587.0,1.4656690240146207e+18,Other Cities,34.02382541238278,30.0,2025-05-16,0
35071451.0,1.465517743737599e+18,City of Los Angeles,34.19554,13.0,2026-05-21,11
31800407.0,1.465467191079352e+18,Other Cities,34.14233444015279,30.0,nan,0
41046399.0,1.4656108579379356e+18,Unincorporated Areas,34.076832,30.0,2023-05-31,0
468914943.0,1.4701142821308321e+18,Other Cities,34.08424,1.0,nan,0
39396473.0,1.465588653963685e+18,Other Cities,34.36638,3.0,2026-03-01,12
231976618.0,1.4692366949685174e+18,Unincorporated Areas,34.03026285469203,1.0,2026-05-01,16
488828675.0,1.4702001324171085e+18,Other Cities,34.087532748073016,1.0,2026-05-10,21
33694089.0,1.4626627960456727e+18,City of Los Angeles,34.15574786699067,30.0,2024-01-04,0
321637729.0,1.4634500291088876e+18,City of Los Angeles,34.04383,2.0,2026-06-01,38
183557952.0,1.4689486191774244e+18,City of Los Angeles,34.0953991,30.0,nan,0
515561472.0,1.4703191938632433e+18,Other Cities,34.39924,1.0,2026-06-13,46
515595483.0,1.470319323230705e+18,City of Los Angeles,34.1801472,7.0,2026-06-09,12
515713963.0,1.470319893867555e+18,Unincorporated Areas,34.03870004598907,1.0,2026-06-07,36
504964501.0,1.470270038914665e+18,Other Cities,33.998108549650325,180.0,nan,0
104299346.0,1.4672536788651717e+18,City of Los Angeles,34.06924963745405,30.0,nan,0
414420881.0,1.467924896318366e+18,Other Cities,33.994,29.0,2026-04-08,2
514743297.0,1.463862922807761e+18,Other Cities,34.077779804770174,2.0,2025-08-12,3
288452640.0,1.4695027107293834e+18,Unincorporated Areas,34.4890363,1.0,2024-05-06,0
35331793.0,1.4655220073177503e+18,Unincorporated Areas,33.9443551,1.0,2026-05-03,42
517555111.0,1.47032849961631e+18,Other Cities,33.73703229357638,1.0,nan,0
517555111.0,1.47032849961631e+18,Other Cities,33.73706,1.0,nan,0
74371417.0,1.466915531074846e+18,Other Cities,33.819196227584904,2.0,2026-03-20,12
82417843.0,1.462831256320529e+18,City of Los Angeles,34.149873528924395,7.0,2026-06-09,1
24900659.0,1.4653230560249874e+18,Other Cities,33.92882,2.0,2025-12-13,1
518185022.0,1.4703314131523484e+18,Other Cities,33.877589026778395,1.0,2025-01-17,0
169895210.0,1.4686424263011732e+18,City of Los Angeles,34.18007925955769,2.0,2026-05-25,53
23874828.0,1.465279850152852e+18,City of Los Angeles,33.994197302878824,30.0,2026-05-24,1
403482639.0,1.4698487619019738e+18,Other Cities,33.8123,2.0,2026-05-31,39
13856090.0,1.4629248794630838e+18,City of Los Angeles,34.139407,30.0,2025-07-01,1
517555111.0,1.47032849961631e+18,Other Cities,33.73925899910751,1.0,nan,0
63344837.0,1.466781954250082e+18,Other Cities,33.8860035,2.0,2026-06-07,39
29698548.0,1.4654369129546655e+18,Other Cities,33.89871,15.0,2023-06-09,0
517919151.0,1.4703302560157094e+18,City of Los Angeles,34.13487,30.0,2026-02-28,2
342148461.0,1.463486366081758e+18,City of Los Angeles,34.26157,30.0,2026-03-02,4
494526136.0,1.4702261555129252e+18,Other Cities,34.15196,2.0,2026-05-31,42
5695120.0,1.4626871135968543e+18,Other Cities,33.890853904227896,2.0,2026-05-16,27
475787161.0,1.4701449480796526e+18,City of Los Angeles,34.07255714698551,30.0,2025-07-13,1
85016120.0,1.4670258462207378e+18,Unincorporated Areas,34.10862,1.0,2025-10-12,3
33694089.0,1.4626627960456727e+18,City of Los Angeles,33.98992,30.0,2023-08-14,0
468914943.0,1.4701142821308321e+18,Other Cities,34.08424,1.0,nan,0
3238168.0,1.4626235092560812e+18,City of Los Angeles,33.9983,30.0,2023-12-31,0
261222905.0,1.4693806475830623e+18,Other Cities,34.16587,1.0,2025-01-02,0
251573032.0,1.4693332167499935e+18,City of Los Angeles,34.08092,30.0,2026-05-28,4
513819576.0,1.4703110429871227e+18,Other Cities,33.99078960703972,2.0,2026-06-08,28
88395600.0,1.4670614996703457e+18,Other Cities,33.833802900441505,3.0,2026-05-08,7
501999514.0,1.470257160985456e+18,City of Los Angeles,34.24952,1.0,2026-05-08,19
61149999.0,1.4667528806015073e+18,City of Los Angeles,34.13964098587171,30.0,nan,0
443760269.0,1.470001179346435e+18,Other Cities,33.86645,5.0,2026-05-26,20
30850484.0,1.4654543729305587e+18,City of Los Angeles,34.0438745,30.0,nan,0
1013270.0,1.4625358072376207e+18,Other Cities,34.15405,90.0,nan,0
523969245.0,1.470357277709132e+18,City of Los Angeles,34.2643,1.0,2026-06-08,16
80133534.0,1.4669773377817242e+18,City of Los Angeles,33.996483943455324,30.0,nan,0
524011656.0,1.470357414268298e+18,City of Los Angeles,34.178202702401606,3.0,2026-01-01,2
415911455.0,1.4698915791393165e+18,Other Cities,33.87794343151873,7.0,nan,0
41401010.0,1.4656154395438062e+18,City of Los Angeles,34.1195749,3.0,2026-04-06,3
523131263.0,1.470353728901782e+18,City of Los Angeles,34.09883,31.0,nan,0
46517858.0,1.4656967481787758e+18,Unincorporated Areas,34.143510224524185,3.0,2026-06-11,51
105498263.0,1.4672740775598643e+18,City of Los Angeles,34.06722,30.0,2025-05-02,0
348215599.0,1.4696913194158863e+18,City of Los Angeles,34.058727349976934,30.0,2024-10-09,0
504252105.0,1.4679398161032998e+18,Other Cities,34.10806267073057,29.0,2024-05-14,0
8595758.0,1.4627714634160573e+18,Other Cities,34.03235,2.0,2026-05-17,23
61858545.0,1.4667609196489213e+18,Other Cities,33.83395782712269,30.0,2025-09-25,1
224688173.0,1.4691930326882399e+18,Unincorporated Areas,34.6208,4.0,2026-01-01,1
334768942.0,1.4696474879344573e+18,Other Cities,34.0458141379377,30.0,2024-12-27,0
508077082.0,1.470283950134841e+18,Unincorporated Areas,34.05641032730101,1.0,2026-06-07,19
176482458.0,1.4630658559534103e+18,Other Cities,34.05261758645697,1.0,2026-06-06,6
139561329.0,1.4629607458891287e+18,City of Los Angeles,34.09202,30.0,nan,0
3191943.0,1.4626222029830674e+18,City of Los Angeles,34.0420514,30.0,2026-04-09,1
30257270.0,1.4626509251890977e+18,City of Los Angeles,33.99668356907746,30.0,2023-09-03,0
388875218.0,1.469802883272972e+18,Other Cities,34.68838,1.0,nan,0
20928105.0,1.4631421995135347e+18,City of Los Angeles,34.077170817134295,30.0,2026-02-14,2
520434534.0,1.463865025218931e+18,Unincorporated Areas,33.97718,1.0,2026-05-17,4
30850484.0,1.4654543729305587e+18,City of Los Angeles,34.0438745,30.0,2023-11-25,0
497863258.0,1.4702396379277235e+18,City of Los Angeles,34.245806786532206,30.0,nan,0
524402164.0,1.470359044554223e+18,City of Los Angeles,33.99057735683988,30.0,2026-05-23,3
159291462.0,1.463005396700952e+18,Other Cities,34.14623,2.0,2026-05-28,18
199316511.0,1.4631390326705257e+18,Other Cities,34.01669,2.0,2026-05-29,20
97496339.0,1.462864970309606e+18,Unincorporated Areas,34.12596,30.0,2026-02-22,5
169810777.0,1.4686417119408732e+18,City of Los Angeles,34.1668894,30.0,2025-09-15,1
44614117.0,1.4656623701766418e+18,Other Cities,33.9304173875692,2.0,nan,0
12102385.0,1.4625811453213768e+18,Other Cities,33.90546,1.0,2026-06-15,88
6454434.0,1.4627068160724306e+18,City of Los Angeles,34.03615942813044,30.0,2026-05-31,2
523992757.0,1.4703573480912064e+18,City of Los Angeles,34.17953068983831,30.0,nan,0
327777874.0,1.4696271376417984e+18,City of Los Angeles,34.189506500588244,30.0,2026-05-05,3
230016718.0,1.4692261372455017e+18,City of Los Angeles,34.104302469077574,30.0,2025-10-26,10
20663843.0,1.4631354118865073e+18,Other Cities,34.08864362949735,30.0,2023-09-09,0
50765153.0,1.4657799414988093e+18,Other Cities,34.06041145462999,2.0,2024-06-26,0
528271479.0,1.4703749974546627e+18,City of Los Angeles,33.929775870191,2.0,2026-04-24,17
127106306.0,1.4682784784689457e+18,Other Cities,34.0784,3.0,2024-05-20,0
90154348.0,1.4670911125939773e+18,Other Cities,34.004404281147934,1.0,nan,0
179955591.0,1.4687375090508928e+18,Other Cities,33.87142,7.0,nan,0
112952162.0,1.4673627916643935e+18,City of Los Angeles,34.10269,31.0,2024-05-08,0
3907271.0,1.4625325028256115e+18,Other Cities,34.09006,31.0,2026-04-08,1
30850484.0,1.4654543729305587e+18,City of Los Angeles,34.0912172,30.0,2025-10-08,2
263482695.0,1.4693935905136914e+18,Other Cities,34.08555504260836,1.0,2024-09-12,0
105834762.0,1.4672839406597898e+18,City of Los Angeles,34.08394901223704,30.0,nan,0
103927109.0,1.4628799373146708e+18,Unincorporated Areas,33.92491,2.0,2026-05-26,38
522255869.0,1.4703498544364746e+18,Other Cities,33.889855964786406,2.0,2025-08-18,4
432503161.0,1.46995798745937e+18,City of Los Angeles,33.96822,30.0,2026-02-28,1
456511812.0,1.4700547962769777e+18,Other Cities,33.77676,2.0,2026-06-07,10
139668069.0,1.4683836808261686e+18,City of Los Angeles,34.06931,30.0,2025-12-01,2
107434423.0,1.462889176402806e+18,City of Los Angeles,34.02849,31.0,2024-06-13,0
11486513.0,1.4628658774022523e+18,Unincorporated Areas,33.98398,3.0,2026-03-05,2
25205666.0,1.4653379222342566e+18,Other Cities,34.0572,1.0,2026-04-18,11
94189256.0,1.4671365354399754e+18,Other Cities,33.765,1.0,2026-06-13,19
456862710.0,1.4700565774345672e+18,Other Cities,34.14369,1.0,2026-06-01,35
195217852.0,1.4631089319005765e+18,Other Cities,34.09241758781286,2.0,2026-05-30,25
38699614.0,1.4626792384383117e+18,City of Los Angeles,34.23846210145407,1.0,2026-05-04,18
107434423.0,1.462889176402806e+18,Other Cities,34.02797,31.0,nan,0
177387161.0,1.4687172291565453e+18,City of Los Angeles,34.02636,30.0,2024-09-08,0
501999514.0,1.470257160985456e+18,Other Cities,33.8591368,1.0,2025-10-05,8
424756187.0,1.4699263775284436e+18,City of Los Angeles,33.976463577341946,30.0,2025-01-31,0
36160171.0,1.4655370610422275e+18,City of Los Angeles,34.05232,1.0,2026-06-07,26
479346570.0,1.4701593432148385e+18,City of Los Angeles,33.94515,30.0,2025-10-22,1
281223920.0,1.4694781019908529e+18,Other Cities,34.58019,1.0,2026-05-30,21
385742596.0,1.4697929858643576e+18,City of Los Angeles,34.06616302729628,30.0,nan,0
50938680.0,1.465789231801098e+18,City of Los Angeles,34.11374,2.0,2026-06-07,34
305816602.0,1.469565065922398e+18,Other Cities,34.09137304261325,2.0,2026-05-17,21
502279607.0,1.470258373854068e+18,Other Cities,33.7693792,31.0,nan,0
209537827.0,1.4690932013117816e+18,Other Cities,34.14419595111738,2.0,2026-06-07,18
3679304.0,1.4625312878441912e+18,City of Los Angeles,34.03048,30.0,2024-10-15,0
348745371.0,1.4696930585611471e+18,City of Los Angeles,34.156369108641975,31.0,2026-05-03,3
30850484.0,1.4654543729305587e+18,City of Los Angeles,34.0438745,30.0,nan,0
501999514.0,1.470257160985456e+18,Other Cities,33.84548,1.0,2025-02-24,0
507326879.0,1.4702804551254932e+18,Other Cities,34.68796,2.0,2025-01-08,0
12131338.0,1.4628808042499318e+18,City of Los Angeles,34.10843,1.0,2026-06-13,35
401426795.0,1.4698417654242527e+18,Other Cities,34.0702895,31.0,nan,0
109189687.0,1.467322195147744e+18,Other Cities,34.65778,2.0,2024-07-01,0
494526136.0,1.4702261555129252e+18,Other Cities,34.153563999448906,2.0,2026-06-07,39
10165009.0,1.462833257148204e+18,City of Los Angeles,34.2362676985606,2.0,2026-05-26,19
500365120.0,1.463846444021936e+18,Other Cities,34.00287713095423,1.0,2026-05-23,25
500365120.0,1.463846444021936e+18,Other Cities,34.002984185047204,1.0,2026-04-19,7
426946658.0,1.4636737990561236e+18,Other Cities,34.10484,1.0,2025-09-07,2
534446107.0,1.4703986227953672e+18,Other Cities,34.013989226440586,30.0,nan,0
97496339.0,1.462864970309606e+18,Unincorporated Areas,33.97588,30.0,2026-06-06,11
2612026.0,1.4626026998945395e+18,City of Los Angeles,34.06545,30.0,2024-11-17,0
24734445.0,1.465313705553557e+18,Other Cities,33.84856634226016,31.0,2024-07-26,0
263117271.0,1.4693915374092367e+18,Other Cities,33.8866985,1.0,2026-06-12,30
4780152.0,1.4625372374553434e+18,City of Los Angeles,34.042686528519006,30.0,nan,0
15739550.0,1.4625952277406536e+18,Unincorporated Areas,33.98555,2.0,2026-06-11,27
7309140.0,1.4627286684795418e+18,City of Los Angeles,33.989555985107245,30.0,2025-06-01,0
383790851.0,1.4635762788962076e+18,City of Los Angeles,33.98637707712433,30.0,nan,0
167659522.0,1.4681774853910236e+18,Unincorporated Areas,34.190728,1.0,2026-05-18,24
431052375.0,1.4636840554732214e+18,Other Cities,34.150351422044864,10.0,nan,0
525350616.0,1.4703631934212078e+18,City of Los Angeles,33.94637579845832,30.0,nan,0
456862710.0,1.4700565774345672e+18,Other Cities,34.14596,1.0,2026-06-07,29
30850484.0,1.4654543729305587e+18,City of Los Angeles,34.0409275,30.0,2023-11-24,0
535517737.0,1.4704029472116283e+18,Other Cities,34.183148019789655,1.0,2026-06-01,71
56645377.0,1.4627351041746253e+18,City of Los Angeles,34.17360974106927,1.0,2026-05-23,55
288268715.0,1.469502197550179e+18,Unincorporated Areas,34.77734,1.0,2026-06-14,42
531085197.0,1.4703856868752988e+18,Other Cities,34.07485,6.0,nan,0
379997378.0,1.4697760983720404e+18,Other Cities,33.93015,3.0,2026-06-10,24
146556409.0,1.4684385531715558e+18,Other Cities,33.94362289403834,2.0,nan,0
174469443.0,1.4686925946573094e+18,City of Los Angeles,34.10387,30.0,nan,0
536175733.0,1.4704057716442033e+18,City of Los Angeles,33.99842492298121,30.0,2026-03-24,1
63427830.0,1.4667830121608384e+18,City of Los Angeles,34.21653158707721,30.0,2025-03-06,0
80773656.0,1.4669836295839112e+18,City of Los Angeles,34.10214663490957,30.0,nan,0
30850484.0,1.4654543729305587e+18,City of Los Angeles,34.0409275,30.0,nan,0
128200995.0,1.4682876094561203e+18,Other Cities,33.88510648607153,30.0,nan,0
520275927.0,1.4703410134954033e+18,City of Los Angeles,34.1399,30.0,2025-12-17,2
520008783.0,1.4703398363877053e+18,Other Cities,34.03609,30.0,nan,0
533144695.0,1.4703935876570565e+18,City of Los Angeles,34.09152859085984,2.0,2026-05-17,31
8638229.0,1.4627725345587108e+18,Other Cities,34.0207552,2.0,2026-05-30,23
354196415.0,1.4697080047012106e+18,City of Los Angeles,34.04791,30.0,2025-08-09,1
30850484.0,1.4654543729305587e+18,City of Los Angeles,34.0438745,30.0,nan,0
167808404.0,1.4630358588994345e+18,Other Cities,33.90034,2.0,2025-09-20,7
64052858.0,1.4627654340969661e+18,Other Cities,34.02967792236315,2.0,2025-11-30,3
424756187.0,1.4699263775284436e+18,City of Los Angeles,33.97657687613549,30.0,2024-08-24,0
44714674.0,1.465663721801734e+18,City of Los Angeles,34.071667710285574,2.0,2026-05-25,41
40073969.0,1.4655978578311841e+18,City of Los Angeles,34.23699881570077,30.0,2025-06-11,0
534527557.0,1.4703989201322808e+18,City of Los Angeles,34.05186287297512,30.0,nan,0
126824075.0,1.4629322824144558e+18,City of Los Angeles,34.28542,30.0,2025-05-31,0
394147865.0,1.4698190902879176e+18,Other Cities,33.97904,2.0,2024-08-05,0
248501894.0,1.4693176868746378e+18,City of Los Angeles,33.988815650074585,30.0,2024-03-13,0
43040733.0,1.4656391117530534e+18,Other Cities,33.76712816213715,1.0,2026-05-11,2
251537249.0,1.4633022761390144e+18,City of Los Angeles,33.9209225,30.0,2024-12-17,0
539315269.0,1.4704179119142927e+18,Other Cities,34.16887,1.0,2026-05-31,36
539397826.0,1.4704182367513574e+18,Other Cities,34.07593,1.0,2026-02-28,9
494526136.0,1.4702261555129252e+18,Other Cities,34.15407,2.0,2026-06-08,28
537165470.0,1.4704097587706417e+18,City of Los Angeles,34.1760337,2.0,2026-06-14,6
411957255.0,1.469878274160908e+18,Other Cities,34.1224776,1.0,nan,0
480053.0,1.4625194271928428e+18,Other Cities,34.07686047920275,30.0,2024-02-29,0
30850484.0,1.4654543729305587e+18,City of Los Angeles,34.0438745,30.0,nan,0
30850484.0,1.4654543729305587e+18,City of Los Angeles,34.0438745,30.0,nan,0
406306790.0,1.469858309222664e+18,Other Cities,34.1278782,1.0,2026-04-19,8
234082026.0,1.4692466794758723e+18,Other Cities,33.7573,1.0,2026-06-09,52
493582839.0,1.4638334010661018e+18,Other Cities,33.97713,14.0,nan,0
23716732.0,1.465277666351446e+18,City of Los Angeles,34.05376433490494,30.0,2026-06-06,4
203953465.0,1.469064208255317e+18,Other Cities,34.11565,30.0,2024-09-27,0
482802658.0,1.47017403998385e+18,Other Cities,33.948253767900844,2.0,2026-05-27,13
72933825.0,1.462809300960564e+18,City of Los Angeles,34.10686880971274,2.0,2026-05-14,11
6032382.0,1.4626960530870085e+18,City of Los Angeles,34.14314530908653,30.0,nan,0
199316511.0,1.4631390326705257e+18,Other Cities,34.015082353798874,2.0,2026-06-02,24
518247430.0,1.463864227439888e+18,Other Cities,33.886376279790625,2.0,2026-06-01,17
203953465.0,1.469064208255317e+18,Other Cities,34.11697673062713,30.0,nan,0
49652322.0,1.465758387057866e+18,City of Los Angeles,34.09174499376595,1.0,2026-06-15,55
49957375.0,1.4627147274136438e+18,City of Los Angeles,34.04335,30.0,2024-10-31,0
157633627.0,1.4685366780147686e+18,Other Cities,33.7707955,1.0,2026-06-14,82
30850484.0,1.4654543729305587e+18,City of Los Angeles,34.0438745,30.0,nan,0
430420118.0,1.4636824842102103e+18,Other Cities,33.89167308852552,6.0,2026-05-31,11
497569523.0,1.4638410958008745e+18,City of Los Angeles,34.09585739582416,3.0,2026-04-28,28
7978870.0,1.462746110442815e+18,City of Los Angeles,33.97610394458774,1.0,2026-06-14,58
11524850.0,1.4628668005934103e+18,City of Los Angeles,34.02329876530035,30.0,2026-03-30,1
379904080.0,1.4697759143910298e+18,City of Los Angeles,34.09452,30.0,nan,0
538277373.0,1.4704140553840556e+18,City of Los Angeles,34.0912197,2.0,2026-05-03,24
177163068.0,1.4687154465037112e+18,City of Los Angeles,34.05177071817088,30.0,2026-05-11,2
540036915.0,1.4704207135888742e+18,Unincorporated Areas,33.93484,2.0,2026-06-01,3
116121451.0,1.4681913672268815e+18,Other Cities,33.88628108243064,30.0,2025-11-02,4
48084093.0,1.4657265424693286e+18,Other Cities,34.13344516302287,1.0,nan,0
30850484.0,1.4654543729305587e+18,City of Los Angeles,34.0438745,30.0,nan,0
30850484.0,1.4654543729305587e+18,City of Los Angeles,34.0438745,30.0,nan,0
12568111.0,1.4628907204534277e+18,Other Cities,34.56031,1.0,2026-02-25,8
165857246.0,1.4686093218824968e+18,City of Los Angeles,34.02469,30.0,2026-01-25,15
4995850.0,1.4626703168993167e+18,Other Cities,34.09671,2.0,2026-05-25,43
30850484.0,1.4654543729305587e+18,City of Los Angeles,34.0409275,30.0,2024-06-05,0
425728091.0,1.4699302347231997e+18,Other Cities,34.10454,3.0,2026-05-03,12
53755009.0,1.4658734558678136e+18,Other Cities,34.16509,30.0,2023-12-26,0
35734237.0,1.4655278640141908e+18,Other Cities,33.79635,1.0,2026-06-07,21
118616245.0,1.4682111358366838e+18,City of Los Angeles,34.1571099,2.0,2026-06-07,21
218117410.0,1.4632015690859825e+18,Other Cities,34.02561953832824,30.0,2023-11-22,0
530488909.0,1.4703833042246738e+18,Unincorporated Areas,34.14404,1.0,2026-06-15,22
469698137.0,1.4701182727145027e+18,City of Los Angeles,34.18092754844162,3.0,2026-06-01,9
307560520.0,1.46956978653378e+18,Unincorporated Areas,33.98555,1.0,2026-06-09,31
63118474.0,1.4627523217449318e+18,City of Los Angeles,34.22407,2.0,2026-06-13,54
22593449.0,1.463183593456094e+18,Unincorporated Areas,33.98421343777796,1.0,2026-06-10,32
41324361.0,1.4656143809262922e+18,City of Los Angeles,34.05283683745593,30.0,2026-05-31,4
541314836.0,1.4704257578751214e+18,Other Cities,34.02283742644736,4.0,nan,0
69335411.0,1.466857121648512e+18,Other Cities,34.13676,2.0,2026-06-13,41
142294005.0,1.4684052568313969e+18,City of Los Angeles,34.03779,1.0,2026-03-01,2
544434136.0,1.4704381841138074e+18,Other Cities,33.79463,1.0,2026-06-06,27
544478433.0,1.470438297270471e+18,Other Cities,33.931082036853965,3.0,2024-05-19,0
30850484.0,1.4654543729305587e+18,City of Los Angeles,34.0409275,30.0,nan,0
8937640.0,1.4627907828237888e+18,Other Cities,34.13037389787514,31.0,2025-07-02,1
543064037.0,1.4704325944467543e+18,City of Los Angeles,34.03817,30.0,nan,0
543031551.0,1.4704324488609759e+18,Unincorporated Areas,33.933743487754505,1.0,2026-06-08,94
3102869.0,1.4626184657417884e+18,City of Los Angeles,34.0382344,31.0,2026-04-14,3
391349360.0,1.4635938721793024e+18,Other Cities,34.06537,1.0,2026-04-26,32
502279607.0,1.470258373854068e+18,Other Cities,33.7693792,31.0,2025-11-15,2
507561429.0,1.4702815159510075e+18,Other Cities,34.026069887906395,2.0,2026-06-01,33
9889759.0,1.4628262182546598e+18,City of Los Angeles,33.97661,1.0,2026-03-14,8
344844094.0,1.4634922313647713e+18,Other Cities,34.0780889,30.0,2024-03-04,0
111215298.0,1.4673444334544494e+18,City of Los Angeles,34.02508,1.0,2026-04-01,31
349122371.0,1.4696942606969702e+18,Other Cities,33.894009224688716,1.0,2026-06-15,35
338905719.0,1.463478732215945e+18,Other Cities,34.09327,1.0,2026-01-23,6
367229162.0,1.4697405137113692e+18,City of Los Angeles,34.09667,30.0,2026-04-26,4
383790851.0,1.4635762788962076e+18,Unincorporated Areas,33.98251,1.0,2024-12-09,0
460457691.0,1.4637563012425503e+18,Other Cities,34.08761827706809,2.0,2026-04-04,18
526656410.0,1.4703683165198659e+18,Other Cities,34.06866845333993,3.0,2026-02-27,5
510401915.0,1.4702948803895596e+18,Unincorporated Areas,34.05911543421501,2.0,2026-06-07,44
19916574.0,1.463094555149127e+18,City of Los Angeles,34.066028,30.0,2026-04-05,7
134981485.0,1.4683457437065766e+18,Unincorporated Areas,33.97294,1.0,2024-04-15,0
88157274.0,1.4670588618034125e+18,Other Cities,34.0763495001905,1.0,2026-05-04,12
454036515.0,1.470042765128825e+18,City of Los Angeles,34.081551220987144,30.0,2025-09-15,5
126644161.0,1.4629318896934497e+18,City of Los Angeles,34.17069,30.0,nan,0
337866823.0,1.4696564588890424e+18,Other Cities,33.878928340205434,1.0,2024-03-17,0
75276902.0,1.466925466613547e+18,City of Los Angeles,34.16444,2.0,2026-05-17,15
76988759.0,1.4628189278854682e+18,Other Cities,34.09100399099003,31.0,nan,0
134981485.0,1.4683457437065766e+18,Unincorporated Areas,33.97385,1.0,2024-08-31,0
529996254.0,1.4703815025703782e+18,Other Cities,34.46259,1.0,2026-06-11,8
548459808.0,1.470453623845687e+18,Unincorporated Areas,33.93995,2.0,2024-08-03,0
210423597.0,1.4690978953223035e+18,Unincorporated Areas,34.10118,1.0,2025-12-27,18
271118401.0,1.4633520197911086e+18,Other Cities,33.34368,2.0,2026-05-03,2
239226595.0,1.4632593934268127e+18,City of Los Angeles,34.08509,30.0,2026-05-01,2
547740160.0,1.4704505980566548e+18,City of Los Angeles,34.08706,30.0,nan,0
468914943.0,1.4701142821308321e+18,Other Cities,34.08424,1.0,2024-07-27,0
6826748.0,1.462716237820684e+18,Other Cities,33.77302,1.0,2025-11-24,6
24322082.0,1.4626288348424735e+18,City of Los Angeles,34.08914106785964,30.0,nan,0
445743455.0,1.470008538584573e+18,City of Los Angeles,34.20232021004908,30.0,nan,0
461952007.0,1.4700810833942943e+18,City of Los Angeles,34.10844,30.0,2026-02-28,1
461952007.0,1.4700810833942943e+18,City of Los Angeles,34.08400163403932,30.0,2025-08-18,1
441153092.0,1.4699913293468754e+18,Other Cities,34.013612579485574,1.0,2025-11-23,12
501999514.0,1.470257160985456e+18,Other Cities,33.85914,1.0,nan,0
177257064.0,1.4687161864355123e+18,Other Cities,34.002216142245196,7.0,2024-12-02,0
214843497.0,1.4691255597632008e+18,City of Los Angeles,33.97062,30.0,2026-05-31,17
2001531.0,1.4625838188142147e+18,City of Los Angeles,34.18820770715299,30.0,2024-04-06,0
546568071.0,1.4704461308529236e+18,Unincorporated Areas,33.94322,1.0,2026-05-17,25
42632645.0,1.4626911935298217e+18,City of Los Angeles,34.142433650762456,1.0,2026-06-11,48
337866823.0,1.4696564588890424e+18,Other Cities,33.8793053,1.0,2024-06-02,0
136683217.0,1.4683594954467743e+18,City of Los Angeles,34.04704251643428,30.0,2025-12-01,2
500322931.0,1.470250110834023e+18,Other Cities,34.37769,1.0,2025-10-07,3
452928151.0,1.470038377300555e+18,City of Los Angeles,34.08494,30.0,2024-07-15,0
308389373.0,1.4695725860197985e+18,City of Los Angeles,34.084691735862485,30.0,2025-06-15,0
185395277.0,1.4689586937022991e+18,City of Los Angeles,34.067636358515784,2.0,2024-10-06,0
501999278.0,1.4680582772899994e+18,Other Cities,33.75284,1.0,nan,0
501999278.0,1.4680582772899994e+18,Other Cities,33.75284,1.0,nan,0
501999278.0,1.4680582772899994e+18,Other Cities,33.75284,1.0,2024-09-22,0
501999278.0,1.4680582772899994e+18,Other Cities,33.75284,1.0,2026-05-30,10
501999278.0,1.4680582772899994e+18,Other Cities,33.75284,1.0,2026-01-31,6
215263603.0,1.4691282035341343e+18,City of Los Angeles,34.1497500059884,30.0,nan,0
414420881.0,1.467924896318366e+18,Other Cities,34.0392,29.0,2025-05-07,0
551006680.0,1.4704637760616963e+18,Other Cities,34.03217,1.0,2026-05-16,39
54254343.0,1.4658839150069517e+18,City of Los Angeles,34.058876320821994,30.0,nan,0
475666609.0,1.470144426032913e+18,City of Los Angeles,33.73225,30.0,2026-06-10,1
40095109.0,1.4655981000283167e+18,City of Los Angeles,34.05215,30.0,2025-04-27,0
252066562.0,1.4693356424694543e+18,City of Los Angeles,33.958178252945395,2.0,2026-04-06,6
10165009.0,1.462833257148204e+18,City of Los Angeles,34.10693,2.0,2026-05-19,7
69239929.0,1.4668557396281152e+18,City of Los Angeles,34.174750574064625,30.0,2026-05-19,5
427088968.0,1.4636741331354593e+18,Other Cities,34.01364137933503,1.0,2024-08-25,0
4648129.0,1.462662384713592e+18,City of Los Angeles,33.957154441161435,2.0,2026-01-03,17
544304819.0,nan,Other Cities,34.02132,1.0,2025-11-16,1
549794004.0,1.470459034274976e+18,Other Cities,34.01759,1.0,2026-05-12,10
241802799.0,1.4692845003048553e+18,City of Los Angeles,34.04648700018195,30.0,nan,0
417195791.0,1.469896391907299e+18,Other Cities,34.09356737734964,31.0,nan,0
4153727.0,1.462648845384532e+18,City of Los Angeles,33.9962569202652,30.0,nan,0
17787808.0,1.4626037229634383e+18,City of Los Angeles,34.251722180855175,30.0,nan,0
13906320.0,1.4629259595995466e+18,Other Cities,34.06240980834742,30.0,2024-06-03,0
12175786.0,1.4625814647011668e+18,Other Cities,34.11825089513763,3.0,2026-05-17,3
36229342.0,1.4626713141125286e+18,Unincorporated Areas,34.4451458,1.0,nan,0
30850484.0,1.4654543729305587e+18,City of Los Angeles,34.0912172,30.0,nan,0
107434423.0,1.462889176402806e+18,Other Cities,33.8129725,31.0,nan,0
503324048.0,1.4702628705984822e+18,Unincorporated Areas,33.97784,1.0,2026-06-07,3
303375861.0,1.4634196639522017e+18,Other Cities,34.10956,2.0,2026-06-12,14
551029986.0,1.4704638632164268e+18,Unincorporated Areas,33.82223,1.0,nan,0
39492083.0,1.465589981035271e+18,Other Cities,34.0637953,1.0,2023-12-19,0
455388605.0,1.4700490466426796e+18,City of Los Angeles,34.21382,30.0,2026-05-18,2
91590705.0,1.4671068170055268e+18,Other Cities,33.82448219016258,31.0,2026-04-01,2
73672815.0,1.4669083016005885e+18,Other Cities,34.06771245695253,1.0,nan,0
351733288.0,1.4697018630433815e+18,Other Cities,34.13044818286395,28.0,2026-03-11,2
456357534.0,1.470053882735218e+18,Other Cities,33.91598788335678,2.0,2026-05-26,25
551711826.0,1.4704665380567104e+18,Unincorporated Areas,33.931467,30.0,2026-05-15,4
295873809.0,1.469525109638567e+18,Unincorporated Areas,34.08465155837495,30.0,2024-04-18,0
53842646.0,1.4658748666323453e+18,City of Los Angeles,34.19045198028606,30.0,2026-01-23,3
417195791.0,1.469896391907299e+18,City of Los Angeles,34.0913592627606,2.0,nan,0
8741465.0,1.4627751501183939e+18,Other Cities,33.96615509439936,1.0,2026-06-05,59
4153645.0,1.4625339090842094e+18,Other Cities,34.1155320332125,2.0,2026-06-12,59
357523586.0,1.4697153131907228e+18,Other Cities,34.00741707790403,1.0,2026-05-25,31
552293928.0,1.4638770790795464e+18,Other Cities,34.10658,1.0,2026-06-13,88
160012982.0,1.4685568489814986e+18,Other Cities,34.09168982599219,1.0,2026-05-29,9
551892546.0,1.4704672045712947e+18,Other Cities,34.07189,1.0,2026-03-11,5
552576152.0,1.4704696861164032e+18,City of Los Angeles,34.18675056723017,30.0,nan,0
551892546.0,1.4704672045712947e+18,Other Cities,34.07352446053557,1.0,2026-04-21,21
124437546.0,1.468256146126657e+18,Other Cities,34.066488659960314,5.0,2026-03-09,1
6690089.0,1.4627128356591652e+18,City of Los Angeles,34.1415302,1.0,2026-05-29,10
128593933.0,1.4682908671795722e+18,Other Cities,33.7587442,2.0,2026-05-15,22
535652380.0,1.470403499756676e+18,Other Cities,34.0133,1.0,2026-06-14,88
478867601.0,1.4701573294898906e+18,Other Cities,34.0891,2.0,2026-05-27,11
532545268.0,1.470391304878585e+18,Other Cities,33.99054,1.0,2026-05-05,8
49372683.0,1.4657527496240612e+18,Other Cities,34.03419,30.0,2024-04-22,0
480655120.0,1.470164807473873e+18,City of Los Angeles,34.06153005355006,30.0,2024-09-29,0
72933825.0,1.462809300960564e+18,City of Los Angeles,34.18377320980864,2.0,2025-07-06,2
107434423.0,1.462889176402806e+18,City of Los Angeles,33.98609700000001,31.0,nan,0
20402582.0,1.4631066841712026e+18,City of Los Angeles,34.18855707252261,4.0,2026-05-22,32
71884003.0,1.4668886807031e+18,City of Los Angeles,34.08372,1.0,2026-06-01,33
295950271.0,1.4695253429395282e+18,City of Los Angeles,34.04671101054414,30.0,2026-02-08,2
439277302.0,1.469984114993558e+18,Unincorporated Areas,34.002242934138025,1.0,2026-05-25,7
348745371.0,1.4696930585611471e+18,City of Los Angeles,34.18383936029092,3.0,2026-06-14,13
449460327.0,1.4700241504475123e+18,Other Cities,33.99052,1.0,nan,0
31049096.0,1.46545697126036e+18,City of Los Angeles,34.14796,30.0,nan,0
47044156.0,1.465705437998418e+18,Other Cities,33.86605,7.0,2024-07-31,0
534075821.0,1.4703971242658916e+18,Other Cities,34.0568,2.0,2026-05-26,19
11638133.0,1.4628694079144753e+18,Other Cities,34.19352,1.0,2026-06-15,62
7142233.0,1.4627244778718874e+18,Other Cities,34.12588304007869,30.0,2026-04-18,5
77025388.0,1.466943569979657e+18,City of Los Angeles,33.78853785267095,1.0,2026-06-01,54
4780152.0,1.4625372374553434e+18,City of Los Angeles,34.05404313485663,30.0,nan,0
557691547.0,1.4704932329719053e+18,Other Cities,33.925198561866615,2.0,2026-05-27,61
250513009.0,1.469327995624525e+18,City of Los Angeles,33.821313985972374,1.0,2026-06-01,31
369690798.0,1.4697471209136343e+18,Other Cities,34.013579923501894,2.0,2026-06-08,23
107434423.0,1.462889176402806e+18,Other Cities,33.9486246,31.0,nan,0
40157736.0,1.4655989546076454e+18,Other Cities,34.02179,30.0,nan,0
13856090.0,1.4629248794630838e+18,City of Los Angeles,34.03908,30.0,nan,0
489690.0,1.4625197213499535e+18,Other Cities,34.08871700268687,30.0,nan,0
412524751.0,1.469880163506862e+18,Unincorporated Areas,33.9698830555457,3.0,2024-10-30,0
59664746.0,1.4667234194032927e+18,Other Cities,34.14356,28.0,nan,0
10004428.0,1.4628292411594657e+18,City of Los Angeles,34.07741441284345,30.0,nan,0
216568000.0,1.4691369861866511e+18,Other Cities,33.76398,3.0,2026-05-25,10
18344321.0,1.4630523760284513e+18,Unincorporated Areas,34.094843907384714,2.0,2026-05-29,15
6922254.0,1.4627189150922353e+18,City of Los Angeles,34.014175440914265,1.0,2026-06-13,45
557511443.0,nan,Other Cities,34.087806,1.0,2026-04-20,1
558805290.0,1.4704987767782252e+18,City of Los Angeles,34.000406821550484,30.0,nan,0
9075429.0,1.4627942990566595e+18,City of Los Angeles,33.98326851019018,2.0,2026-01-02,4
11351063.0,1.4628628408246467e+18,City of Los Angeles,33.9936962,30.0,nan,0
88025840.0,1.4670574990151104e+18,Other Cities,33.87578693927981,30.0,nan,0
34660980.0,1.4655109229279035e+18,Other Cities,33.77766,31.0,2026-05-17,1
526405211.0,1.4703672756846354e+18,Other Cities,34.16753,1.0,2026-06-13,9
142065266.0,1.4629662704044513e+18,City of Los Angeles,34.057666326654136,30.0,nan,0
239564993.0,1.4692743592117535e+18,Other Cities,33.92575,1.0,2025-11-30,3
501999278.0,1.4680582772899994e+18,Other Cities,34.14556,1.0,nan,0
557514613.0,nan,Other Cities,34.094607,1.0,2024-03-29,0
206002340.0,1.4631531386552568e+18,Other Cities,34.07645,2.0,2026-04-08,14
373091965.0,1.4697574686123195e+18,Unincorporated Areas,33.994383042195246,30.0,2026-06-01,9
559375329.0,1.4705005733208187e+18,City of Los Angeles,34.021626876934775,30.0,2024-02-25,0
455078327.0,1.4700474649988288e+18,City of Los Angeles,34.06221,2.0,2026-06-07,13
546980941.0,1.4704477822307402e+18,Other Cities,34.094465,1.0,nan,0
349383745.0,1.4696950594493988e+18,Other Cities,34.17736,1.0,2026-04-27,10
33694089.0,1.4626627960456727e+18,City of Los Angeles,33.98932,30.0,2026-06-01,4
560403396.0,1.4705039196169057e+18,Other Cities,34.14258983967393,31.0,2026-04-01,28
539064797.0,nan,Other Cities,34.089895,1.0,2026-04-20,3
253315764.0,1.468305261092194e+18,Other Cities,34.08738,3.0,2026-03-22,12
1611944.0,1.4625631056962488e+18,City of Los Angeles,34.01743,30.0,nan,0
501999278.0,1.4680582772899994e+18,Other Cities,34.14556,1.0,nan,0
6171919.0,1.4626997009628472e+18,Other Cities,33.8653053,28.0,2025-09-10,1
563478227.0,1.4705133696048287e+18,Other Cities,33.78591826991949,2.0,2026-06-10,49
25511386.0,1.4653442608879767e+18,Other Cities,34.12909358247553,1.0,2024-02-17,0
30868486.0,1.465454609748242e+18,Unincorporated Areas,34.109033451988225,2.0,2026-03-18,1
46323046.0,1.4627030415763213e+18,Unincorporated Areas,34.339946039779,2.0,2026-06-12,35
552215318.0,1.4704684627641518e+18,Other Cities,34.09415,1.0,2026-06-14,34
137819307.0,1.468369325715063e+18,Other Cities,34.102946682304484,2.0,2026-06-08,41
20080958.0,1.4630988939291154e+18,City of Los Angeles,34.04532,30.0,2025-11-01,1
302540981.0,1.4695506267793057e+18,Other Cities,34.02712222706557,1.0,nan,0
207925952.0,1.4690846717768143e+18,Other Cities,34.03957058044101,2.0,2026-06-16,57
52699842.0,1.465853867390884e+18,City of Los Angeles,34.046734157353306,30.0,nan,0
37269898.0,1.4655570619524116e+18,City of Los Angeles,33.98797,30.0,nan,0
13285063.0,1.4629077920432128e+18,City of Los Angeles,33.9894615,1.0,2026-05-25,58
297263260.0,1.4634069711084344e+18,Other Cities,34.163099138284636,3.0,2026-05-31,17
544119798.0,1.4704368932382643e+18,Other Cities,34.150674947374235,1.0,2026-05-22,26
68693110.0,1.4668494999377902e+18,Other Cities,34.15588,1.0,nan,0
148737088.0,1.468455988268204e+18,Other Cities,34.553524,1.0,2026-05-05,21
557892056.0,1.4704943509868856e+18,Other Cities,33.87289648063014,2.0,2024-10-09,0
426946658.0,1.4636737990561236e+18,Unincorporated Areas,34.13010369392795,1.0,2026-05-26,11
561629836.0,1.4705077324355717e+18,City of Los Angeles,34.07128165925644,30.0,2025-04-19,0
50293850.0,1.4657690822801021e+18,City of Los Angeles,34.13898,30.0,nan,0
401052173.0,1.4698405828273124e+18,Other Cities,34.03173,1.0,2026-03-04,16
301027628.0,1.4695444052197225e+18,Other Cities,33.89611777912996,60.0,nan,0
126644161.0,1.4629318896934497e+18,Other Cities,33.7733163,31.0,2025-07-19,1
40523324.0,1.465603885883218e+18,City of Los Angeles,34.05495,30.0,nan,0
297263260.0,1.4634069711084344e+18,Other Cities,34.16277,7.0,2026-06-06,21
16749543.0,1.4625991096375613e+18,City of Los Angeles,34.04715,1.0,2026-05-03,12
517607423.0,1.4703287672687926e+18,Other Cities,34.02039,1.0,2026-05-31,26
461752166.0,1.4700800416123453e+18,Other Cities,33.34128,1.0,2026-06-08,41
548057441.0,1.4704519858509202e+18,Other Cities,34.12799,28.0,2025-11-30,2
545833443.0,1.470443271871264e+18,Other Cities,33.96195646667797,1.0,2025-12-23,25
63177845.0,1.4627524910571528e+18,City of Los Angeles,34.04667,30.0,nan,0
72933825.0,1.462809300960564e+18,City of Los Angeles,34.101711750168725,31.0,2026-05-11,3
87343790.0,1.4670503156444933e+18,City of Los Angeles,34.07452931760361,31.0,2026-04-20,1
239226595.0,1.4632593934268127e+18,City of Los Angeles,34.044760962733484,30.0,nan,0
5112516.0,1.4625389879277617e+18,City of Los Angeles,34.1024063,31.0,2026-06-01,4
88566861.0,1.4628447311922583e+18,City of Los Angeles,34.041934,1.0,2025-11-20,4
42155444.0,1.4656271232130824e+18,Other Cities,34.185270862169965,30.0,2025-05-21,0
7142233.0,1.4627244778718874e+18,Other Cities,34.12634,30.0,2026-02-01,2
129863632.0,1.468302002426936e+18,City of Los Angeles,34.12988,1.0,2026-06-14,41
136683217.0,1.4683594954467743e+18,Unincorporated Areas,34.02402,7.0,2026-05-12,9
51322882.0,1.4658013309368717e+18,City of Los Angeles,34.17387383983671,30.0,nan,0
204852262.0,1.4690686994105544e+18,City of Los Angeles,34.00989,31.0,2025-11-03,3
489736486.0,1.4702044844036552e+18,City of Los Angeles,34.0429,30.0,2025-08-22,1
1481369.0,1.4625469936154417e+18,Unincorporated Areas,34.14191,3.0,2026-04-20,13
57161.0,1.4625078544456804e+18,City of Los Angeles,34.04778,1.0,2026-04-15,3
109167908.0,1.467321923222456e+18,Other Cities,34.08989657220039,2.0,2026-05-15,39
297263260.0,1.4634069711084344e+18,Other Cities,34.16311,3.0,2026-06-09,21
34504513.0,1.4655071551431032e+18,Other Cities,33.7658320167787,2.0,2026-06-10,43
10058791.0,1.462830578503707e+18,Other Cities,33.3394979,2.0,2026-05-31,22
76487759.0,1.4628177547495578e+18,Other Cities,34.14462501219654,30.0,2024-08-11,0
21266818.0,1.463150785143811e+18,Other Cities,34.023809318515404,7.0,2026-03-08,4
398575803.0,1.469832662537662e+18,Other Cities,34.19261254777771,1.0,nan,0
332804816.0,1.4696414664733583e+18,Unincorporated Areas,34.0021262,1.0,2026-06-12,61
36236635.0,1.4655381170204547e+18,City of Los Angeles,34.0648561983243,30.0,2026-06-13,8
119021853.0,1.4682143785909478e+18,City of Los Angeles,34.16184118535439,30.0,2025-04-18,0
444525312.0,1.4637176374734794e+18,Other Cities,34.0136,1.0,2024-03-31,0
562603338.0,1.4705107175438687e+18,Other Cities,34.06887286123048,1.0,2025-12-05,4
397171918.0,1.469828504228204e+18,Other Cities,34.0491052,1.0,2024-06-09,0
454036515.0,1.470042765128825e+18,Other Cities,34.09062029037979,2.0,2026-06-01,2
30910.0,1.462507173850493e+18,Other Cities,34.0251318701004,30.0,nan,0
57161.0,1.4625078544456804e+18,City of Los Angeles,34.04737245229314,1.0,2026-04-13,14
96606170.0,1.4671638455599114e+18,City of Los Angeles,34.083176496166814,30.0,2024-09-02,0
369450319.0,1.4697464367480015e+18,City of Los Angeles,34.095016998153234,1.0,2026-05-29,76
458688198.0,1.4700652554553372e+18,City of Los Angeles,34.11729005125551,30.0,2026-05-31,4
504252105.0,1.4679398161032998e+18,Other Cities,33.9783317645457,29.0,2024-11-24,0
570408134.0,1.4705347789172764e+18,Other Cities,33.83078,30.0,2026-02-12,8
63099334.0,1.4667789125313226e+18,Other Cities,33.95306887819037,31.0,nan,0
136683217.0,1.4683594954467743e+18,City of Los Angeles,34.04238,30.0,2026-05-29,2
567816362.0,1.4705266215981868e+18,Other Cities,34.060460148449835,2.0,2026-05-01,17
218477431.0,1.4691496486659123e+18,Other Cities,33.85731,2.0,2026-05-31,39
566760900.0,1.470523303630023e+18,Other Cities,33.768390197234986,1.0,2026-02-22,15
551634682.0,1.4704661757047644e+18,Other Cities,34.03729240280397,2.0,nan,0
501313808.0,1.47025433110611e+18,Other Cities,34.09200539503064,2.0,2025-01-28,0
256558498.0,1.469355562566892e+18,Other Cities,34.00685,1.0,2025-10-31,2
367097591.0,1.4635395121843735e+18,Other Cities,34.06359256370261,2.0,2026-03-15,16
534756045.0,1.470399861421936e+18,City of Los Angeles,34.18932229439587,30.0,2024-05-14,0
349079187.0,1.4696941566746463e+18,Other Cities,34.084139546457685,2.0,2025-11-12,2
196751356.0,1.4690258370916163e+18,Other Cities,34.124764480923844,5.0,2025-09-20,1
390942234.0,1.4698091280887465e+18,Other Cities,34.20429440795276,3.0,nan,0
6337221.0,1.4627038927405568e+18,Unincorporated Areas,34.13808,2.0,2026-06-12,45
571171175.0,1.4705370746541286e+18,Other Cities,33.912320243580304,2.0,2026-05-02,13
437166158.0,1.469976428055886e+18,Other Cities,33.87744,1.0,2026-06-09,41
33671637.0,1.462662716853725e+18,Other Cities,33.95676778169505,31.0,nan,0
521755.0,1.4625206457354627e+18,Other Cities,34.56334,1.0,2025-04-23,0
74143864.0,1.4669131592503767e+18,City of Los Angeles,34.250253663158894,1.0,2026-05-31,4
509158231.0,1.470288903196361e+18,Other Cities,34.19468,1.0,2026-05-17,9
450780936.0,1.4700296400346263e+18,City of Los Angeles,34.08836603413592,2.0,2026-05-18,23
158073937.0,1.4685404184689103e+18,City of Los Angeles,34.27429,2.0,2026-05-21,7
25148095.0,1.4626323443212518e+18,Unincorporated Areas,33.98416,30.0,nan,0
33605995.0,1.4654914794844547e+18,City of Los Angeles,34.16275398023366,30.0,2024-06-16,0
121578976.0,1.4682345634057705e+18,Unincorporated Areas,33.98277,1.0,2026-06-10,36
62578354.0,1.4667718935332764e+18,City of Los Angeles,34.13672,30.0,2025-05-16,0
32862749.0,1.4654815438935252e+18,City of Los Angeles,34.1652453,30.0,nan,0
16093594.0,1.4625965774516728e+18,Unincorporated Areas,34.65882,1.0,2026-05-02,71
417195791.0,1.469896391907299e+18,City of Los Angeles,34.09594,30.0,nan,0
171211599.0,1.4630540642969969e+18,Other Cities,34.032109607218196,2.0,2026-05-29,45
375889148.0,1.469765760580813e+18,City of Los Angeles,33.9944,3.0,nan,0
4033754.0,1.4626455637265062e+18,City of Los Angeles,34.04568282886601,31.0,2026-03-30,2
510072433.0,1.4702933556337933e+18,City of Los Angeles,34.012479129437594,30.0,2026-01-06,2
26240914.0,1.4653600005162243e+18,City of Los Angeles,34.27450286455404,30.0,nan,0
574310431.0,1.4705683072470561e+18,Other Cities,34.5798,1.0,nan,0
195222810.0,1.469017404963766e+18,Other Cities,33.82189,31.0,nan,0
519908601.0,1.4703392997770803e+18,City of Los Angeles,34.0993,30.0,2024-10-14,0
26965386.0,1.4653861879113375e+18,Other Cities,33.820620561420355,31.0,2024-12-02,0
534603378.0,1.470399201629215e+18,Other Cities,34.09046,1.0,2026-06-14,39
1870903.0,1.4625208862925778e+18,City of Los Angeles,34.00184,3.0,2026-04-20,13
377976917.0,1.4697716908137533e+18,Other Cities,34.13333579149793,7.0,nan,0
50552265.0,1.4657746750337352e+18,City of Los Angeles,34.097626276418254,30.0,nan,0
259516942.0,1.4633225531834547e+18,Unincorporated Areas,33.99429,1.0,2025-12-27,5
494526136.0,1.4702261555129252e+18,Other Cities,34.152021275968565,2.0,2026-05-30,27
13646647.0,1.4629181744993856e+18,Other Cities,33.76105,28.0,2025-06-23,2
11248694.0,1.4628604936662676e+18,Other Cities,33.780822903418006,31.0,nan,0
293579920.0,1.4695181739540396e+18,Other Cities,34.69017,1.0,2026-05-21,10
14393406.0,1.4629375592581862e+18,Other Cities,33.7692529,31.0,nan,0
50537706.0,1.4657744951926615e+18,City of Los Angeles,34.018191256473045,30.0,2026-03-08,1
239226595.0,1.4632593934268127e+18,City of Los Angeles,34.04538322797525,30.0,2024-07-18,0
28486258.0,1.4654203512862098e+18,City of Los Angeles,34.10516,3.0,2025-11-30,1
366941113.0,1.469739691908536e+18,City of Los Angeles,34.10359,30.0,nan,0
482526208.0,1.4701729056755512e+18,City of Los Angeles,34.1005263,30.0,2024-09-07,0
304109478.0,1.4634213427327683e+18,Other Cities,34.69333,1.0,2026-03-13,9
446430448.0,1.4700109632615854e+18,Other Cities,34.12433658725571,30.0,2026-04-12,2
280734484.0,1.469476434803745e+18,City of Los Angeles,34.11232,30.0,nan,0
239226595.0,1.4632593934268127e+18,City of Los Angeles,34.046429250341184,30.0,2025-12-30,1
442883790.0,1.4699977938437455e+18,City of Los Angeles,34.10453013913609,30.0,nan,0
576726541.0,1.4705758208447306e+18,City of Los Angeles,33.98594274525255,30.0,nan,0
10165009.0,1.462833257148204e+18,City of Los Angeles,34.0460041,2.0,2026-04-28,32
37912706.0,1.4655672864483922e+18,Other Cities,34.0166219542809,1.0,2026-06-14,32
414420881.0,1.467924896318366e+18,Unincorporated Areas,34.00111,27.0,nan,0
30495359.0,1.4654488008358958e+18,City of Los Angeles,33.96135212271572,3.0,2025-11-30,5
363562418.0,1.469730593882037e+18,Other Cities,34.01638,1.0,2026-05-24,22
488389213.0,1.4701980754516001e+18,Other Cities,34.13418810840948,2.0,nan,0
458157775.0,1.4700627143030717e+18,City of Los Angeles,33.99318,2.0,2026-06-14,38
41965393.0,1.4656247644008684e+18,Other Cities,33.91319,2.0,2026-06-14,32
572189487.0,1.4705509120550456e+18,Other Cities,34.0860233658684,1.0,nan,0
71632673.0,1.462795524740697e+18,Unincorporated Areas,33.98047,30.0,2025-05-18,0
163211089.0,1.4685882952605102e+18,Other Cities,33.91414755018974,3.0,2026-04-19,26
578490989.0,1.4705811382335905e+18,City of Los Angeles,33.986528,30.0,2026-02-15,2
340299866.0,1.4696655150905495e+18,Other Cities,34.09228,2.0,2026-05-28,13
6327106.0,1.4627036357178263e+18,City of Los Angeles,34.0519964,1.0,2026-06-13,51
555279644.0,1.470479808200024e+18,City of Los Angeles,34.0469,1.0,2024-07-14,0
483262548.0,1.4701759677700905e+18,Other Cities,34.06132,2.0,2026-03-31,13
39878000.0,1.4655952679435249e+18,City of Los Angeles,34.017557600286096,90.0,2024-08-21,0
226249322.0,1.4692032236360113e+18,Other Cities,33.81855014512665,1.0,2026-05-22,22
461266916.0,1.470077532656847e+18,Other Cities,34.064414184252946,1.0,2026-04-22,19
152928709.0,1.4684992918763057e+18,Other Cities,34.06009,1.0,2025-05-18,0
277172691.0,1.4694611134321155e+18,Unincorporated Areas,34.1213324369901,1.0,2025-11-30,1
19011543.0,1.463067594376164e+18,Other Cities,33.84248,1.0,2026-06-14,47
196443625.0,1.4690241966899855e+18,Other Cities,34.0803008,30.0,2025-09-11,1
465721120.0,1.4700992416501235e+18,City of Los Angeles,34.06200581759657,30.0,nan,0
574941487.0,1.4705701612567027e+18,Unincorporated Areas,33.94593430411091,2.0,2026-05-18,27
297263260.0,1.4634069711084344e+18,Other Cities,34.16169697340966,4.0,2026-05-31,32
550091936.0,1.4704601251264906e+18,City of Los Angeles,34.04151953897417,31.0,2026-03-31,1
118617502.0,1.4682111456871424e+18,City of Los Angeles,34.06392988688198,30.0,2024-08-07,0
192377364.0,1.4690003082623137e+18,Unincorporated Areas,33.99113,31.0,2025-05-29,0
192377364.0,1.4690003082623137e+18,Unincorporated Areas,33.9894,31.0,2025-06-20,1
19757928.0,1.4630903573781727e+18,City of Los Angeles,34.1510385,1.0,2026-06-15,26
4510075.0,1.4625359496794478e+18,Unincorporated Areas,34.076309,1.0,2025-08-30,5
502842196.0,1.4702607939708785e+18,Other Cities,34.08292,16.0,2026-01-18,3
11391283.0,1.4628637896512817e+18,Other Cities,33.76643,31.0,nan,0
467039185.0,1.4701055973012782e+18,City of Los Angeles,33.96610677543887,31.0,nan,0
344844094.0,1.4634922313647713e+18,City of Los Angeles,34.0861,30.0,2025-09-25,1
145255025.0,1.462973095926541e+18,Unincorporated Areas,34.14561795135988,1.0,2026-04-19,8
487758610.0,1.4701951147013015e+18,Other Cities,34.06835,2.0,2026-05-12,32
502842196.0,1.4702607939708785e+18,Other Cities,34.08467,333.0,2024-06-10,0
174179490.0,1.4686898500443405e+18,City of Los Angeles,34.23252,30.0,nan,0
6077549.0,1.4626973644843041e+18,Other Cities,34.02875910462965,30.0,2025-12-06,3
446820235.0,1.4637230149284954e+18,Other Cities,33.9257,30.0,nan,0
446820235.0,1.4637230149284954e+18,City of Los Angeles,34.04973344206576,30.0,nan,0
381408370.0,1.463570764878605e+18,Unincorporated Areas,33.9839148,1.0,2026-05-18,14
2466068.0,1.462595865945051e+18,City of Los Angeles,34.0009867046295,30.0,2026-02-02,3
446820235.0,1.4637230149284954e+18,City of Los Angeles,34.049307832793005,30.0,nan,0
8614128.0,1.4627719177517217e+18,Other Cities,34.013233234521465,1.0,nan,0
363562418.0,1.469730593882037e+18,Other Cities,34.01619800965305,2.0,2026-06-13,16
528381813.0,1.470375359840033e+18,Other Cities,34.08759406320475,5.0,nan,0
9668663.0,1.46282014858303e+18,Other Cities,33.97956381590215,31.0,2025-10-11,2
449886623.0,1.4700260574596662e+18,Other Cities,33.90295,364.0,2025-01-14,0
580958801.0,1.470588248693314e+18,Other Cities,34.6739427,1.0,2025-11-20,4
570672980.0,1.470535577681293e+18,City of Los Angeles,34.110696611585304,3.0,2026-06-15,19
482541462.0,1.4701729597189586e+18,Unincorporated Areas,33.98639204798529,1.0,2026-05-31,2
12568111.0,1.4628907204534277e+18,Other Cities,34.55962,1.0,2026-04-17,4
7746855.0,1.4627401274784412e+18,City of Los Angeles,34.0370263,30.0,2026-06-04,5
48365320.0,1.4657311420360855e+18,Unincorporated Areas,34.0437677962653,1.0,2026-04-15,14
43196899.0,1.4656414848130337e+18,Other Cities,34.06839,1.0,2026-05-11,8
411740543.0,1.469877540623321e+18,City of Los Angeles,34.04323167550118,30.0,2024-10-07,0
83653681.0,1.4670122569092237e+18,Other Cities,34.16393146485859,30.0,nan,0
2411770.0,1.4625943645999076e+18,Other Cities,34.02891650000001,30.0,2026-02-25,2
579188970.0,1.4705831862619095e+18,Unincorporated Areas,34.10902,30.0,2025-03-30,0
27080709.0,1.4653998549491594e+18,City of Los Angeles,34.04391,30.0,2026-05-08,2
13585796.0,1.4629146284178383e+18,Other Cities,34.00038358334735,1.0,2026-06-14,45
514583087.0,1.4638628687943293e+18,Other Cities,33.87455088646865,2.0,2026-06-11,16
446820235.0,1.4637230149284954e+18,Other Cities,34.09417,30.0,nan,0
150622345.0,1.4684810219189924e+18,Unincorporated Areas,33.98408,2.0,2026-06-07,16
583152332.0,1.4705945723724992e+18,Other Cities,34.09111268174441,1.0,2025-11-24,13
526656410.0,1.4703683165198659e+18,Other Cities,34.08454,1.0,2025-09-04,2
96457853.0,1.4671619930195267e+18,Other Cities,33.77385,31.0,nan,0
98647265.0,1.4628672562451008e+18,Other Cities,34.06022,1.0,2026-06-02,23
204852262.0,1.4690686994105544e+18,City of Los Angeles,34.01138,30.0,2026-01-28,2
446820235.0,1.4637230149284954e+18,City of Los Angeles,34.06419,30.0,nan,0
24797795.0,1.4653204559272947e+18,City of Los Angeles,34.11154645014785,30.0,2024-08-20,0
4780152.0,1.4625372374553434e+18,City of Los Angeles,34.042554072478936,30.0,nan,0
431052375.0,1.4636840554732214e+18,City of Los Angeles,34.16712,30.0,nan,0
446820235.0,1.4637230149284954e+18,City of Los Angeles,34.03561,30.0,nan,0
240086758.0,1.4632722429388685e+18,Other Cities,34.42744,2.0,2026-02-13,2
584944884.0,1.4705993787951521e+18,City of Los Angeles,34.1033076,31.0,nan,0
318104823.0,1.4696016499870216e+18,Other Cities,34.02308,30.0,nan,0
504252105.0,1.4679398161032998e+18,Other Cities,33.99696,29.0,nan,0
33005515.0,1.4654833711243523e+18,Other Cities,33.98048055731962,2.0,2026-06-07,2
537542674.0,1.4704111763072724e+18,City of Los Angeles,33.9715949,1.0,2026-05-28,32
39298533.0,1.4626810870785664e+18,City of Los Angeles,34.26086,365.0,2025-06-09,0
446820235.0,1.4637230149284954e+18,Other Cities,34.076711857909004,30.0,nan,0
446820235.0,1.4637230149284954e+18,City of Los Angeles,34.1823435279602,30.0,nan,0
422762757.0,1.4699183152921702e+18,Other Cities,34.01549,1.0,2026-05-24,25
14462277.0,1.4625903465840635e+18,City of Los Angeles,34.01827924359315,30.0,nan,0
446820235.0,1.4637230149284954e+18,City of Los Angeles,34.105032973353694,30.0,nan,0
446820235.0,1.4637230149284954e+18,Other Cities,34.01165,30.0,nan,0
446820235.0,1.4637230149284954e+18,City of Los Angeles,33.94933588397618,30.0,nan,0
253832031.0,1.4633082231358753e+18,City of Los Angeles,34.09603,2.0,2026-06-03,32
28649563.0,1.4654228351729037e+18,City of Los Angeles,34.06403340952051,30.0,2025-11-08,2
89994736.0,1.46708958040334e+18,Other Cities,34.06794,1.0,2026-05-30,24
446820235.0,1.4637230149284954e+18,City of Los Angeles,33.94682,30.0,nan,0
446820235.0,1.4637230149284954e+18,City of Los Angeles,34.14599,30.0,nan,0
588385298.0,1.4706085232636913e+18,Other Cities,34.019164,3.0,2026-05-29,7
588129197.0,1.4706079123052572e+18,City of Los Angeles,34.2486851,1.0,2026-06-10,95
29751431.0,1.4654386102976556e+18,Other Cities,34.15188207478772,1.0,nan,0
501999278.0,1.4680582772899994e+18,City of Los Angeles,34.10124,1.0,nan,0
501999278.0,1.4680582772899994e+18,City of Los Angeles,34.10124,1.0,nan,0
6867419.0,1.4625476384954437e+18,City of Los Angeles,34.05194,30.0,nan,0
75277436.0,1.4628149079459663e+18,City of Los Angeles,34.06469,30.0,2026-02-18,2
308791177.0,1.469574152955369e+18,Unincorporated Areas,34.11601,1.0,2026-06-10,136
589020060.0,1.4706099426220488e+18,Other Cities,33.877142866981,1.0,2026-06-10,73
586107100.0,1.4706026761052908e+18,Other Cities,34.00453,30.0,nan,0
444038657.0,1.4637164053644664e+18,Other Cities,34.15285,31.0,nan,0
584915076.0,1.4638909746119616e+18,Unincorporated Areas,34.13094338427142,1.0,2026-03-01,15
584915076.0,1.4638909746119616e+18,Unincorporated Areas,34.13314,1.0,2026-02-27,13
8763731.0,1.462566545336681e+18,City of Los Angeles,33.7083937258233,30.0,2026-03-01,1
390544937.0,1.4698079576252547e+18,Other Cities,34.15645295446079,30.0,2025-11-26,1
585287361.0,1.47060035060946e+18,Other Cities,33.87309,2.0,2026-06-14,48
63825667.0,1.4627648293075244e+18,City of Los Angeles,34.08318380683647,30.0,2025-12-09,2
446820235.0,1.4637230149284954e+18,City of Los Angeles,33.94417239418905,30.0,nan,0
60242.0,1.4625079688976136e+18,Other Cities,34.0060181037498,30.0,nan,0
43294356.0,1.4656429058069888e+18,Other Cities,33.921399726563806,2.0,2026-06-14,21
127575146.0,1.4682823990222185e+18,City of Los Angeles,34.13588,2.0,2026-04-21,22
136683217.0,1.4683594954467743e+18,City of Los Angeles,34.04767240169917,30.0,2025-10-31,2
511743088.0,1.4703012603729743e+18,City of Los Angeles,33.98444,30.0,2025-05-31,0
558806961.0,1.4697498754535363e+18,Other Cities,34.01117688087657,1.0,2026-04-19,13
43829112.0,1.46565101510168e+18,City of Los Angeles,34.10615033422948,30.0,nan,0
514615933.0,1.4703147883027218e+18,Other Cities,34.09414883000282,2.0,2025-05-25,0
587607512.0,1.4706066945672648e+18,Other Cities,34.0540113,1.0,2026-05-24,20
13158586.0,1.462904648263384e+18,City of Los Angeles,34.16744,4.0,2026-06-11,8
139518157.0,1.468382533604227e+18,Other Cities,34.00652359952194,2.0,2026-06-12,37
301896387.0,1.4693894649528973e+18,Other Cities,34.11735,1.0,nan,0
36236635.0,1.4655381170204547e+18,City of Los Angeles,34.13719377625261,31.0,2025-02-26,0
218117410.0,1.4632015690859825e+18,Other Cities,34.02428,30.0,2026-06-05,1
36585759.0,1.465544934815792e+18,City of Los Angeles,33.993277432172505,3.0,2026-05-17,3
533719117.0,1.4703958441910257e+18,Unincorporated Areas,34.03467,2.0,2026-05-15,22
181305265.0,1.468749843406844e+18,City of Los Angeles,34.1184768,30.0,2026-03-30,2
417195791.0,1.469896391907299e+18,City of Los Angeles,34.088573569702156,2.0,2025-09-10,1
49957375.0,1.4627147274136438e+18,City of Los Angeles,34.037418650833615,30.0,2025-10-04,1
103957071.0,1.467247927215176e+18,Other Cities,34.12502,1.0,2026-05-17,24
591346981.0,1.4706154347371456e+18,City of Los Angeles,34.08344583895468,30.0,2026-04-04,6
187591527.0,1.4689713299428314e+18,Other Cities,33.88620201555784,4.0,2026-05-30,15
104689041.0,1.4672582593468682e+18,City of Los Angeles,34.13958,2.0,2026-05-31,24
63825667.0,1.4627648293075244e+18,City of Los Angeles,34.08348329893472,30.0,2025-02-10,0
576860870.0,1.4705762858170043e+18,Other Cities,33.7699179,1.0,2026-06-15,85
426946658.0,1.4636737990561236e+18,Unincorporated Areas,34.12817011134285,1.0,2024-07-27,0
27487626.0,1.4654056918488387e+18,Other Cities,34.06842,7.0,nan,0
383790851.0,1.4635762788962076e+18,Other Cities,34.07594,1.0,2026-06-01,20
6829.0,1.4625065364142034e+18,City of Los Angeles,34.05541,30.0,nan,0
350247513.0,1.4696976627104732e+18,City of Los Angeles,34.0349589398595,30.0,2025-04-06,0
376936883.0,1.4697689221628452e+18,Other Cities,34.1797,1.0,2026-05-03,16
374464274.0,1.469761655941433e+18,City of Los Angeles,34.05814,31.0,nan,0
33837007.0,1.4654946778297244e+18,Unincorporated Areas,33.969997644883705,1.0,2025-12-30,8
592988590.0,1.4706194786083208e+18,Other Cities,34.67907,30.0,nan,0
347851048.0,1.4676685354432156e+18,City of Los Angeles,34.1000876505888,30.0,nan,0
534573500.0,1.4703990976152143e+18,City of Los Angeles,34.05395140699899,30.0,2026-03-29,2
360390425.0,1.4697225051506995e+18,Other Cities,34.65543,3.0,nan,0
196666129.0,1.4631334625520635e+18,Other Cities,33.89240330000001,3.0,nan,0
5112516.0,1.4625389879277617e+18,City of Los Angeles,34.113126,1.0,2026-04-11,2
166575754.0,1.4686145282880243e+18,Other Cities,33.7565964,1.0,2026-06-15,38
153804896.0,1.468506317842526e+18,Other Cities,34.0880321806132,1.0,2026-05-25,43
40319922.0,1.465601095991009e+18,Other Cities,34.148945836810775,15.0,2026-03-30,3
4780152.0,1.4625372374553434e+18,City of Los Angeles,34.05399613595239,30.0,nan,0
402155066.0,1.4636188688040133e+18,City of Los Angeles,34.055264993549365,31.0,nan,0
33378765.0,1.4654885340242888e+18,City of Los Angeles,34.0647372,30.0,2026-05-31,5
579330312.0,1.4705835612261524e+18,City of Los Angeles,34.1178009,3.0,2024-08-06,0
150728305.0,1.4684818477829135e+18,City of Los Angeles,34.04985,30.0,nan,0
132468028.0,1.4683247468952543e+18,Other Cities,34.68058,30.0,nan,0
233661090.0,1.4632444040998346e+18,Other Cities,33.7485684,1.0,2026-06-15,77
39643773.0,1.4655920339822615e+18,Other Cities,34.090353648915965,1.0,2026-06-01,49
210230626.0,1.4690969078735872e+18,Other Cities,34.19540498634133,2.0,2026-05-08,17
2348012.0,1.4625926945167022e+18,City of Los Angeles,34.0008977,30.0,nan,0
581005018.0,1.5293365822444155e+18,City of Los Angeles,34.17967933967515,1.0,2026-06-08,38
194154268.0,1.463106661323649e+18,City of Los Angeles,34.10518,1.0,2026-06-01,15
591346981.0,1.4706154347371456e+18,City of Los Angeles,34.08355,30.0,2024-11-15,0
474252783.0,1.470138485218063e+18,City of Los Angeles,34.04721646182577,1.0,2026-06-06,32
394913574.0,1.4698215235947256e+18,Other Cities,33.8319324,27.0,2025-11-15,3
283045062.0,1.4694840942868488e+18,Other Cities,34.04549,1.0,2024-08-18,0
95543.0,1.4625094718967145e+18,City of Los Angeles,33.98667,30.0,nan,0
52957702.0,1.4658578195131433e+18,Other Cities,34.08908884372468,1.0,2026-05-26,16
502815396.0,1.4638509348770483e+18,Other Cities,34.41639,1.0,2026-05-27,67
579889964.0,1.470585130281119e+18,Unincorporated Areas,33.98117,1.0,2026-05-23,11
13194171.0,1.4629054298226276e+18,Other Cities,33.77811710114851,1.0,2026-06-14,19
135739530.0,1.4683523198959816e+18,City of Los Angeles,34.068096646261274,30.0,nan,0
5062662.0,1.4625387500400832e+18,City of Los Angeles,34.06774845355939,30.0,2025-12-16,1
350659068.0,1.4635073420712292e+18,City of Los Angeles,34.055932700984066,30.0,nan,0
97496339.0,1.462864970309606e+18,Unincorporated Areas,33.975486975543724,1.0,2025-02-22,0
387951635.0,1.4698000767982275e+18,City of Los Angeles,33.96992,30.0,nan,0
280002068.0,1.4694730775895306e+18,City of Los Angeles,34.0415551,2.0,nan,0
2066948.0,1.462522007572923e+18,City of Los Angeles,34.00192,30.0,2026-05-25,20
597896080.0,1.470631148580841e+18,Unincorporated Areas,34.54353,1.0,2026-04-29,28
103957071.0,1.467247927215176e+18,Other Cities,34.12479444472905,1.0,2026-05-28,38
574528046.0,1.4705690267351685e+18,City of Los Angeles,34.0742594,30.0,2024-11-23,0
38120308.0,1.4655705112426025e+18,Unincorporated Areas,33.97885013048054,1.0,2026-05-30,37
513532892.0,1.4703097293759224e+18,Other Cities,34.19336,30.0,nan,0
97496339.0,1.462864970309606e+18,Other Cities,34.10601,2.0,2026-03-07,2
573774923.0,1.470566556585566e+18,City of Los Angeles,34.11431154563373,30.0,nan,0
119965406.0,1.468221735810052e+18,Other Cities,34.02610131892756,200.0,nan,0
25246771.0,1.465338681772418e+18,City of Los Angeles,34.186082729971325,30.0,nan,0
2117819.0,1.4625223139193231e+18,Other Cities,34.02018,3.0,nan,0
598796385.0,1.4706332670873306e+18,Unincorporated Areas,33.93188,5.0,2026-05-18,21
598812540.0,1.4706332995265434e+18,City of Los Angeles,34.09785,30.0,2026-03-02,2
8200994.0,1.4625642270848783e+18,Other Cities,34.0681,2.0,2026-06-01,19
13992754.0,1.462588573334751e+18,City of Los Angeles,34.03742446851989,30.0,2025-07-25,1
13992754.0,1.462588573334751e+18,City of Los Angeles,34.03711656796338,30.0,2025-12-13,3
426946658.0,1.4636737990561236e+18,Unincorporated Areas,34.1299994573924,1.0,2025-01-25,0
6307223.0,1.4627031428027945e+18,Other Cities,34.11113,60.0,nan,0
375546645.0,1.4697647666681293e+18,Other Cities,34.56647,1.0,nan,0
120293712.0,1.4682243598991514e+18,City of Los Angeles,34.19244,30.0,2026-03-31,3
248430269.0,1.4693172936143035e+18,Other Cities,34.00617,2.0,nan,0
75694364.0,1.4669296516940613e+18,Other Cities,34.0864026,30.0,nan,0
136683217.0,1.4683594954467743e+18,City of Los Angeles,34.04607,30.0,2025-02-03,0
501999278.0,1.4680582772899994e+18,Other Cities,33.8039,1.0,nan,0
74180449.0,1.462812124225111e+18,City of Los Angeles,34.117018025883624,2.0,nan,0
66944595.0,1.466826936502277e+18,City of Los Angeles,34.11339,1.0,2026-06-15,32
922252.0,1.4625333615775974e+18,City of Los Angeles,33.990156,30.0,nan,0
120293712.0,1.4682243598991514e+18,City of Los Angeles,34.19247,30.0,nan,0
43602808.0,1.4626942710517724e+18,Unincorporated Areas,33.97257,1.0,2026-06-06,43
414420881.0,1.467924896318366e+18,Unincorporated Areas,34.44303,29.0,nan,0
27068812.0,1.4653993481442724e+18,City of Los Angeles,34.07071,1.0,2025-09-16,12
570463902.0,1.4705347675471905e+18,City of Los Angeles,33.71229867323282,30.0,2026-05-07,1
597514518.0,1.470630193813321e+18,Other Cities,34.0522676,15.0,2024-11-05,0
16682385.0,1.462598834229291e+18,City of Los Angeles,34.02185,30.0,2025-10-29,10
16749543.0,1.4625991096375613e+18,City of Los Angeles,34.0423228,1.0,2026-03-23,9
651347060.0,1.4706385529100068e+18,City of Los Angeles,34.16352626606218,30.0,nan,0
270808385.0,1.4694302069703951e+18,Other Cities,34.12607,2.0,2026-06-03,13
31910479.0,1.4654689343128658e+18,Unincorporated Areas,34.07857,2.0,2026-05-31,14
424206553.0,1.4699242258592412e+18,Other Cities,34.09027,2.0,2026-06-16,24
518741358.0,1.470334104728243e+18,Other Cities,34.11068177649418,14.0,nan,0
651473036.0,1.4706388858105684e+18,Other Cities,34.09263,2.0,2026-06-02,42
11354035.0,1.4628628866041656e+18,City of Los Angeles,33.99127,1.0,2026-06-11,69
150622345.0,1.4684810219189924e+18,Other Cities,34.09316,30.0,2025-03-18,0
352833053.0,1.4697049527718656e+18,Other Cities,33.89127,1.0,2026-05-31,8
575589915.0,1.4705722827710182e+18,City of Los Angeles,34.00278942861122,1.0,2026-06-13,21
123129200.0,1.4629243681305933e+18,Other Cities,34.44050987676142,2.0,2026-05-24,10
72776114.0,1.4668982294494177e+18,Other Cities,34.146067940719604,2.0,2026-05-12,5
423563133.0,1.467659113249138e+18,City of Los Angeles,34.081212509229196,30.0,2025-07-27,1
437319472.0,1.4699770201978035e+18,Other Cities,33.91045971259061,1.0,2026-05-30,21
20531625.0,1.463121382596177e+18,City of Los Angeles,34.11355,2.0,2026-06-10,7
594892041.0,1.4706241271262477e+18,City of Los Angeles,34.160459045862055,30.0,nan,0
31910479.0,1.4654689343128658e+18,Unincorporated Areas,34.07792874417744,2.0,2026-04-06,26
53596930.0,1.4658711891219607e+18,City of Los Angeles,34.05048,30.0,2024-11-11,0
652610986.0,1.4639009940441344e+18,City of Los Angeles,34.005105968265944,30.0,nan,0
180979020.0,1.468746807082164e+18,City of Los Angeles,34.09288,30.0,nan,0
388707336.0,1.4698023053181706e+18,Other Cities,34.37531376822896,1.0,2026-06-13,113
64464060.0,1.4667959952490153e+18,Other Cities,33.7559027,2.0,2026-06-08,27
123801378.0,1.4629256036876042e+18,Unincorporated Areas,33.99982,1.0,2026-04-07,3
12568111.0,1.4628907204534277e+18,Other Cities,34.6224829,1.0,2026-06-13,24
573700771.0,1.4705663757710057e+18,City of Los Angeles,34.0413994,30.0,nan,0
62713350.0,1.4627512570677944e+18,Other Cities,34.11526,1.0,2026-06-07,24
501999278.0,1.4680582772899994e+18,City of Los Angeles,34.05529,1.0,2025-06-15,0
653702049.0,1.4706433851329964e+18,City of Los Angeles,34.255157513489905,30.0,2025-02-19,0
592010723.0,1.4706171447457341e+18,Unincorporated Areas,33.99263608272599,1.0,2025-09-10,8
136683217.0,1.4683594954467743e+18,City of Los Angeles,34.0051,30.0,2025-12-01,2
121578976.0,1.4682345634057705e+18,Unincorporated Areas,33.98288912903238,1.0,2026-05-29,30
654981704.0,1.4706462421051072e+18,City of Los Angeles,34.039722,1.0,2025-04-29,0
569457950.0,1.4705317338088417e+18,Other Cities,33.980055813757694,2.0,2026-05-26,25
417195791.0,1.469896391907299e+18,City of Los Angeles,34.09386,2.0,nan,0
37269898.0,1.4655570619524116e+18,Unincorporated Areas,33.99034,30.0,2025-09-10,2
88566861.0,1.4628447311922583e+18,City of Los Angeles,34.041934,1.0,2025-08-16,1
384477862.0,1.4697891271861842e+18,City of Los Angeles,34.17362,30.0,2025-11-02,2
490990034.0,1.4702106006287296e+18,Other Cities,34.079228798692434,2.0,2026-06-07,36
72693488.0,1.4668973471077427e+18,City of Los Angeles,34.21244,30.0,nan,0
11351063.0,1.4628628408246467e+18,City of Los Angeles,33.99659,30.0,nan,0
121628761.0,1.4629211057253194e+18,City of Los Angeles,34.11077497831724,30.0,2025-09-01,1
654018171.0,1.4706441490745454e+18,Unincorporated Areas,34.05285,2.0,2026-05-31,19
155173.0,1.4625111409698117e+18,Other Cities,34.14597817463098,1.0,2026-05-28,48
655318099.0,1.470647032848889e+18,Other Cities,34.69707,2.0,2026-06-06,13
28567380.0,1.4654217032868654e+18,City of Los Angeles,34.1138388,30.0,2024-12-09,0
123120580.0,1.4629243486860608e+18,City of Los Angeles,34.15459835070388,30.0,nan,0
505018634.0,1.4702702543887137e+18,City of Los Angeles,34.00908,1.0,2026-06-10,90
150754588.0,1.4684820399759693e+18,Other Cities,33.87996,2.0,2026-06-10,56
72933825.0,1.462809300960564e+18,Other Cities,34.03099634307575,2.0,nan,0
657504871.0,1.4706518399207734e+18,Other Cities,33.7667996,7.0,2026-05-20,23
651318479.0,1.4683792827940462e+18,City of Los Angeles,34.02036721979483,30.0,nan,0
657676434.0,1.4706522071528387e+18,City of Los Angeles,34.03498,1.0,2026-05-30,23
657676434.0,1.4706522071528387e+18,City of Los Angeles,34.03379138238671,1.0,2026-05-27,15
651288391.0,1.470638426063626e+18,Other Cities,34.08664208266867,1.0,2026-06-14,48
175319421.0,1.4687001109653466e+18,City of Los Angeles,34.2434159,1.0,2026-06-10,67
323692638.0,1.4696146001451267e+18,Other Cities,33.90496508920483,nan,2026-06-16,31
650430380.0,1.4706365406492383e+18,Other Cities,34.68226018003669,1.0,2024-11-09,0
77151676.0,1.466944902776764e+18,Other Cities,33.77994,2.0,2026-05-30,27
465542953.0,1.4700983519068352e+18,Other Cities,34.7130729,1.0,2026-06-07,52
69218405.0,1.4668554417382303e+18,Other Cities,34.15448058088554,2.0,2026-06-08,17
655382.0,1.4625251184066025e+18,Other Cities,34.16905,30.0,nan,0
30054366.0,1.4626502212253235e+18,City of Los Angeles,34.02408279185318,30.0,nan,0
326383590.0,1.4634574676382774e+18,City of Los Angeles,34.084323877674976,30.0,nan,0
95344460.0,1.4671491041307041e+18,Unincorporated Areas,34.14007499978857,2.0,2026-06-06,38
401162913.0,1.4698409140776223e+18,Other Cities,33.7745,31.0,2026-03-22,2
442252932.0,1.4637122037674066e+18,Other Cities,34.12468,15.0,2025-11-16,1
576898188.0,1.4705763862921887e+18,City of Los Angeles,33.98731,30.0,2024-12-29,0
545676317.0,1.4704426783237809e+18,City of Los Angeles,34.09436568899719,1.0,2026-04-12,3
3102869.0,1.4626184657417884e+18,City of Los Angeles,34.0297888,30.0,2025-12-15,1
339588225.0,1.469662728082283e+18,Other Cities,33.98684316084151,7.0,nan,0
28472789.0,1.4654202178014812e+18,City of Los Angeles,33.99045,30.0,nan,0
123596444.0,1.462925204254048e+18,Other Cities,34.0382868,1.0,2026-05-29,19
39877681.0,1.465595265675906e+18,Unincorporated Areas,34.14007737760579,2.0,2026-05-31,22
257431418.0,1.469360043250824e+18,City of Los Angeles,34.23713,30.0,nan,0
8539092.0,1.462769894969323e+18,City of Los Angeles,34.084222305372194,31.0,nan,0
49761695.0,1.4657600702567613e+18,Other Cities,34.0576219,2.0,2026-05-03,18
520601947.0,1.463865112626766e+18,Unincorporated Areas,33.998930824124955,1.0,2024-12-01,0
520926952.0,1.470343988156666e+18,Other Cities,34.09178,1.0,2026-04-15,18
571456432.0,1.4705380854886927e+18,City of Los Angeles,34.102173803754155,30.0,2026-04-10,1
506357186.0,1.4638568913214848e+18,City of Los Angeles,34.01642586976842,30.0,2025-03-03,0
7746855.0,1.4627401274784412e+18,City of Los Angeles,34.03806976060308,30.0,2026-05-13,5
17141808.0,1.4630030878425224e+18,Other Cities,34.09024,2.0,2026-05-24,11
658287848.0,1.4706534769172687e+18,Other Cities,33.8442534,31.0,nan,0
481187016.0,1.4701669481177664e+18,City of Los Angeles,34.05260132853475,30.0,nan,0
33694089.0,1.4626627960456727e+18,Other Cities,34.09937,30.0,nan,0
651318479.0,1.4683792827940462e+18,City of Los Angeles,34.04185,31.0,nan,0
38621815.0,1.4655775130900086e+18,Other Cities,33.9005937,2.0,2026-05-12,14
15514025.0,1.462964178940489e+18,City of Los Angeles,34.07755,30.0,2025-09-20,1
22819782.0,1.46262278391053e+18,City of Los Angeles,33.99424,31.0,nan,0
166096268.0,1.4630322253526725e+18,Unincorporated Areas,33.97046,1.0,2026-06-01,59
246604950.0,1.4693081464585285e+18,City of Los Angeles,34.24047118632799,2.0,2026-06-15,21
19236518.0,1.4630724726082877e+18,Other Cities,34.10274,28.0,2026-04-12,2
126644161.0,1.4629318896934497e+18,Other Cities,34.0436097,2.0,2026-01-02,3
7208794.0,1.462726105819827e+18,City of Los Angeles,34.195456241177105,3.0,2026-01-06,14
41465662.0,1.4626876999366643e+18,Other Cities,33.912739487163854,3.0,2025-11-09,3
507719474.0,1.4702822733700209e+18,Other Cities,34.00778,1.0,2026-05-26,41
662167372.0,nan,City of Los Angeles,34.044814,1.0,2026-06-14,11
101537031.0,1.4628738812383334e+18,City of Los Angeles,34.10246,31.0,nan,0
362196862.0,1.4697271852358052e+18,City of Los Angeles,34.00259867002203,30.0,nan,0
389400022.0,1.463589483640975e+18,Other Cities,33.861163,30.0,2025-11-01,11
5112516.0,1.4625389879277617e+18,City of Los Angeles,34.09956,30.0,nan,0
68286950.0,1.4668440442390584e+18,Unincorporated Areas,34.057535468559124,1.0,2026-06-13,56
538922642.0,1.4704164143540503e+18,Other Cities,34.06809,1.0,nan,0
83189320.0,1.4670076887102917e+18,Other Cities,34.161008018540365,1.0,2026-06-14,70
345911438.0,1.468161730477951e+18,Other Cities,33.80208640239147,31.0,2026-04-11,3
345911438.0,1.468161730477951e+18,Other Cities,33.80414,31.0,2024-12-28,0
458541506.0,1.4700646318231962e+18,Other Cities,34.02876743149378,2.0,2026-05-25,20
662712689.0,1.4706633152667753e+18,Other Cities,34.17436,2.0,2026-06-08,34
466364161.0,1.4637702912669043e+18,Other Cities,33.89389766175548,2.0,2026-05-16,27
7782015.0,1.4625624153073746e+18,City of Los Angeles,34.163183529790714,31.0,2025-10-26,1
229949535.0,1.4692257666495002e+18,City of Los Angeles,34.05246488334499,30.0,2025-03-24,0
660965039.0,1.470659412133226e+18,Other Cities,34.704832049808026,1.0,2025-04-12,0
661118848.0,1.4706598325013304e+18,Unincorporated Areas,34.11541133461095,1.0,2026-05-30,40
43464750.0,1.4656453778745375e+18,Other Cities,33.74626,3.0,nan,0
549363285.0,1.47045724622526e+18,City of Los Angeles,34.0701381,30.0,nan,0
661397072.0,1.4706604024714432e+18,City of Los Angeles,34.21027,30.0,2025-01-02,0
18901537.0,1.4630641173527337e+18,Other Cities,33.89714110639191,2.0,2026-06-13,18
469717071.0,1.463778005930317e+18,City of Los Angeles,34.1272975,30.0,2026-05-24,38
411740543.0,1.469877540623321e+18,Unincorporated Areas,33.992932992775934,1.0,2025-05-17,0
571456432.0,1.4705380854886927e+18,City of Los Angeles,34.10439513310435,30.0,2026-01-27,1
297762.0,1.4625110282907794e+18,Unincorporated Areas,34.06242950803265,1.0,nan,0
239712.0,1.4625134888048123e+18,Other Cities,34.01254,1.0,2026-06-14,60
508917459.0,1.4702877711643735e+18,Unincorporated Areas,34.05561,2.0,2026-05-28,34
458541506.0,1.4700646318231962e+18,Unincorporated Areas,34.05580211010513,2.0,2026-05-26,19
663193121.0,1.4706644698298714e+18,City of Los Angeles,34.0991059689654,30.0,nan,0
663219471.0,1.463915664949114e+18,Other Cities,34.140522680886676,1.0,2025-11-09,5
214482506.0,1.4631931136466076e+18,Other Cities,33.771018491474365,2.0,nan,0
397534767.0,1.4698295739651203e+18,City of Los Angeles,34.17432,30.0,nan,0
25206261.0,1.4653379664388785e+18,Unincorporated Areas,34.10051545906289,2.0,2026-05-31,4
449460327.0,1.4700241504475123e+18,Other Cities,34.14517,4.0,2026-04-17,8
215745677.0,1.4691313137692244e+18,City of Los Angeles,34.06995,30.0,2025-05-02,0
126644161.0,1.4629318896934497e+18,Other Cities,34.154503,2.0,2026-05-24,12
34958919.0,1.4655159386905997e+18,Other Cities,33.88005,30.0,2025-10-31,3
229716119.0,1.4692243934537344e+18,City of Los Angeles,34.04187,30.0,2026-03-22,1
503726515.0,1.4702647048837906e+18,City of Los Angeles,34.18037,30.0,nan,0
366941113.0,1.469739691908536e+18,Other Cities,34.08255278554385,3.0,2025-01-08,0
564682892.0,1.4705169932736707e+18,City of Los Angeles,34.19397,2.0,2026-04-18,24
107434423.0,1.462889176402806e+18,City of Los Angeles,34.0737817,31.0,nan,0
255697465.0,1.4693512736264105e+18,Other Cities,33.96783,31.0,2025-08-07,1
88589032.0,1.4628447818753167e+18,Other Cities,34.18877,30.0,nan,0
42706972.0,1.4656344727423974e+18,Other Cities,33.85974,30.0,2025-03-21,0
102248692.0,1.4672270934952044e+18,Other Cities,33.79182765998165,31.0,nan,0
654801392.0,1.4706458489622264e+18,City of Los Angeles,34.11814,5.0,2026-06-13,29
564390635.0,1.4705160507245786e+18,Unincorporated Areas,33.97435,1.0,2026-06-12,85
383790851.0,1.4635762788962076e+18,Other Cities,34.074329426164,1.0,2024-12-14,0
69743716.0,1.4627907355680348e+18,Other Cities,34.08241682911513,1.0,2026-06-01,24
836475.0,1.4625308731724764e+18,City of Los Angeles,34.13225675754138,2.0,2026-06-15,13
423088671.0,1.4699196712483622e+18,Other Cities,33.8805414,30.0,nan,0
336646321.0,1.469652891299072e+18,Other Cities,34.1408475,31.0,nan,0
206002340.0,1.4631531386552568e+18,Other Cities,34.076649,2.0,2026-06-02,23
373091965.0,1.4697574686123195e+18,Unincorporated Areas,34.00524,3.0,2026-04-10,18
59409050.0,1.4667158171186578e+18,Other Cities,34.09232376184725,1.0,2026-06-07,50
396716022.0,1.469827125994868e+18,City of Los Angeles,34.0300309,1.0,2026-05-23,15
125941423.0,1.4682685725997071e+18,Other Cities,33.89280740712051,1.0,2026-06-10,59
659010617.0,1.4706550996263693e+18,City of Los Angeles,34.02258691537006,30.0,2026-05-31,3
659010617.0,1.4706550996263693e+18,City of Los Angeles,34.02253,30.0,nan,0
659010617.0,1.4706550996263693e+18,City of Los Angeles,34.02447150362779,30.0,nan,0
668104169.0,1.470676205048895e+18,Other Cities,34.15958,3.0,2025-10-19,12
449460327.0,1.4700241504475123e+18,City of Los Angeles,34.0622813,30.0,nan,0
3097566.0,1.4626182913507228e+18,Other Cities,34.07797,3.0,2025-03-14,0
141036958.0,1.4629640930299282e+18,Other Cities,33.77614,31.0,2025-06-01,0
338905719.0,1.463478732215945e+18,Other Cities,34.09345583130954,28.0,2025-03-24,0
377886439.0,1.4697714804428175e+18,City of Los Angeles,33.9794,2.0,2026-06-14,27
49827484.0,1.4657611953039025e+18,City of Los Angeles,33.9606,30.0,2025-02-08,0
73672815.0,1.4669083016005885e+18,City of Los Angeles,34.10511,30.0,nan,0
429820461.0,1.4699470727218865e+18,Unincorporated Areas,34.06051,1.0,2026-05-31,44
91691622.0,1.4671078913935414e+18,Other Cities,34.56778,1.0,2026-06-14,46
36236635.0,1.4655381170204547e+18,City of Los Angeles,34.1566,30.0,2025-09-07,1
544021412.0,1.4704364331528504e+18,City of Los Angeles,34.0314987,31.0,2026-02-24,1
71880300.0,1.4627961527162432e+18,City of Los Angeles,34.183375547828305,1.0,2026-05-31,28
665603070.0,1.4706701978825582e+18,Other Cities,34.09020436721968,1.0,2026-05-29,50
667122214.0,1.4706738719701873e+18,City of Los Angeles,34.06741628083789,30.0,nan,0
667329337.0,1.4706743320378524e+18,City of Los Angeles,33.93477034586089,1.0,2026-03-29,6
665603070.0,1.4706701978825582e+18,Other Cities,34.08995023780667,1.0,2026-05-24,49
667356118.0,1.47067438377068e+18,Other Cities,34.08367044463235,2.0,2026-01-02,19
209100861.0,1.463159822487641e+18,Other Cities,33.9179352,2.0,2026-05-04,27
667497894.0,1.470674785780249e+18,Unincorporated Areas,33.98329766146207,1.0,2026-06-12,49
659594474.0,1.4639108270622863e+18,City of Los Angeles,34.17277,31.0,nan,0
307346791.0,1.4695693636633567e+18,Other Cities,34.14310215841418,1.0,2026-06-08,32
78704707.0,1.466963369554541e+18,Unincorporated Areas,33.97334,1.0,2026-05-28,28
669216123.0,1.4706784257286052e+18,Other Cities,33.84815,2.0,2026-05-25,36
468437384.0,1.4701120652971663e+18,Other Cities,33.7944,1.0,2026-06-08,4
541025558.0,1.4704244974197504e+18,City of Los Angeles,34.05104,2.0,2025-02-23,0
30603612.0,1.4626521577277896e+18,Unincorporated Areas,34.09386390453417,31.0,2026-05-29,13
18755938.0,1.4630610129540526e+18,Other Cities,33.93269,1.0,2026-06-01,43
542362753.0,1.4704298379587697e+18,City of Los Angeles,34.03166675702269,30.0,2025-06-30,1
8781968.0,1.4627868655516035e+18,City of Los Angeles,34.01434,45.0,nan,0
662405455.0,1.4692483884301437e+18,City of Los Angeles,34.0252,30.0,2025-05-03,0
662405455.0,1.4692483884301437e+18,City of Los Angeles,34.02549,30.0,nan,0
659010617.0,1.4706550996263693e+18,City of Los Angeles,34.02521,30.0,2026-03-16,1
662405455.0,1.4692483884301437e+18,City of Los Angeles,34.02488,30.0,nan,0
516085947.0,1.4703216214134979e+18,City of Los Angeles,34.05341,30.0,2025-06-07,0
533120938.0,1.470393502365637e+18,Other Cities,33.95632,1.0,2026-06-14,10
667940014.0,1.4639219492025344e+18,City of Los Angeles,34.18889,30.0,2025-05-31,0
361094732.0,1.4697243969697167e+18,City of Los Angeles,34.18786,30.0,nan,0
662405455.0,1.4692483884301437e+18,City of Los Angeles,34.02538,30.0,nan,0
659010617.0,1.4706550996263693e+18,City of Los Angeles,34.02347,30.0,nan,0
215282100.0,1.469128306982192e+18,City of Los Angeles,34.17073,31.0,2025-11-05,1
571456432.0,1.4705380854886927e+18,City of Los Angeles,34.06537,30.0,nan,0
4393109.0,1.4625353275102825e+18,City of Los Angeles,34.25605,30.0,nan,0
400949096.0,1.469840298831855e+18,Other Cities,34.43083,3.0,2026-05-13,35
668954332.0,1.4706779652984297e+18,City of Los Angeles,34.0363651,30.0,nan,0
414420881.0,1.467924896318366e+18,City of Los Angeles,34.191536715639785,30.0,nan,0
521426519.0,1.4638653605858158e+18,Other Cities,34.11502,30.0,2025-03-01,0
586147888.0,1.470602776459322e+18,Other Cities,34.1215989483824,2.0,nan,0
667838594.0,1.4706755827847862e+18,City of Los Angeles,34.058328710759206,1.0,2026-01-06,1
667838594.0,1.4706755827847862e+18,City of Los Angeles,34.05834790165971,1.0,2026-02-15,3
667838594.0,1.4706755827847862e+18,City of Los Angeles,34.05847779960207,1.0,2026-03-29,5
406248365.0,1.4698579624388733e+18,Other Cities,34.16872,2.0,2026-05-24,21
484928032.0,1.4638128706723123e+18,Other Cities,34.0771,2.0,2026-05-31,41
570535616.0,1.4705351114949637e+18,City of Los Angeles,34.025022221757936,30.0,2026-05-28,1
4780152.0,1.4625372374553434e+18,City of Los Angeles,34.05386,30.0,nan,0
225954124.0,1.463221694452352e+18,Other Cities,33.87205,1.0,nan,0
225954124.0,1.463221694452352e+18,Other Cities,33.87014,1.0,nan,0
458940857.0,1.4637526836795763e+18,Other Cities,34.04471,180.0,nan,0
668954332.0,1.4706779652984297e+18,City of Los Angeles,34.02532,30.0,2025-07-17,1
449460327.0,1.4700241504475123e+18,City of Los Angeles,34.05866,1.0,2025-09-26,2
668954332.0,1.4706779652984297e+18,City of Los Angeles,34.02532,30.0,2025-06-14,0
487625450.0,1.4701944919679263e+18,Other Cities,34.14893252136184,3.0,2026-01-02,8
62702617.0,1.4667737052816988e+18,City of Los Angeles,34.1619483,30.0,2025-04-14,0
326383590.0,1.4634574676382774e+18,City of Los Angeles,34.08017,30.0,nan,0
326383590.0,1.4634574676382774e+18,City of Los Angeles,34.10312,2.0,2026-03-31,1
437708650.0,1.4637008612302502e+18,Unincorporated Areas,33.9946,1.0,2026-06-05,80
671942132.0,1.4706838351359345e+18,City of Los Angeles,33.9602466,365.0,nan,0
371503405.0,1.463549051633896e+18,Other Cities,34.09429,10.0,2025-04-26,0
377817982.0,1.4635637305889408e+18,City of Los Angeles,34.02879824887337,30.0,nan,0
86789704.0,1.4670448002335311e+18,Unincorporated Areas,34.44685546728469,1.0,2026-05-16,6
671486479.0,1.470682875894244e+18,Other Cities,34.09384386658755,1.0,2026-05-29,36
26543758.0,1.465368470887631e+18,City of Los Angeles,34.0520432167603,90.0,nan,0
655347861.0,1.470647095757974e+18,City of Los Angeles,33.94181085423976,30.0,nan,0
10088162.0,1.4628313008928474e+18,City of Los Angeles,34.1508,30.0,nan,0
16963202.0,1.4629990955568312e+18,City of Los Angeles,34.04353174697096,30.0,nan,0
590265571.0,1.470612738759903e+18,City of Los Angeles,34.09693,30.0,nan,0
560555214.0,1.4705044016910177e+18,Other Cities,34.00578877825049,31.0,2025-06-24,1
155017.0,1.4625111374404183e+18,City of Los Angeles,34.09636972732245,1.0,2026-04-21,15
183557952.0,1.4689486191774244e+18,City of Los Angeles,34.0994493,30.0,nan,0
445473463.0,1.4700075700177623e+18,Unincorporated Areas,33.99506572331461,3.0,2026-03-14,1
514583087.0,1.4638628687943293e+18,City of Los Angeles,33.95896,30.0,2025-12-02,3
668954332.0,1.4706779652984297e+18,City of Los Angeles,34.0314987,30.0,2025-04-21,0
668954332.0,1.4706779652984297e+18,City of Los Angeles,34.02517,31.0,2025-05-28,0
668954332.0,1.4706779652984297e+18,City of Los Angeles,34.02532,30.0,2025-05-16,0
668954332.0,1.4706779652984297e+18,City of Los Angeles,34.0253444,30.0,nan,0
488740470.0,1.470199658515984e+18,Other Cities,33.8941929,334.0,nan,0
162794813.0,1.4685842807212564e+18,Unincorporated Areas,33.974050699669256,1.0,2026-05-04,48
183557952.0,1.4689486191774244e+18,City of Los Angeles,34.10214819999999,30.0,nan,0
19924780.0,1.462611245275089e+18,City of Los Angeles,34.11917,30.0,nan,0
673752266.0,1.4706874113096812e+18,City of Los Angeles,34.16173,30.0,2025-05-29,0
310587371.0,1.4695803352727165e+18,Other Cities,34.06552129015983,1.0,2026-05-11,47
303531118.0,1.4695552744036815e+18,Other Cities,33.921721777934835,1.0,2026-06-10,40
654717573.0,1.4706455880815785e+18,City of Los Angeles,34.18239048467229,3.0,2026-05-29,41
515731534.0,1.4703199574385546e+18,Other Cities,33.869922946904694,1.0,2026-06-12,127
501999514.0,1.470257160985456e+18,City of Los Angeles,34.249519,1.0,nan,0
134446507.0,1.462949660975157e+18,Other Cities,34.013065253014524,1.0,2026-06-02,43
674606560.0,1.4706892289712376e+18,Other Cities,34.58352137302672,2.0,2025-09-01,4
52197831.0,1.4658381758869576e+18,City of Los Angeles,34.1606339,30.0,nan,0
501999514.0,1.470257160985456e+18,Other Cities,33.9228341,1.0,nan,0
461453456.0,1.4637586699450998e+18,City of Los Angeles,34.032323292282264,1.0,2026-06-14,55
374464274.0,1.469761655941433e+18,City of Los Angeles,34.0949,31.0,nan,0
544556238.0,1.470438682842507e+18,City of Los Angeles,33.99945611289669,30.0,2025-08-03,2
674786078.0,1.4706896672206758e+18,City of Los Angeles,34.04476,1.0,nan,0
84189684.0,1.4670175678392896e+18,Unincorporated Areas,34.055847963520364,1.0,2026-06-14,67
106980640.0,1.4672968363307564e+18,City of Los Angeles,34.07387,30.0,nan,0
33611865.0,1.462662494614322e+18,Other Cities,34.03664144083331,90.0,nan,0
19924780.0,1.462611245275089e+18,City of Los Angeles,33.99919,30.0,2025-11-10,3
5006888.0,1.4626705749812687e+18,City of Los Angeles,34.07995,30.0,2026-06-01,5
589801235.0,1.4706115137079729e+18,Other Cities,34.1565659,2.0,2026-06-14,33
655393238.0,1.4706471762024038e+18,Other Cities,34.644660219430875,2.0,2025-07-12,1
540680473.0,1.4704231716901688e+18,Other Cities,34.0920479486769,2.0,2026-06-11,31
361094732.0,1.4697243969697167e+18,City of Los Angeles,34.18564947254732,30.0,2026-04-30,2
270408150.0,1.4694283313269896e+18,City of Los Angeles,34.11649007126864,1.0,2026-06-14,3
85387735.0,1.4670295314356406e+18,City of Los Angeles,34.187093980991115,30.0,2025-12-31,2
5885641.0,1.46254282636037e+18,Other Cities,34.22341760528918,3.0,2025-01-28,0
30738978.0,1.4626526251665362e+18,Unincorporated Areas,34.0282067,3.0,2026-05-16,9
674971015.0,1.4706900053816914e+18,Other Cities,34.01491,2.0,2026-06-02,31
675740691.0,1.4706914390523968e+18,Other Cities,34.00347468046718,30.0,nan,0
16749543.0,1.4625991096375613e+18,City of Los Angeles,34.0513232,1.0,2026-05-17,9
674283388.0,1.470688466958865e+18,Other Cities,34.16256,2.0,nan,0
136634631.0,1.4683598468506373e+18,City of Los Angeles,34.18764,30.0,nan,0
53079697.0,1.4627249142904817e+18,Other Cities,34.08846,2.0,2026-06-09,2
677222388.0,1.470694661448962e+18,Other Cities,34.2008704,2.0,2026-06-15,40
8595758.0,1.4627714634160573e+18,Other Cities,34.00316,2.0,2026-03-22,6
99704655.0,1.4671984089580344e+18,Unincorporated Areas,33.98319273954895,2.0,2026-06-13,33
532545268.0,1.470391304878585e+18,Other Cities,34.14539813099095,4.0,2026-03-19,3
677540330.0,1.4706953307570225e+18,Other Cities,34.08926,2.0,2026-04-12,5
9888549.0,1.4628261998401974e+18,City of Los Angeles,34.097682,30.0,nan,0
668954332.0,1.4706779652984297e+18,City of Los Angeles,34.0244431,31.0,2025-03-18,0
160012982.0,1.4685568489814986e+18,Other Cities,34.08979,1.0,2026-06-15,13
350271783.0,1.4635064556804012e+18,City of Los Angeles,34.10196,30.0,nan,0
36190358.0,1.4655374437515602e+18,Other Cities,34.0862739,30.0,2025-12-01,3
117160646.0,1.4681995943284193e+18,Other Cities,33.77606,31.0,nan,0
263102173.0,1.469391472061362e+18,City of Los Angeles,34.0776113,30.0,nan,0
544021412.0,1.4704364331528504e+18,City of Los Angeles,34.0244431,31.0,nan,0
668954332.0,1.4706779652984297e+18,City of Los Angeles,34.0244431,31.0,2025-07-29,1
182063281.0,1.4687569104294098e+18,Other Cities,34.14326,2.0,2026-03-27,20
668954332.0,1.4706779652984297e+18,City of Los Angeles,34.0244431,31.0,nan,0
518967716.0,1.4638645120174436e+18,Other Cities,33.99125,30.0,2026-04-15,7
263102173.0,1.469391472061362e+18,City of Los Angeles,34.0776113,30.0,nan,0
671951036.0,1.4706838515448796e+18,Other Cities,33.81466,1.0,2026-06-13,27
nan,nan,City of Los Angeles,34.1390884,1.0,2026-06-15,240
274388862.0,1.4633602314681444e+18,City of Los Angeles,34.04478849679524,30.0,nan,0
239329609.0,1.4692731529084357e+18,City of Los Angeles,34.18445699169519,2.0,2026-06-15,58
100019464.0,1.467201743437873e+18,City of Los Angeles,34.09480301273032,1.0,2026-05-30,2
677345173.0,1.4706949169345e+18,City of Los Angeles,34.059944,1.0,nan,0
677345173.0,1.4706949169345e+18,City of Los Angeles,34.059944,1.0,nan,0
8237751.0,1.4627526083715963e+18,City of Los Angeles,34.26890809119939,30.0,2026-03-23,15
85523271.0,1.467030896753198e+18,Other Cities,33.76734,1.0,2025-06-23,1
193748798.0,1.4631056343607644e+18,City of Los Angeles,34.15694,1.0,2026-06-07,40
536193044.0,1.470405833629993e+18,Other Cities,34.05610050647318,1.0,2026-06-14,47
7309140.0,1.4627286684795418e+18,Other Cities,34.01007,30.0,nan,0
668954332.0,1.4706779652984297e+18,City of Los Angeles,34.0575188,31.0,nan,0
67521480.0,1.4627746446258565e+18,Other Cities,34.179743127272715,4.0,nan,0
127125926.0,1.4629329476011215e+18,Other Cities,34.1335,30.0,2025-11-15,3
579229414.0,1.4705833164714273e+18,City of Los Angeles,34.03361060920829,31.0,2025-08-15,1
667728439.0,1.4706753177150026e+18,Other Cities,33.9305325,2.0,2026-03-11,40
58086336.0,1.4627390679451853e+18,Other Cities,33.80383331199723,31.0,2026-06-06,1
35496915.0,1.4626689229660577e+18,City of Los Angeles,34.12476,30.0,2026-03-20,2
23118355.0,1.4626239615544484e+18,City of Los Angeles,34.10557,30.0,2026-04-30,5
185374617.0,1.4630858255106606e+18,Other Cities,34.0822807,3.0,2026-04-21,8
529538509.0,1.4678845815236908e+18,Other Cities,34.057753542757965,1.0,2026-04-26,20
160012982.0,1.4685568489814986e+18,Other Cities,34.08962,1.0,2026-06-05,8
42240641.0,1.465628211912335e+18,City of Los Angeles,34.07438,30.0,2026-03-12,3
449460327.0,1.4700241504475123e+18,Other Cities,34.128836824750934,1.0,2026-05-06,2
425225252.0,1.4699283145864952e+18,Unincorporated Areas,33.92030547014834,1.0,2026-05-17,41
239226595.0,1.4632593934268127e+18,City of Los Angeles,34.0756406579969,30.0,2026-01-15,1
67521480.0,1.4627746446258565e+18,Other Cities,34.09061827910721,3.0,2025-07-22,1
501085399.0,1.4702533347920187e+18,City of Los Angeles,34.07726,30.0,2026-05-28,2
496471420.0,1.4702340590177754e+18,City of Los Angeles,34.206611846855935,30.0,2026-05-13,3
577406794.0,nan,City of Los Angeles,33.961628,1.0,nan,0
345104484.0,1.4634928774437722e+18,City of Los Angeles,34.10434312815276,30.0,nan,0
671340915.0,1.4706824461077699e+18,City of Los Angeles,33.82809,30.0,nan,0
457451629.0,1.4700593299913293e+18,Other Cities,34.62532691502734,5.0,nan,0
436221775.0,1.4636971881452984e+18,Unincorporated Areas,33.9803404,1.0,2026-05-31,18
497133427.0,1.4702367866409405e+18,Other Cities,33.7883295860351,2.0,2026-06-06,18
24081568.0,1.4652828251143247e+18,Unincorporated Areas,34.08321151975539,1.0,2026-02-28,20
115424507.0,1.4681859993589225e+18,Other Cities,34.68550748416734,3.0,nan,0
384179121.0,1.4697882278146785e+18,Other Cities,34.137486209177766,2.0,2026-05-25,31
199250085.0,1.4690384136424957e+18,Other Cities,33.89403,30.0,2026-06-07,5
682663227.0,1.4707057097200077e+18,Unincorporated Areas,34.052558274218896,2.0,nan,0
7834422.0,1.4627424175586542e+18,City of Los Angeles,33.99981843816379,3.0,2025-09-04,1
204852262.0,1.4690686994105544e+18,Other Cities,33.9487,31.0,2026-04-03,2
449460327.0,1.4700241504475123e+18,Other Cities,34.0589477259708,4.0,2025-09-28,1
384538646.0,1.4635779475056957e+18,City of Los Angeles,34.05045,31.0,nan,0
8595758.0,1.4627714634160573e+18,Other Cities,34.427038105709705,2.0,2026-05-27,11
6359337.0,1.4627044214962865e+18,Other Cities,33.86275028723347,2.0,2026-05-30,19
415462297.0,1.4698898933173542e+18,City of Los Angeles,34.17099742140976,30.0,nan,0
683939205.0,1.4707082232732682e+18,City of Los Angeles,34.10263364674233,90.0,nan,0
514505943.0,1.4703142409925693e+18,Unincorporated Areas,33.99969396004753,2.0,2026-05-26,29
50683292.0,1.4657776098721075e+18,Other Cities,33.8837294,1.0,2026-05-30,41
521156536.0,1.4703450438140751e+18,Other Cities,33.90415,2.0,2026-06-10,50
62051131.0,1.4667636119400983e+18,Other Cities,33.7868,7.0,2026-04-30,1
62680494.0,1.466773434724013e+18,Other Cities,34.17069420026803,4.0,2026-04-21,22
99162374.0,1.4671922968859323e+18,Other Cities,34.00823200666229,1.0,2026-05-31,36
67521480.0,1.4627746446258565e+18,Other Cities,34.08981005737047,1.0,nan,0
41924896.0,1.4656240943550702e+18,Other Cities,34.02254052877907,1.0,2026-05-22,43
53079697.0,1.4627249142904817e+18,Other Cities,34.04203432576091,3.0,2026-05-26,1
679821480.0,1.4639350703153562e+18,City of Los Angeles,34.05148185553687,30.0,2025-08-01,1
679821480.0,1.4639350703153562e+18,City of Los Angeles,34.05001657320434,30.0,nan,0
36236635.0,1.4655381170204547e+18,City of Los Angeles,34.06501606851585,30.0,2026-05-16,3
107434423.0,1.462889176402806e+18,Other Cities,34.1452856,31.0,2025-07-31,1
nan,nan,City of Los Angeles,33.9464969,1.0,2026-06-11,65
10832832.0,1.4625760483293507e+18,City of Los Angeles,34.05739880088291,30.0,nan,0
532104698.0,1.470389523490187e+18,City of Los Angeles,34.1750685,30.0,nan,0
365085803.0,1.4635352927225574e+18,City of Los Angeles,33.989491139194755,1.0,2026-06-06,16
669315195.0,1.463923504881534e+18,City of Los Angeles,34.18231,2.0,2026-04-27,24
4780152.0,1.4625372374553434e+18,City of Los Angeles,34.05517528049813,30.0,2025-07-23,2
679850704.0,1.4707002088956984e+18,City of Los Angeles,34.023431818151025,30.0,nan,0
650495672.0,1.470636661650665e+18,Other Cities,34.67508887199082,1.0,2026-05-31,17
595622421.0,1.4706258407363203e+18,Other Cities,34.0659777,1.0,nan,0
171711231.0,1.4630551133258452e+18,Other Cities,34.01249073983554,1.0,2026-05-30,33
683358269.0,1.470707016618663e+18,Other Cities,33.784574,31.0,2025-06-03,0
298026114.0,1.46340862366409e+18,City of Los Angeles,34.2305292,30.0,2026-05-01,3
33694089.0,1.4626627960456727e+18,Other Cities,33.98159918262987,28.0,2026-03-01,2
573941218.0,1.4705671505672684e+18,City of Los Angeles,34.0591415,30.0,nan,0
33924990.0,1.4654958448753567e+18,City of Los Angeles,34.05846,30.0,nan,0
126644161.0,1.4629318896934497e+18,Other Cities,34.1634204,3.0,2026-05-05,23
651318479.0,1.4683792827940462e+18,City of Los Angeles,34.01982,30.0,2025-08-17,1
668954332.0,1.4706779652984297e+18,City of Los Angeles,34.0251741,30.0,nan,0
449460327.0,1.4700241504475123e+18,Other Cities,34.1459625,4.0,2026-02-10,2
668954332.0,1.4706779652984297e+18,City of Los Angeles,34.0574313,30.0,nan,0
4533947.0,1.4626599050294513e+18,Other Cities,33.8611621,1.0,2026-04-22,6
164512582.0,1.4685989776000883e+18,Other Cities,33.79221,1.0,2026-06-14,15
3965480.0,1.462643772972429e+18,Other Cities,33.82917,1.0,2025-07-28,3
1144866.0,1.462538182579996e+18,City of Los Angeles,34.04406606409199,30.0,nan,0
86435627.0,1.467040004230862e+18,City of Los Angeles,34.11019421342485,30.0,nan,0
361704.0,1.4625166120740516e+18,City of Los Angeles,34.0829339,30.0,2026-05-19,3
25350266.0,1.465340649766127e+18,Other Cities,34.09056501708674,1.0,2026-01-04,23
98516695.0,1.4671845889860913e+18,City of Los Angeles,34.199,30.0,2026-01-24,4
6609946.0,1.462710787561734e+18,Other Cities,33.9906394,1.0,2026-05-31,68
679821480.0,1.4639350703153562e+18,City of Los Angeles,34.0592018,30.0,nan,0
679821480.0,1.4639350703153562e+18,City of Los Angeles,34.0518189,30.0,nan,0
679821480.0,1.4639350703153562e+18,City of Los Angeles,34.0554449,30.0,nan,0
679821480.0,1.4639350703153562e+18,City of Los Angeles,34.0511348,30.0,nan,0
679821480.0,1.4639350703153562e+18,City of Los Angeles,34.0511151,30.0,2026-05-31,1
415904528.0,1.469891557207852e+18,Other Cities,34.0748517,1.0,nan,0
39634274.0,1.4655918633619725e+18,City of Los Angeles,33.7149,3.0,2026-02-22,13
469717071.0,1.463778005930317e+18,City of Los Angeles,34.167107108700165,30.0,nan,0
679821480.0,1.4639350703153562e+18,City of Los Angeles,34.06025,30.0,2025-08-31,1
679821480.0,1.4639350703153562e+18,City of Los Angeles,34.05097761967264,30.0,nan,0
567928375.0,1.4705269813791427e+18,Unincorporated Areas,34.13914,1.0,2026-05-19,2
78704707.0,1.466963369554541e+18,Unincorporated Areas,34.01135,1.0,2026-06-15,48
679821480.0,1.4639350703153562e+18,City of Los Angeles,34.05652816763198,30.0,nan,0
679821480.0,1.4639350703153562e+18,City of Los Angeles,34.05031,30.0,nan,0
679821480.0,1.4639350703153562e+18,City of Los Angeles,34.05164016183784,30.0,nan,0
679821480.0,1.4639350703153562e+18,City of Los Angeles,34.0510745,30.0,nan,0
486068074.0,1.4638156715296868e+18,City of Los Angeles,34.2393705,30.0,2026-05-04,11
213781092.0,1.4691180480666094e+18,Unincorporated Areas,34.278248494164565,1.0,2026-06-10,36
18736204.0,1.463060656725062e+18,Other Cities,33.7879133,31.0,nan,0
679821480.0,1.4639350703153562e+18,City of Los Angeles,34.0656801,30.0,nan,0
554082036.0,1.4677400309573868e+18,Other Cities,34.08561230764059,1.0,2026-06-01,50
679821480.0,1.4639350703153562e+18,City of Los Angeles,34.06514319824384,30.0,nan,0
538922642.0,1.4704164143540503e+18,Other Cities,34.06536966483103,1.0,nan,0
501999278.0,1.4680582772899994e+18,Other Cities,33.8039,1.0,nan,0
150622345.0,1.4684810219189924e+18,City of Los Angeles,34.0141276,2.0,2026-06-13,29
688736582.0,1.4707183866878392e+18,City of Los Angeles,34.20415,30.0,2026-02-09,2
548718177.0,1.4704547168079767e+18,Other Cities,33.9235110980377,10.0,2025-05-06,0
361704.0,1.4625166120740516e+18,City of Los Angeles,34.08286,2.0,2026-06-12,67
67674442.0,1.4627750271798758e+18,City of Los Angeles,34.060431344289995,30.0,nan,0
501999278.0,1.4680582772899994e+18,Other Cities,33.8039,1.0,nan,0
688903252.0,1.4707188924378824e+18,Other Cities,33.9669,31.0,nan,0
210841889.0,1.4691001745803558e+18,City of Los Angeles,34.2312,30.0,2025-12-20,3
4656446.0,1.4625366664943892e+18,City of Los Angeles,34.099965348834004,2.0,2026-05-24,20
501999278.0,1.4680582772899994e+18,Other Cities,34.08976,1.0,nan,0
501999278.0,1.4680582772899994e+18,Other Cities,34.0897641,1.0,nan,0
42314780.0,1.4656292623601738e+18,City of Los Angeles,34.08488056322573,2.0,2026-06-08,23
570819803.0,1.4705360248630308e+18,Other Cities,34.030544367029464,30.0,nan,0
nan,nan,City of Los Angeles,34.09278,1.0,2026-06-14,14
558450050.0,nan,City of Los Angeles,34.09278,1.0,2026-06-16,14
75070361.0,1.4669231778029601e+18,City of Los Angeles,34.0513191,31.0,2026-05-02,2
465630798.0,1.470098706374159e+18,City of Los Angeles,34.152112396268905,30.0,nan,0
383790851.0,1.4635762788962076e+18,Other Cities,34.073921338686255,1.0,2025-10-22,5
689779541.0,1.4707206737691889e+18,City of Los Angeles,33.7148987,30.0,nan,0
390848204.0,1.4698088892991457e+18,Other Cities,33.759093726943426,2.0,2026-06-07,17
329991301.0,1.463463485578743e+18,Other Cities,34.02903779918664,1.0,2026-05-25,62
690028917.0,1.463940958106679e+18,Unincorporated Areas,33.98474371819595,2.0,2026-05-03,25
685767770.0,1.4707120237375076e+18,City of Los Angeles,34.01174500528873,30.0,2025-07-07,1
571832314.0,1.470549842809831e+18,City of Los Angeles,34.09944811329726,30.0,nan,0
690075575.0,1.4682381899207565e+18,Other Cities,34.09308,3.0,2026-06-02,26
501999514.0,1.470257160985456e+18,City of Los Angeles,33.9464969,1.0,2025-11-05,2
366941113.0,1.469739691908536e+18,City of Los Angeles,34.10346394109045,30.0,nan,0
85362399.0,1.4670293313647475e+18,City of Los Angeles,34.09481,1.0,2026-05-03,14
43208810.0,1.4656416371612288e+18,City of Los Angeles,34.15231158884081,30.0,nan,0
679821480.0,1.4639350703153562e+18,City of Los Angeles,34.06550171625447,30.0,nan,0
690487130.0,1.4707221555065065e+18,City of Los Angeles,33.96012,30.0,nan,0
689411392.0,1.4707198813325356e+18,Other Cities,34.064,1.0,2026-05-25,17
26459311.0,1.4653671214216543e+18,City of Los Angeles,34.09483,1.0,2026-05-31,44
347851048.0,1.4676685354432156e+18,City of Los Angeles,34.11617,30.0,nan,0
13158586.0,1.462904648263384e+18,City of Los Angeles,34.16746,31.0,2026-02-22,5
25551648.0,1.4626339616031875e+18,City of Los Angeles,34.16368,30.0,2025-10-09,1
49109411.0,1.465747550635129e+18,City of Los Angeles,34.10712,2.0,2026-05-31,34
415840703.0,1.4698914833110556e+18,City of Los Angeles,34.08682,31.0,2025-06-22,1
668954332.0,1.4706779652984297e+18,City of Los Angeles,34.05637042603126,30.0,2025-09-17,2
502346476.0,1.4638501195278866e+18,City of Los Angeles,33.99234374487967,30.0,2025-10-24,1
665293288.0,1.470669374244429e+18,City of Los Angeles,34.0318198041844,30.0,nan,0
689411392.0,1.4707198813325356e+18,Other Cities,34.06363,1.0,2026-04-18,8
521779899.0,1.4703477429703903e+18,City of Los Angeles,34.12751868783227,30.0,nan,0
67382576.0,1.466832568936234e+18,Other Cities,33.975723761094045,31.0,nan,0
24009745.0,1.465281803954046e+18,Other Cities,33.8916,1.0,nan,0
397921015.0,1.469830658862545e+18,Other Cities,34.1426322,1.0,2026-03-26,3
276164972.0,1.4694563397515717e+18,City of Los Angeles,34.1658556,30.0,2026-06-08,16
37269898.0,1.4655570619524116e+18,City of Los Angeles,33.96134348071283,30.0,2026-02-05,1
449759500.0,1.463730242157064e+18,Other Cities,33.76893,31.0,nan,0
106980640.0,1.4672968363307564e+18,City of Los Angeles,34.0593594439456,30.0,2026-05-01,3
584915076.0,1.4638909746119616e+18,Other Cities,34.17071258061324,1.0,2026-05-29,36
86323264.0,1.4670388514216484e+18,Other Cities,33.34422430439596,2.0,2026-05-25,10
37138545.0,1.4655539414092242e+18,City of Los Angeles,34.09391,1.0,2025-11-03,10
689669466.0,1.470720489299721e+18,Other Cities,34.0809,1.0,2025-09-08,26
408082781.0,1.4698645435700705e+18,Unincorporated Areas,33.98515614330552,2.0,2026-06-08,49
518185022.0,1.4703314131523484e+18,Other Cities,33.8299613,1.0,2026-05-21,27
598423787.0,1.47063234769636e+18,City of Los Angeles,34.22996,1.0,2026-01-30,18
9269770.0,1.46280985121429e+18,City of Los Angeles,34.10228829321288,30.0,nan,0
693372422.0,1.4707280788245952e+18,Other Cities,34.093222892868816,1.0,2026-05-09,25
690430385.0,1.4682461218079398e+18,City of Los Angeles,34.04317141358112,31.0,2025-12-01,3
693196448.0,1.4707277300543626e+18,Other Cities,33.93367,2.0,2026-05-21,18
54534096.0,1.4658891235352694e+18,Other Cities,33.3397106,2.0,nan,0
126644161.0,1.4629318896934497e+18,Other Cities,33.7548678,30.0,2026-04-30,3
695746087.0,1.4707331297128886e+18,Other Cities,33.91214,24.0,2026-01-04,2
284604379.0,1.4694896713138038e+18,City of Los Angeles,34.25107188639387,30.0,2025-09-08,7
326383590.0,1.4634574676382774e+18,City of Los Angeles,34.06966,30.0,nan,0
315123971.0,1.4695944457464596e+18,Other Cities,33.930064482942,1.0,2026-05-25,66
21229370.0,1.4631498507300588e+18,City of Los Angeles,34.080407453550606,30.0,nan,0
687849415.0,1.4689226257358095e+18,Other Cities,34.08977,2.0,2026-06-01,34
3888668.0,1.4626419124010842e+18,Other Cities,33.73518,20.0,nan,0
375411730.0,1.4697643705327555e+18,Other Cities,33.83457,31.0,2025-08-16,1
693776702.0,1.470728910578242e+18,Other Cities,33.77952573080097,31.0,nan,0
531190048.0,1.4678269336962609e+18,City of Los Angeles,34.1779,1.0,nan,0
684255345.0,1.4707089607865748e+18,Other Cities,34.017107497132784,1.0,2026-05-18,23
102542635.0,1.4672304513264271e+18,Other Cities,33.9233,2.0,2026-06-10,19
219780812.0,1.4691591616813798e+18,City of Los Angeles,34.19239599009188,31.0,2026-05-31,2
486380668.0,1.4638164244616942e+18,Other Cities,34.141485341470016,1.0,2026-05-31,28
382557361.0,1.4635734964398344e+18,Unincorporated Areas,33.987486751247076,1.0,2026-05-30,30
456829285.0,1.4700564690210348e+18,Other Cities,34.11483029255996,30.0,2025-12-01,2
222790965.0,1.469180230857608e+18,Unincorporated Areas,33.92503,1.0,2026-06-14,84
126644161.0,1.4629318896934497e+18,Other Cities,33.73721634835114,31.0,2025-10-19,2
32010008.0,1.4654703112348426e+18,Other Cities,34.00518589271295,30.0,2025-12-06,3
562125240.0,1.4705092449837048e+18,Other Cities,33.83612874764627,1.0,2026-06-11,30
147128979.0,1.468443253916831e+18,City of Los Angeles,34.02853,364.0,nan,0
490743726.0,1.470209456315821e+18,City of Los Angeles,34.17349875198953,30.0,2025-09-10,2
3504481.0,1.4626311388945677e+18,City of Los Angeles,34.20806040621298,2.0,2026-06-06,17
22204344.0,1.462620177678813e+18,Other Cities,34.61307650071955,183.0,nan,0
674786078.0,1.4706896672206758e+18,City of Los Angeles,34.04380206816183,1.0,2026-02-23,1
10942448.0,1.4628532147595395e+18,City of Los Angeles,34.12425032252022,30.0,2026-05-01,3
104931571.0,1.4672610391323167e+18,City of Los Angeles,34.15773407178854,30.0,nan,0
694311878.0,1.4707301066426683e+18,Other Cities,34.08755972368914,30.0,2026-05-26,5
4235108.0,1.4625343853514604e+18,City of Los Angeles,33.9952658,30.0,2026-01-09,1
229665107.0,1.4632332305725043e+18,Other Cities,34.06656,1.0,nan,0
229665107.0,1.4632332305725043e+18,Other Cities,34.06621,3.0,nan,0
1586060.0,1.4625624133999736e+18,City of Los Angeles,34.09078,30.0,nan,0
446734235.0,1.47001221358757e+18,City of Los Angeles,34.19923952330532,30.0,2026-05-15,1
693921673.0,1.4707292320439857e+18,Other Cities,34.0855505,2.0,2026-06-03,46
687849415.0,1.4689226257358095e+18,Other Cities,34.091955786642366,2.0,2026-06-06,27
16760823.0,1.4629943738450652e+18,Other Cities,33.78355002823474,1.0,2026-06-13,104
679821480.0,1.4639350703153562e+18,City of Los Angeles,34.06043,60.0,2025-08-27,1
1505780.0,1.4625185284545723e+18,Other Cities,33.98981,1.0,2026-05-08,24
586196377.0,1.470602914722164e+18,Other Cities,33.78458359268595,3.0,2025-12-18,2
64052858.0,1.4627654340969661e+18,Other Cities,33.9026256385652,1.0,2026-05-09,22
34546305.0,1.4655078582497004e+18,Other Cities,33.88362,30.0,nan,0
67521480.0,1.4627746446258565e+18,Other Cities,34.158789038180025,3.0,nan,0
8144210.0,1.4627502623080689e+18,Other Cities,33.90417,3.0,2026-05-19,19
339514226.0,1.4696623989528817e+18,City of Los Angeles,34.20963,30.0,nan,0
98647265.0,1.4628672562451008e+18,Other Cities,34.09533764006238,2.0,2026-06-02,42
675356308.0,1.4639300199366523e+18,City of Los Angeles,34.060698983786686,30.0,nan,0
13959284.0,1.4629272106460344e+18,Unincorporated Areas,34.45662,3.0,2025-07-31,1
107434423.0,1.462889176402806e+18,City of Los Angeles,34.1005241,31.0,nan,0
540401774.0,1.470422100567258e+18,Other Cities,34.09055,2.0,2026-05-30,26
679821480.0,1.4639350703153562e+18,City of Los Angeles,34.064650807195285,30.0,nan,0
693372422.0,1.4707280788245952e+18,Other Cities,34.09317,3.0,2026-05-31,27
35252530.0,1.4655207987197002e+18,Unincorporated Areas,33.98247031472443,1.0,2026-05-27,2
417689772.0,1.4698983886948972e+18,Other Cities,33.761611034723394,2.0,nan,0
75029809.0,1.4669227531778555e+18,Other Cities,34.15234863572521,2.0,2026-06-08,14
124099350.0,1.4629262377343488e+18,Other Cities,33.90371162720036,1.0,2025-07-13,1
28454834.0,1.4626446574577219e+18,City of Los Angeles,34.14516374989477,30.0,nan,0
311439116.0,1.4695834572108152e+18,City of Los Angeles,34.1373114,1.0,2026-02-15,2
695896313.0,1.4707334790352195e+18,Other Cities,34.09369826784615,3.0,2026-06-03,48
2066948.0,1.462522007572923e+18,City of Los Angeles,33.99594358188103,30.0,2026-06-09,27
480655120.0,1.470164807473873e+18,Other Cities,34.0142,1.0,2025-09-15,3
571097234.0,1.4705368921491674e+18,Other Cities,34.09201,1.0,2026-06-14,48
533719117.0,1.4703958441910257e+18,City of Los Angeles,34.09689,2.0,2026-05-20,20
430094148.0,1.4699481850667044e+18,Unincorporated Areas,34.06018,2.0,2026-05-06,7
171211599.0,1.4630540642969969e+18,Other Cities,34.02598,2.0,2026-05-24,10
8398671.0,1.462767254040648e+18,City of Los Angeles,34.05132,1.0,2026-05-29,7
45959387.0,1.4656864907382828e+18,City of Los Angeles,34.09269,1.0,2026-06-11,53
3097566.0,1.4626182913507228e+18,Other Cities,34.08249,7.0,2025-07-14,2
577415234.0,1.47057795445197e+18,Other Cities,34.278312,1.0,2026-04-26,13
56428649.0,1.465923552971656e+18,City of Los Angeles,34.13605772358018,1.0,2026-06-07,13
138445066.0,1.468374297725632e+18,City of Los Angeles,34.005289816177786,30.0,nan,0
4886838.0,1.462667576085927e+18,City of Los Angeles,34.12414043721589,30.0,2026-03-31,1
538295557.0,1.4704141150445092e+18,Unincorporated Areas,33.98394,1.0,2026-05-05,30
253315764.0,1.468305261092194e+18,Unincorporated Areas,34.12420869064454,31.0,2025-09-18,1
1831231.0,1.4625795440649027e+18,City of Los Angeles,34.14351,3.0,nan,0
592706720.0,1.470618853418003e+18,City of Los Angeles,34.19724,30.0,2026-06-15,5
14936368.0,1.4625922024607706e+18,City of Los Angeles,34.00574,31.0,2026-05-20,2
169368413.0,1.4686379279493412e+18,Other Cities,33.766705,2.0,2026-05-26,59
109192371.0,1.467322212909199e+18,Other Cities,33.9275,1.0,2026-06-01,38
663215730.0,1.4706645115761536e+18,Unincorporated Areas,34.114841162214255,2.0,2026-05-24,9
654885309.0,1.470645955485832e+18,Other Cities,33.9012907,1.0,2026-05-27,38
591927019.0,1.4706169719399332e+18,Other Cities,33.86281313591329,31.0,2025-12-10,1
84573726.0,1.4670213745729298e+18,City of Los Angeles,34.09738,30.0,nan,0
84573726.0,1.4670213745729298e+18,City of Los Angeles,34.09545,30.0,nan,0
5112516.0,1.4625389879277617e+18,City of Los Angeles,34.1125778,30.0,nan,0
84573726.0,1.4670213745729298e+18,City of Los Angeles,34.09547,30.0,nan,0
84573726.0,1.4670213745729298e+18,City of Los Angeles,34.0957,30.0,nan,0
347298527.0,1.469688509233755e+18,Other Cities,34.01375503854132,2.0,2026-05-28,25
218228933.0,1.469148258969873e+18,Other Cities,34.06521656991208,1.0,2026-06-09,30
46323046.0,1.4627030415763213e+18,Other Cities,34.47321,2.0,2026-06-07,37
451963672.0,1.4700345445902758e+18,City of Los Angeles,34.0876,30.0,nan,0
26860.0,1.462507066517735e+18,City of Los Angeles,34.04698,30.0,2026-03-04,2
36236635.0,1.4655381170204547e+18,City of Los Angeles,34.31165,30.0,2025-07-29,1
597227671.0,1.4688031963915126e+18,Other Cities,33.76577,30.0,2025-11-11,2
701324478.0,1.4707442071415447e+18,Other Cities,34.03341,5.0,2025-12-22,17
701550217.0,1.4707446165660221e+18,Other Cities,34.1176496,2.0,2025-08-08,1
163699318.0,1.4685927926434598e+18,City of Los Angeles,34.12407,1.0,2026-05-24,20
7351883.0,1.4625604703478124e+18,City of Los Angeles,33.98772684583901,30.0,2026-01-31,3
171711231.0,1.4630551133258452e+18,Other Cities,34.01711,2.0,2026-06-10,16
230016718.0,1.4692261372455017e+18,City of Los Angeles,34.10458,1.0,2026-06-01,41
361116009.0,1.4697244432193096e+18,Other Cities,34.01323,2.0,2026-06-07,19
83634660.0,1.4628339571109404e+18,Other Cities,33.79513868326045,31.0,nan,0
5500679.0,1.462682291896986e+18,City of Los Angeles,34.07750975677768,30.0,nan,0
5500679.0,1.462682291896986e+18,City of Los Angeles,34.0745,30.0,nan,0
301152319.0,1.4695448421571812e+18,City of Los Angeles,34.17912386749255,30.0,nan,0
25711684.0,1.4653491493323313e+18,Other Cities,33.94114,4.0,2026-02-22,1
383790851.0,1.4635762788962076e+18,Other Cities,34.07422,1.0,2026-06-01,5
253315764.0,1.468305261092194e+18,Other Cities,34.1371,3.0,2026-01-03,11
12175786.0,1.4625814647011668e+18,Other Cities,34.12015899590397,2.0,2026-04-24,1
690430385.0,1.4682461218079398e+18,City of Los Angeles,34.02176,30.0,2026-04-30,1
218228933.0,1.469148258969873e+18,Other Cities,34.06563,1.0,2026-06-14,41
697221418.0,1.470736160549975e+18,City of Los Angeles,34.20810838575481,2.0,2026-03-05,12
698285389.0,1.4707383554371046e+18,City of Los Angeles,34.10451,2.0,2026-05-17,19
474252783.0,1.470138485218063e+18,City of Los Angeles,34.05117,1.0,2026-05-31,13
699580194.0,1.468054017685725e+18,Other Cities,34.0886875,1.0,nan,0
699580194.0,1.468054017685725e+18,Other Cities,34.08869,1.0,nan,0
699580194.0,1.468054017685725e+18,Other Cities,34.0886875,1.0,nan,0
700535912.0,1.4707427319605253e+18,Other Cities,34.00956,1.0,2025-12-28,1
700535912.0,1.4707427319605253e+18,Other Cities,34.00911,1.0,nan,0
107917128.0,1.4673075168791764e+18,Other Cities,33.8871777,1.0,2026-05-05,18
482360474.0,1.470172174524789e+18,Other Cities,33.7957877,3.0,2026-06-08,24
462144730.0,1.4700820662908867e+18,Other Cities,33.90226,1.0,2026-05-29,53
19236518.0,1.4630724726082877e+18,Other Cities,34.088516840763745,1.0,2026-06-07,43
229285164.0,1.4692219248303444e+18,Other Cities,34.1659111,1.0,2026-05-16,4
564496665.0,1.4705163992209093e+18,City of Los Angeles,34.0986,31.0,nan,0
703063850.0,1.4707474433887575e+18,Other Cities,33.84367273671893,1.0,2026-06-05,38
458243413.0,1.4700633583562324e+18,Other Cities,33.89745,1.0,2026-06-07,30
693433550.0,1.470728180148509e+18,Other Cities,33.89918,1.0,2026-06-11,24
46128676.0,1.462702432856449e+18,Other Cities,34.044018881228006,3.0,2026-05-15,8
21925093.0,1.463167257500506e+18,Other Cities,34.09083,30.0,nan,0
63987451.0,1.462765258259588e+18,City of Los Angeles,34.10236,30.0,nan,0
561746076.0,1.4705081037790333e+18,Other Cities,33.95716,3.0,2026-03-06,6
672999.0,1.4625256950764375e+18,Other Cities,34.1282,1.0,nan,0
382842166.0,1.4697843779665492e+18,Other Cities,33.88588,30.0,nan,0
345030708.0,1.4696819785815048e+18,Other Cities,34.01587,1.0,2026-05-26,16
32023255.0,1.4654704981116984e+18,Other Cities,34.1404,2.0,2026-05-24,34
666574759.0,1.4706725319523622e+18,City of Los Angeles,33.9992661,30.0,nan,0
4423404.0,1.4626570957046072e+18,Other Cities,34.14686721086568,21.0,2026-06-02,2
14099062.0,1.4629305433714755e+18,City of Los Angeles,34.09445,30.0,2026-03-06,3
345030708.0,1.4696819785815048e+18,Other Cities,34.01782,1.0,2026-05-31,48
703397525.0,1.4707479760650885e+18,Other Cities,33.91990447975389,1.0,2025-07-26,2
392789878.0,1.469814869032216e+18,City of Los Angeles,34.0889,1.0,2026-04-02,17
703743333.0,nan,City of Los Angeles,34.1023,1.0,nan,0
51484.0,1.4625076954067144e+18,Other Cities,33.86259,7.0,nan,0
45035504.0,1.4656685204318991e+18,City of Los Angeles,34.1455628,30.0,2026-06-14,25
363866179.0,1.4697313706298952e+18,Other Cities,34.127370339599175,14.0,nan,0
7208541.0,1.4627261015444275e+18,City of Los Angeles,34.136001,30.0,nan,0
123368964.0,1.4682477898308508e+18,Other Cities,33.99644,1.0,2026-05-31,24
271142104.0,1.4633520721261455e+18,Other Cities,34.15593,3.0,2025-09-21,8
526656410.0,1.4703683165198659e+18,Other Cities,34.09431575568418,3.0,nan,0
184522971.0,1.468953699079681e+18,City of Los Angeles,33.82205,1.0,2026-05-31,21
594981181.0,1.4706243628381635e+18,Other Cities,34.01139,1.0,2026-05-31,66
81762732.0,1.4669933662035136e+18,Other Cities,34.15001044969504,2.0,2026-06-15,37
131700967.0,1.4683180125322831e+18,Unincorporated Areas,34.04865,1.0,2026-06-12,38
464140440.0,1.470091491760967e+18,City of Los Angeles,34.2193955,30.0,nan,0
590044443.0,1.4638930446776054e+18,Unincorporated Areas,33.97908,1.0,2026-06-15,67
469864457.0,1.470118973595897e+18,City of Los Angeles,34.04486,1.0,2025-09-14,1
651318479.0,1.4683792827940462e+18,City of Los Angeles,34.02365988380569,31.0,2026-05-01,1
4328950.0,1.4625349410953226e+18,Other Cities,33.99359,3.0,2026-04-06,11
706817015.0,1.4707541003832108e+18,City of Los Angeles,34.17391,30.0,2026-05-01,3
25370251.0,1.465340994689507e+18,City of Los Angeles,34.15076,30.0,nan,0
456971554.0,1.470057087496274e+18,Other Cities,34.1496714,1.0,2026-04-19,4
694599038.0,1.4689532159991316e+18,Unincorporated Areas,33.97915,1.0,2026-04-24,11
494006136.0,1.4702239243394248e+18,Other Cities,34.160662938649544,1.0,2026-06-07,54
543161576.0,1.4704330122164536e+18,City of Los Angeles,34.16567,30.0,2026-04-10,14
49957375.0,1.4627147274136438e+18,Other Cities,34.0119174185589,1.0,2026-05-26,33
19236518.0,1.4630724726082877e+18,Other Cities,34.08126,30.0,2025-07-24,1
104689041.0,1.4672582593468682e+18,City of Los Angeles,34.05241,30.0,2025-09-02,1
583330787.0,1.4705949868806085e+18,Other Cities,33.93037,1.0,2025-07-27,1
651318479.0,1.4683792827940462e+18,City of Los Angeles,34.020695,31.0,2026-01-17,1
4780152.0,1.4625372374553434e+18,City of Los Angeles,34.04020944156068,31.0,2026-02-03,1
4780152.0,1.4625372374553434e+18,City of Los Angeles,34.04221,31.0,2026-05-15,2
538116611.0,nan,Other Cities,34.15491,1.0,2026-06-07,11
561629836.0,1.4705077324355717e+18,City of Los Angeles,34.09712211354926,30.0,nan,0
95543.0,1.4625094718967145e+18,Other Cities,34.0045,30.0,nan,0
385505056.0,1.467764665353654e+18,City of Los Angeles,34.08193620080211,3.0,2025-07-28,1
271276983.0,1.4694323870400005e+18,City of Los Angeles,34.16882,30.0,2025-10-28,1
107434423.0,1.462889176402806e+18,City of Los Angeles,34.0681625,31.0,nan,0
516895.0,1.4625205134335951e+18,Other Cities,33.90122,2.0,2026-05-08,2
702166080.0,1.4682899685689784e+18,Other Cities,33.87527,1.0,nan,0
576008307.0,1.470573556886552e+18,Unincorporated Areas,34.04842,1.0,2026-06-14,60
651318479.0,1.4683792827940462e+18,City of Los Angeles,34.01988285452088,31.0,nan,0
216932983.0,1.4631988504946194e+18,Unincorporated Areas,33.94176,1.0,2026-06-14,92
651318479.0,1.4683792827940462e+18,City of Los Angeles,34.0211769,31.0,2026-03-22,1
16533520.0,1.46298893736867e+18,City of Los Angeles,34.0556566,30.0,nan,0
668954332.0,1.4706779652984297e+18,City of Los Angeles,34.02396,30.0,nan,0
668954332.0,1.4706779652984297e+18,City of Los Angeles,34.03033,30.0,2025-12-01,1
16876138.0,1.4652676570187246e+18,City of Los Angeles,34.034952,30.0,nan,0
651318479.0,1.4683792827940462e+18,City of Los Angeles,34.01986,31.0,nan,0
386405272.0,1.4682421477935414e+18,Unincorporated Areas,34.09222,1.0,2026-05-31,24
651318479.0,1.4683792827940462e+18,City of Los Angeles,34.04324597407853,31.0,2026-05-25,4
702166080.0,1.4682899685689784e+18,Other Cities,33.87717,1.0,nan,0
651318479.0,1.4683792827940462e+18,City of Los Angeles,34.024194042208066,31.0,nan,0
430094148.0,1.4699481850667044e+18,Unincorporated Areas,34.06024,2.0,2026-06-11,15
346090388.0,1.4634954055700833e+18,Other Cities,34.17317,2.0,2026-06-10,24
699580194.0,1.468054017685725e+18,City of Los Angeles,34.06137931479288,1.0,nan,0
699580194.0,1.468054017685725e+18,City of Los Angeles,34.06138666773817,1.0,nan,0
699580416.0,1.4680581206034176e+18,City of Los Angeles,34.045235,30.0,nan,0
662960686.0,1.4706639382612954e+18,Other Cities,34.12357,1.0,2026-06-14,15
662960686.0,1.4706639382612954e+18,Other Cities,34.14708,2.0,2026-05-08,14
25350266.0,1.465340649766127e+18,Other Cities,34.09143,1.0,2025-09-02,1
667343241.0,1.4706743583201375e+18,City of Los Angeles,34.06131,30.0,nan,0
187477550.0,1.4630907883624438e+18,City of Los Angeles,34.08275,31.0,nan,0
145005517.0,1.4684260466861932e+18,City of Los Angeles,34.0784167,30.0,2026-06-03,7
28576692.0,1.4654218255505047e+18,City of Los Angeles,34.14641,30.0,nan,0
21985492.0,1.4631687151822477e+18,City of Los Angeles,34.10161,30.0,2026-03-30,1
329991301.0,1.463463485578743e+18,Other Cities,34.03341,1.0,2026-04-20,31
532243066.0,1.4690595272422275e+18,Other Cities,34.09063,1.0,2026-06-03,60
20413649.0,1.4631069766862019e+18,City of Los Angeles,33.98724,30.0,nan,0
486566894.0,1.4692942866323533e+18,City of Los Angeles,34.08036,30.0,2026-02-11,3
376311485.0,1.4691861861520387e+18,City of Los Angeles,34.17083,2.0,2026-06-05,30
9075429.0,1.4627942990566595e+18,City of Los Angeles,33.99216,2.0,2026-06-14,25
112766051.0,1.467360853551448e+18,Other Cities,34.10373,1.0,2026-05-24,4
495438734.0,1.4702298927613588e+18,City of Los Angeles,33.9869585,1.0,nan,0
495438734.0,1.4702298927613588e+18,City of Los Angeles,33.9869585,1.0,nan,0
495438734.0,1.4702298927613588e+18,City of Los Angeles,33.9869585,1.0,nan,0
495438734.0,1.4702298927613588e+18,City of Los Angeles,33.9869585,1.0,nan,0
495438734.0,1.4702298927613588e+18,City of Los Angeles,33.9869585,1.0,nan,0
342698939.0,1.4696744515405204e+18,Other Cities,33.849597152900515,31.0,2025-08-04,1
583322265.0,1.4705949660825083e+18,City of Los Angeles,34.08605,30.0,nan,0
377886439.0,1.4697714804428175e+18,City of Los Angeles,34.05273,30.0,nan,0
107434423.0,1.462889176402806e+18,Other Cities,34.1399681,31.0,nan,0
418764387.0,1.4699025740083574e+18,Unincorporated Areas,33.9912768,1.0,2026-06-15,3
8185146.0,1.4627513000347128e+18,City of Los Angeles,34.15477,1.0,2026-05-08,31
421289871.0,1.463660066398246e+18,Other Cities,34.17125,1.0,2026-05-25,23
44703029.0,1.4656635873660705e+18,City of Los Angeles,34.06006,30.0,nan,0
24369439.0,1.465287242765352e+18,City of Los Angeles,34.076458632920335,60.0,nan,0
462790907.0,1.4700849983824525e+18,Unincorporated Areas,34.05589446799306,2.0,2026-06-13,18
9566431.0,1.462817458855303e+18,City of Los Angeles,34.09029829302977,30.0,nan,0
250198476.0,1.4693263347352225e+18,Other Cities,34.02168,30.0,nan,0
15811971.0,1.46297126413704e+18,City of Los Angeles,33.99458,1.0,2025-10-11,3
52311645.0,1.4627225894672517e+18,City of Los Angeles,33.99704,1.0,2026-06-06,44
1135377.0,1.4625379349669496e+18,Other Cities,34.07785,3.0,2025-11-12,8
651318479.0,1.4683792827940462e+18,City of Los Angeles,34.03369,31.0,nan,0
386642504.0,1.4697958698585577e+18,Unincorporated Areas,33.98329,1.0,2026-04-16,37
93414441.0,1.4671278236830205e+18,City of Los Angeles,34.13075,30.0,nan,0
668954332.0,1.4706779652984297e+18,City of Los Angeles,34.0243686,31.0,nan,0
668954332.0,1.4706779652984297e+18,City of Los Angeles,34.0243686,31.0,nan,0
28058962.0,1.465414579112546e+18,City of Los Angeles,34.14938,31.0,nan,0
17180506.0,1.4630039849531638e+18,City of Los Angeles,34.0685503,31.0,2026-02-13,1
510395385.0,1.4702948549575373e+18,City of Los Angeles,34.21082,30.0,nan,0
13712362.0,1.4629198393020982e+18,City of Los Angeles,34.10179,31.0,nan,0
583322265.0,1.4705949660825083e+18,City of Los Angeles,34.07724,30.0,nan,0
13856090.0,1.4629248794630838e+18,City of Los Angeles,34.04137,30.0,nan,0
679821480.0,1.4639350703153562e+18,City of Los Angeles,34.05448,30.0,nan,0
262085717.0,1.4693857053945408e+18,City of Los Angeles,34.09855,90.0,nan,0
668954332.0,1.4706779652984297e+18,City of Los Angeles,34.0243686,31.0,2026-03-23,1
668954332.0,1.4706779652984297e+18,City of Los Angeles,34.0238299,30.0,nan,0
668954332.0,1.4706779652984297e+18,City of Los Angeles,34.0238299,31.0,nan,0
702166080.0,1.4682899685689784e+18,Other Cities,34.144422629182436,1.0,nan,0
106980640.0,1.4672968363307564e+18,City of Los Angeles,34.05811,30.0,nan,0
115979330.0,1.4629084640466504e+18,City of Los Angeles,34.085,30.0,2026-04-30,3
431052375.0,1.4636840554732214e+18,City of Los Angeles,34.05064,30.0,nan,0
344410565.0,1.463491112308802e+18,Other Cities,34.08821,1.0,2026-05-25,29
444889155.0,1.4700053370269317e+18,City of Los Angeles,34.15275,1.0,2026-05-23,23
651318479.0,1.4683792827940462e+18,City of Los Angeles,34.02149,31.0,nan,0
651318479.0,1.4683792827940462e+18,City of Los Angeles,34.01997,31.0,2026-05-09,2
403482639.0,1.4698487619019738e+18,Other Cities,33.81201,2.0,2026-06-04,35
536193044.0,1.470405833629993e+18,Other Cities,34.09803,2.0,2026-06-07,16
659010617.0,1.4706550996263693e+18,City of Los Angeles,34.0235650712096,30.0,nan,0
8999643.0,1.4627923406467604e+18,Other Cities,34.05839132579503,1.0,2026-06-13,51
11842191.0,1.4625801600927816e+18,City of Los Angeles,33.9914705,30.0,nan,0
422362715.0,1.463662518300396e+18,Other Cities,34.42797,30.0,nan,0
106026643.0,1.4672860201669217e+18,Unincorporated Areas,34.52883371512103,1.0,2026-05-24,23
697864195.0,1.4707374817299336e+18,Other Cities,33.9808083,31.0,2025-10-31,1
76715143.0,1.4628182975632701e+18,City of Los Angeles,34.094624209265916,1.0,2026-05-30,44
713681702.0,1.488457127516811e+18,Other Cities,34.14258,6.0,2026-04-01,3
714249632.0,1.4907126665161382e+18,Other Cities,33.9184076,31.0,2025-12-22,1
436305067.0,1.4636974150916764e+18,City of Los Angeles,34.09273,1.0,2026-06-14,34
714284417.0,nan,City of Los Angeles,34.10236,1.0,nan,0
714284417.0,nan,City of Los Angeles,34.10236,1.0,nan,0
41163708.0,1.4656123909471483e+18,Other Cities,33.900507618918496,1.0,2026-06-10,43
401123127.0,1.492902461015157e+18,City of Los Angeles,34.26581,2.0,2026-01-02,3
701913171.0,1.470745395164369e+18,Other Cities,34.08616,1.0,2026-06-06,38
8999643.0,1.4627923406467604e+18,Other Cities,34.05862,1.0,2026-04-26,43
127125926.0,1.4629329476011215e+18,Other Cities,33.78507,1.0,2026-06-03,26
240496110.0,1.469278726562793e+18,City of Los Angeles,34.02865,30.0,nan,0
49957375.0,1.4627147274136438e+18,Other Cities,34.0135,1.0,2026-06-02,26
420845959.0,1.4699106491060513e+18,City of Los Angeles,34.15498,1.0,2026-06-08,33
210321294.0,1.469097440007091e+18,Other Cities,34.01427,1.0,2026-05-24,20
579188970.0,1.4705831862619095e+18,Unincorporated Areas,33.98452,3.0,2026-05-25,8
159355723.0,1.468551253311442e+18,City of Los Angeles,33.98714409582548,30.0,nan,0
715063908.0,1.4938235587810583e+18,Unincorporated Areas,33.99816836793521,1.0,2026-04-05,16
326522381.0,1.4940757577355958e+18,Other Cities,33.92732,2.0,nan,0
99279755.0,1.467193636024501e+18,Other Cities,33.9909764,30.0,nan,0
66109042.0,1.466817227995217e+18,Other Cities,33.91754208326963,1.0,2026-04-04,18
496491340.0,1.4638390082925716e+18,Other Cities,34.08844,30.0,2026-06-01,1
582980251.0,1.4705939545100452e+18,Other Cities,33.857981758924886,30.0,nan,0
432404750.0,1.4699574184862894e+18,Other Cities,34.06483,2.0,2026-05-23,5
80570814.0,1.4628270440299648e+18,Other Cities,34.13069,2.0,2026-05-06,5
329991301.0,1.463463485578743e+18,Other Cities,34.03277,1.0,2026-04-26,13
715896968.0,1.4973067350276406e+18,Other Cities,34.08804,1.0,2026-05-29,36
486566894.0,1.4692942866323533e+18,Other Cities,34.06915,1.0,2026-02-20,6
409985549.0,1.4636357328332413e+18,City of Los Angeles,34.11678,3.0,2026-05-05,2
659010617.0,1.4706550996263693e+18,City of Los Angeles,34.02463,30.0,nan,0
715389088.0,1.4952206771853972e+18,Other Cities,34.1025616629323,2.0,2026-06-07,30
372045716.0,1.4697541588091602e+18,City of Los Angeles,34.09752,1.0,2026-01-18,3
427850690.0,1.469938884575072e+18,City of Los Angeles,34.04418,30.0,2025-09-15,1
2066948.0,1.462522007572923e+18,City of Los Angeles,33.99814,30.0,2026-04-28,8
593017369.0,1.4706195335964078e+18,Other Cities,34.01049,1.0,2026-03-23,3
426946658.0,1.4636737990561236e+18,Other Cities,34.10501,1.0,2026-04-16,29
27676708.0,1.4654086444955415e+18,Other Cities,34.03318271896342,1.0,2026-06-01,49
675373816.0,1.4956716776527245e+18,City of Los Angeles,33.99298,4.0,nan,0
1170035.0,1.462538776965675e+18,Other Cities,33.768544675093196,31.0,2026-04-30,2
715568005.0,1.4959341370420342e+18,City of Los Angeles,34.02261,30.0,nan,0
39082970.0,1.4626804069381652e+18,Unincorporated Areas,34.04294,1.0,nan,0
155173.0,1.4625111409698117e+18,Other Cities,34.15785,1.0,2026-01-30,3
465208808.0,1.4700966838505165e+18,Unincorporated Areas,33.98627037215692,2.0,2026-06-09,20
420845959.0,1.4699106491060513e+18,City of Los Angeles,34.15695,1.0,2026-06-11,73
377886439.0,1.4697714804428175e+18,City of Los Angeles,34.05241,2.0,2025-11-17,1
155173.0,1.4625111409698117e+18,City of Los Angeles,34.15999,1.0,2026-05-10,11
718136393.0,1.5065884328254556e+18,Other Cities,34.09167,1.0,2026-05-29,20
12240887.0,1.4628832771044467e+18,City of Los Angeles,33.99223,1.0,2026-01-16,5
62702617.0,1.4667737052816988e+18,City of Los Angeles,34.18317,4.0,nan,0
507152846.0,1.4702797530070994e+18,City of Los Angeles,34.1671682,30.0,2026-01-19,2
715568005.0,1.4959341370420342e+18,City of Los Angeles,34.02403,30.0,nan,0
716927422.0,nan,Other Cities,33.767739,1.0,2026-06-11,7
377886439.0,1.4697714804428175e+18,City of Los Angeles,34.05065,30.0,nan,0
651318479.0,1.4683792827940462e+18,City of Los Angeles,34.04556,31.0,nan,0
301896387.0,1.4693894649528973e+18,Unincorporated Areas,34.123898278739645,2.0,nan,0
203808889.0,1.502500296086877e+18,City of Los Angeles,34.20361,30.0,2026-04-06,2
88532462.0,1.467063398233777e+18,Other Cities,34.0896,2.0,2026-05-22,14
717230576.0,1.502991837007227e+18,Other Cities,33.89177637553983,1.0,2026-04-05,1
37284269.0,1.46267474093357e+18,Other Cities,33.94077,1.0,2026-05-31,24
191028877.0,1.4630993533363126e+18,Unincorporated Areas,33.98364,1.0,2026-06-06,28
10939458.0,1.4628531712114808e+18,City of Los Angeles,34.118,30.0,nan,0
3010467.0,1.4625275347123267e+18,City of Los Angeles,34.0442171064428,1.0,2026-05-20,17
6942990.0,1.462719486400776e+18,Other Cities,33.95501,31.0,nan,0
477734796.0,1.4701527660483735e+18,City of Los Angeles,34.10272,30.0,nan,0
475329461.0,1.4637902990176049e+18,City of Los Angeles,33.973896492654475,15.0,2026-04-14,3
715418861.0,1.495365472565758e+18,City of Los Angeles,33.98087,30.0,nan,0
429820461.0,1.4699470727218865e+18,Unincorporated Areas,34.0613,1.0,2026-05-17,9
162570460.0,1.4685820867844035e+18,City of Los Angeles,34.22299,30.0,nan,0
383790851.0,1.4635762788962076e+18,Other Cities,34.0759,1.0,2026-05-29,7
374357583.0,1.4697613573904945e+18,City of Los Angeles,34.0252,30.0,nan,0
533849414.0,1.4703962955759631e+18,Unincorporated Areas,34.0487,1.0,2026-05-31,28
673673414.0,1.5132708788326623e+18,City of Los Angeles,33.93733,1.0,2026-05-24,47
15697894.0,1.4629684915588524e+18,City of Los Angeles,34.05982,1.0,2026-05-13,4
383724181.0,1.4697869609872476e+18,Other Cities,34.0919,2.0,2026-05-31,17
18071128.0,1.5175799021573965e+18,City of Los Angeles,34.02797,30.0,2026-02-14,1
701303843.0,1.5289620487003538e+18,Other Cities,33.97717,2.0,2026-04-18,1
367229162.0,1.4697405137113692e+18,City of Los Angeles,34.04612,2.0,2026-05-17,7
9075429.0,1.4627942990566595e+18,City of Los Angeles,33.99325,31.0,nan,0
23722312.0,1.4626263917372436e+18,Other Cities,34.1192363,20.0,2026-05-01,4
155173.0,1.4625111409698117e+18,Other Cities,34.15936,1.0,2026-04-25,16
389150933.0,1.4698037576594977e+18,City of Los Angeles,34.1139073,30.0,2026-05-31,2
721072431.0,1.5192707005360082e+18,Other Cities,34.131549733625306,30.0,2026-05-04,1
651318479.0,1.4683792827940462e+18,City of Los Angeles,34.02141,30.0,2026-01-31,1
449460327.0,1.4700241504475123e+18,Other Cities,34.12878,4.0,nan,0
53842646.0,1.4658748666323453e+18,City of Los Angeles,34.18873,30.0,2026-03-05,3
693776702.0,1.470728910578242e+18,Unincorporated Areas,34.38498,2.0,2026-06-04,19
171180364.0,1.4684829454515666e+18,City of Los Angeles,34.051077965235045,30.0,2025-10-27,1
33694089.0,1.4626627960456727e+18,Unincorporated Areas,33.99682,3.0,2026-02-16,8
5887511.0,1.4625428273983526e+18,City of Los Angeles,34.06942,30.0,nan,0
94988320.0,1.5096706669249664e+18,City of Los Angeles,34.0217569,30.0,nan,0
718873141.0,1.509783325257388e+18,Other Cities,34.09149,2.0,2026-03-15,4
508917459.0,1.4702877711643735e+18,City of Los Angeles,34.06922677565201,30.0,2026-04-03,1
668954332.0,1.4706779652984297e+18,City of Los Angeles,34.05674606097634,31.0,2026-01-31,2
312464632.0,1.4695867347965125e+18,Other Cities,33.82395,1.0,2026-06-12,31
720526223.0,nan,City of Los Angeles,34.00033,1.0,2026-06-07,12
593729790.0,1.4706213357707945e+18,City of Los Angeles,34.05669,30.0,nan,0
106980640.0,1.4672968363307564e+18,City of Los Angeles,34.0587787639303,30.0,nan,0
71719539.0,1.4627957441608259e+18,City of Los Angeles,34.10733,30.0,nan,0
463580100.0,1.4700890047686113e+18,City of Los Angeles,34.04727371603855,30.0,2025-10-18,1
696427800.0,1.4707346248523517e+18,Unincorporated Areas,33.9820106,1.0,2026-05-11,7
2976886.0,1.462613960468716e+18,Other Cities,33.89493,3.0,2026-06-08,29
16831108.0,1.5118804530414065e+18,Other Cities,34.43901,1.0,2026-02-17,3
326005587.0,1.4696216676229297e+18,Unincorporated Areas,34.07134,2.0,2026-06-15,9
145629453.0,1.4684310445928507e+18,City of Los Angeles,34.15808,60.0,nan,0
1660670.0,1.462519532802681e+18,Unincorporated Areas,34.06172,1.0,2026-06-07,28
17906486.0,1.5206109329533752e+18,City of Los Angeles,34.13982,2.0,2026-06-13,11
53583919.0,1.5212706103598467e+18,Other Cities,33.91696,2.0,2026-06-14,17
536308414.0,1.4704062580600704e+18,Other Cities,34.08917,3.0,2026-05-30,19
721532133.0,1.5217467075937252e+18,Other Cities,33.84671912825073,1.0,nan,0
30830972.0,1.5270962078316603e+18,City of Los Angeles,34.0986317,1.0,2026-04-13,13
nan,nan,Other Cities,34.17951,1.0,nan,0
550559945.0,1.4704619478068506e+18,City of Los Angeles,34.08651,1.0,nan,0
718363951.0,nan,Other Cities,33.80388,1.0,nan,0
71880300.0,1.4627961527162432e+18,City of Los Angeles,34.18114,1.0,2026-06-10,24
929744.0,1.4625335661161162e+18,Other Cities,34.0863604,30.0,nan,0
336681077.0,1.4696529359524132e+18,City of Los Angeles,34.0449581,31.0,nan,0
721858243.0,1.5257557534779233e+18,Unincorporated Areas,34.46916,31.0,nan,0
377886439.0,1.4697714804428175e+18,City of Los Angeles,34.05802,30.0,nan,0
15697894.0,1.4629684915588524e+18,City of Los Angeles,34.06019668647863,1.0,2025-10-12,2
7978870.0,1.462746110442815e+18,City of Los Angeles,33.99209,30.0,2026-03-08,2
171711231.0,1.4630551133258452e+18,Other Cities,34.01757,1.0,2026-05-20,12
19236518.0,1.4630724726082877e+18,Other Cities,34.07313,1.0,2026-06-14,18
18530088.0,1.4626063380506455e+18,Other Cities,34.12211,3.0,2026-02-28,1
nan,nan,Other Cities,34.08636,1.0,2026-04-29,1
19647151.0,1.5319808786253363e+18,City of Los Angeles,34.04175,30.0,2026-05-10,4
82627535.0,1.4670020241221358e+18,City of Los Angeles,34.2257869,30.0,nan,0
406248365.0,1.4698579624388733e+18,Other Cities,34.16853,2.0,2026-06-06,9
723229066.0,1.5291875619218975e+18,City of Los Angeles,34.04258,2.0,2026-04-12,8
564096414.0,nan,Other Cities,34.14588,1.0,2026-02-14,1
147128979.0,1.468443253916831e+18,Unincorporated Areas,34.05706,1.0,2026-06-07,5
10832832.0,1.4625760483293507e+18,Other Cities,34.45044,5.0,2026-05-16,8
104297763.0,1.533730075944091e+18,Unincorporated Areas,34.1241,1.0,2026-06-07,28
590273273.0,1.4706127549953236e+18,City of Los Angeles,34.0706559,2.0,2026-06-07,29
668954332.0,1.4706779652984297e+18,City of Los Angeles,34.0935315,30.0,2026-02-11,1
668954332.0,1.4706779652984297e+18,City of Los Angeles,34.0935315,30.0,nan,0
545308571.0,1.4704413846682045e+18,Other Cities,34.13937,1.0,2026-04-29,11
226930331.0,1.4692077224412224e+18,Other Cities,33.88803905655518,1.0,2026-06-14,30
368502987.0,1.4697441243624118e+18,City of Los Angeles,34.07903,1.0,2026-06-11,12
78168611.0,1.5399798951135434e+18,Other Cities,33.76813,1.0,2026-06-08,15
45320184.0,1.538446266661919e+18,Other Cities,34.06245,1.0,2026-05-31,62
475498312.0,1.4701437814191245e+18,Other Cities,34.439179873220326,1.0,2026-05-21,30
57477499.0,1.4659398484232952e+18,City of Los Angeles,34.167530376230005,30.0,2026-02-15,1
726002476.0,1.5415123760359017e+18,Other Cities,33.7668784,3.0,2026-05-25,16
409985549.0,1.4636357328332413e+18,City of Los Angeles,34.13277,2.0,2026-05-04,5
468914943.0,1.4701142821308321e+18,Other Cities,33.9614206,1.0,nan,0
23118355.0,1.4626239615544484e+18,City of Los Angeles,34.10335,30.0,nan,0
347851048.0,1.4676685354432156e+18,City of Los Angeles,34.08008,3.0,2026-05-17,13
175570966.0,1.5429809986753408e+18,Other Cities,34.16347,28.0,nan,0
202100268.0,1.4690546719716877e+18,City of Los Angeles,34.02092,380.0,nan,0
81957018.0,1.466995304109636e+18,Other Cities,34.1268,1.0,2026-06-07,10
68658891.0,1.5436131189258412e+18,Other Cities,34.0898253,1.0,2026-01-01,4
110655686.0,1.5279553303329347e+18,City of Los Angeles,33.72362,1.0,2026-05-26,15
411901944.0,1.4698781078788012e+18,Other Cities,33.83029290599115,28.0,nan,0
664183377.0,1.5277340882523456e+18,Other Cities,34.01841,1.0,2026-06-15,10
98647265.0,1.4628672562451008e+18,Other Cities,34.08346278601421,1.0,2026-05-31,45
189473.0,1.462512201715866e+18,City of Los Angeles,34.21069,1.0,2026-06-07,25
579889964.0,1.470585130281119e+18,Other Cities,34.11703,30.0,nan,0
136285834.0,1.5370220028109742e+18,City of Los Angeles,34.03373,30.0,nan,0
25551648.0,1.4626339616031875e+18,City of Los Angeles,34.165463,30.0,nan,0
174792040.0,1.463062109462153e+18,Other Cities,33.9775,1.0,nan,0
72933825.0,1.462809300960564e+18,City of Los Angeles,34.12950675870969,2.0,2026-02-06,3
9066077.0,1.4627940474547523e+18,City of Los Angeles,34.14754,3.0,2026-06-11,13
693372422.0,1.4707280788245952e+18,Other Cities,34.09071,1.0,2026-05-17,15
232771141.0,1.5446366802212024e+18,City of Los Angeles,34.07708,30.0,nan,0
512040167.0,1.4703027397393713e+18,Other Cities,34.57864,1.0,2026-05-01,16
72779768.0,1.4668982526495178e+18,City of Los Angeles,34.15165,1.0,2026-06-10,17
6717468.0,1.4627135465639562e+18,City of Los Angeles,33.9950746,31.0,nan,0
7107058.0,1.4627236275331523e+18,Other Cities,34.08129,30.0,nan,0
136683217.0,1.4683594954467743e+18,Unincorporated Areas,34.03008,14.0,2026-06-15,12
157169522.0,1.4685326912029842e+18,Other Cities,34.04445,4.0,2026-06-08,7
714716982.0,1.492350661772447e+18,City of Los Angeles,34.0420544,1.0,2026-05-24,35
714716982.0,1.492350661772447e+18,City of Los Angeles,34.0420544,1.0,2026-06-08,12
230016718.0,1.4692261372455017e+18,City of Los Angeles,34.10264,1.0,2026-06-08,17
nan,nan,Other Cities,34.0937884,1.0,2026-04-06,1
nan,nan,Other Cities,34.09379,1.0,nan,0
480672145.0,1.4701648717870403e+18,City of Los Angeles,34.24924,31.0,nan,0
106980640.0,1.4672968363307564e+18,City of Los Angeles,34.05944,30.0,2026-01-03,2
46311231.0,1.537880943023922e+18,City of Los Angeles,34.08079149513918,30.0,nan,0
230016718.0,1.4692261372455017e+18,City of Los Angeles,34.10302,1.0,2026-06-06,25
710801651.0,1.4776515875494572e+18,City of Los Angeles,34.06652,1.0,2025-11-26,2
50210592.0,1.5495090089624876e+18,Other Cities,34.08777303672775,30.0,2026-04-04,2
348526939.0,1.4696923177638853e+18,Other Cities,34.089,1.0,2026-06-07,22
664140154.0,1.4706668225539878e+18,Unincorporated Areas,34.49069,2.0,2026-04-03,2
123368964.0,1.4682477898308508e+18,City of Los Angeles,33.99357201530541,2.0,2026-05-07,3
372045716.0,1.4697541588091602e+18,City of Los Angeles,34.09186,1.0,2026-02-27,2
4656446.0,1.4625366664943892e+18,City of Los Angeles,34.12075,7.0,nan,0
679821480.0,1.4639350703153562e+18,City of Los Angeles,34.05286,30.0,nan,0
82221882.0,1.466997890844707e+18,City of Los Angeles,34.09352,30.0,nan,0
679821480.0,1.4639350703153562e+18,City of Los Angeles,34.06602,30.0,nan,0
728920223.0,1.5531368875303785e+18,Unincorporated Areas,34.5271,1.0,2026-05-17,12
575323087.0,1.4705713892131346e+18,Other Cities,34.14933,31.0,nan,0
406248365.0,1.4698579624388733e+18,Other Cities,34.15262,2.0,2026-06-07,10
390089294.0,1.4687227218232942e+18,Other Cities,34.13788,1.0,nan,0
134261575.0,1.4683397793109394e+18,Other Cities,34.08072,1.0,2026-05-31,39
729099826.0,1.553923985078163e+18,City of Los Angeles,34.18232201493074,2.0,2026-05-26,11
25551648.0,1.4626339616031875e+18,City of Los Angeles,34.1663047,4.0,2026-01-04,1
150622345.0,1.4684810219189924e+18,Other Cities,34.0374228,1.0,2026-06-08,19
729099826.0,1.553923985078163e+18,City of Los Angeles,34.18182,2.0,2026-04-25,11
427850690.0,1.469938884575072e+18,City of Los Angeles,34.04819407469869,30.0,nan,0
9066077.0,1.4627940474547523e+18,City of Los Angeles,34.14825050429045,4.0,nan,0
nan,nan,Other Cities,33.7526,1.0,2026-05-03,1
136683217.0,1.4683594954467743e+18,Unincorporated Areas,34.03032,14.0,2026-05-15,7
670096529.0,1.4639242932331372e+18,Other Cities,34.09386,1.0,2026-05-17,11
5703033.0,1.4626873373158454e+18,Other Cities,34.0285929,30.0,2026-02-15,1
352833053.0,1.4697049527718656e+18,Unincorporated Areas,33.97701,1.0,2026-05-28,16
68381478.0,1.5447551647408758e+18,Other Cities,33.77679,30.0,2026-01-02,1
458541506.0,1.4700646318231962e+18,City of Los Angeles,34.06816604605913,30.0,nan,0
334830556.0,1.469647592885843e+18,Other Cities,34.220326690332065,1.0,2026-06-07,33
2355007.0,1.462523708814105e+18,City of Los Angeles,34.05065,3.0,2026-04-14,3
458541506.0,1.4700646318231962e+18,Other Cities,34.02960225970906,2.0,2026-05-21,16
663865731.0,1.470666025474844e+18,Other Cities,34.08565,1.0,nan,0
4382145.0,1.5584666157031695e+18,Other Cities,34.10051,2.0,2026-05-20,3
56110539.0,1.5589933744967567e+18,Other Cities,33.354231,2.0,2026-06-04,25
722081753.0,1.5552982280643945e+18,Other Cities,33.9325674,1.0,nan,0
141193377.0,1.555964260382007e+18,Other Cities,34.37659,1.0,2026-06-11,12
724841080.0,1.535668114581878e+18,City of Los Angeles,34.135972104829904,30.0,nan,0
674990683.0,nan,Other Cities,34.0725,1.0,2026-05-25,2
674990683.0,nan,Other Cities,34.0725,1.0,nan,0
524381534.0,1.4703589936873766e+18,Other Cities,34.0970579,1.0,2026-06-02,26
457005571.0,1.4637479811013005e+18,Other Cities,34.15261,2.0,2026-05-30,4
550721647.0,1.4704626343932237e+18,Other Cities,34.06558769473938,1.0,2026-05-08,17
4780152.0,1.4625372374553434e+18,City of Los Angeles,34.04078498124953,31.0,nan,0
229665107.0,1.4632332305725043e+18,Other Cities,33.88795,1.0,nan,0
326349241.0,1.4696227642187392e+18,Other Cities,34.093,1.0,2026-05-20,4
17299131.0,1.4630068328904246e+18,City of Los Angeles,34.04355561231409,1.0,2026-06-08,11
402155066.0,1.4636188688040133e+18,City of Los Angeles,34.04036,31.0,nan,0
177562078.0,1.4687185320406876e+18,City of Los Angeles,34.20274251942085,30.0,nan,0
126644161.0,1.4629318896934497e+18,Other Cities,33.90753504790346,2.0,2026-04-27,3
19293231.0,1.4630746043799104e+18,City of Los Angeles,34.04691,30.0,nan,0
687835053.0,1.470716419561891e+18,Unincorporated Areas,34.0504733898748,4.0,2026-05-16,5
415840703.0,1.4698914833110556e+18,City of Los Angeles,34.08664,31.0,2026-02-15,1
465298680.0,1.4700971003279892e+18,Other Cities,34.00901,2.0,2026-06-06,1
51561560.0,1.4658068020108283e+18,Other Cities,33.76917,31.0,2026-06-09,2
420333944.0,1.5083714474433766e+18,City of Los Angeles,34.17326,30.0,nan,0
244726720.0,1.469298596739613e+18,Other Cities,34.08942,30.0,nan,0
362357180.0,1.4697275385605578e+18,Other Cities,34.18115,1.0,nan,0
28586383.0,1.4626451251189148e+18,City of Los Angeles,34.10609,30.0,nan,0
411901944.0,1.4698781078788012e+18,City of Los Angeles,34.09932,2.0,nan,0
696969156.0,1.5566893937512215e+18,Unincorporated Areas,33.9755,1.0,2026-05-22,15
687849415.0,1.4689226257358095e+18,Other Cities,34.0131129,1.0,2026-05-22,16
42796165.0,1.4656357099275177e+18,City of Los Angeles,34.10193,31.0,2026-02-28,1
282283177.0,1.4694816585251922e+18,Other Cities,34.070181797662016,5.0,nan,0
301093761.0,1.4695446398144899e+18,City of Los Angeles,34.04311,30.0,nan,0
97481819.0,1.4628649387672148e+18,Other Cities,34.0138477,1.0,nan,0
53079697.0,1.4627249142904817e+18,Other Cities,34.05675,3.0,nan,0
392412037.0,1.469813747702077e+18,City of Los Angeles,34.09983,30.0,nan,0
376936883.0,1.4697689221628452e+18,Other Cities,34.18112,1.0,2026-05-09,7
715692714.0,1.4964627568009e+18,Other Cities,33.87509,1.0,2026-06-15,5
432972522.0,1.4699598941448046e+18,Other Cities,34.09892,1.0,2026-05-31,13
295443476.0,1.469524003969083e+18,Other Cities,34.02442,2.0,2026-04-12,14
204024035.0,1.567046300466987e+18,Unincorporated Areas,34.54389,1.0,2026-05-25,23
721085288.0,1.5221983776583708e+18,Unincorporated Areas,34.02789,2.0,2026-02-27,13
491872582.0,1.4702146390144742e+18,City of Los Angeles,34.1249521,30.0,nan,0
17299131.0,1.4630068328904246e+18,City of Los Angeles,34.10007,1.0,2026-05-27,16
441765404.0,1.46999363364386e+18,Other Cities,34.14876,10.0,nan,0
126644161.0,1.4629318896934497e+18,Other Cities,33.34095933594696,2.0,nan,0
468914943.0,1.4701142821308321e+18,City of Los Angeles,34.050205,1.0,nan,0
26459311.0,1.4653671214216543e+18,City of Los Angeles,34.00427,1.0,2026-06-04,22
732139807.0,1.5676056340544865e+18,Other Cities,34.13658,31.0,nan,0
732139807.0,1.5676056340544865e+18,Other Cities,34.13512,31.0,nan,0
20118823.0,1.4630996949733847e+18,City of Los Angeles,34.17838,30.0,nan,0
437708650.0,1.4637008612302502e+18,Unincorporated Areas,33.99544,1.0,2026-06-02,36
549296447.0,1.4704569968120758e+18,Other Cities,34.08341,1.0,2026-06-08,21
711639897.0,1.4807578519504156e+18,Other Cities,34.09181,2.0,nan,0
367229162.0,1.4697405137113692e+18,City of Los Angeles,34.06215,30.0,2026-05-01,3
230016718.0,1.4692261372455017e+18,City of Los Angeles,34.10301,1.0,2026-05-28,8
3097566.0,1.4626182913507228e+18,Other Cities,34.08184,3.0,2026-01-05,1
570119084.0,1.4638844268006474e+18,City of Los Angeles,34.09994,30.0,2026-03-30,1
19236518.0,1.4630724726082877e+18,Other Cities,34.14321,1.0,2026-05-09,17
3010467.0,1.4625275347123267e+18,City of Los Angeles,34.043792904036856,1.0,2026-05-25,15
195217852.0,1.4631089319005765e+18,City of Los Angeles,34.10116,2.0,nan,0
2813949.0,1.462609413108057e+18,Other Cities,33.96771,1.0,2026-06-13,16
10832832.0,1.4625760483293507e+18,Unincorporated Areas,34.47503,30.0,nan,0
479654437.0,1.4701607137483103e+18,City of Los Angeles,34.07402,31.0,2026-02-02,1
9075429.0,1.4627942990566595e+18,City of Los Angeles,33.97103,31.0,nan,0
720024395.0,1.5772113562696812e+18,Other Cities,33.79871,1.0,2026-06-01,12
667942179.0,1.470675861137481e+18,Other Cities,34.06015,1.0,2026-06-02,12
733125006.0,1.5719642374900974e+18,City of Los Angeles,34.1001794,30.0,2026-05-31,1
733125006.0,1.5719642374900974e+18,City of Los Angeles,33.9876735,30.0,nan,0
385575830.0,1.469792404079446e+18,Other Cities,34.09357200220431,30.0,nan,0
487743407.0,1.4701950652876718e+18,Unincorporated Areas,33.9822,1.0,2026-05-27,23
126644161.0,1.4629318896934497e+18,Other Cities,33.76442821721989,3.0,2026-04-27,4
721876926.0,nan,City of Los Angeles,34.07361,1.0,2026-04-17,1
471897457.0,1.4701284132527124e+18,City of Los Angeles,34.056554715007096,1.0,2026-06-10,24
468914943.0,1.4701142821308321e+18,Other Cities,33.9457574,1.0,nan,0
4780152.0,1.4625372374553434e+18,City of Los Angeles,34.05447,31.0,nan,0
707385433.0,nan,City of Los Angeles,34.04418,1.0,nan,0
29861838.0,1.465440103781651e+18,Other Cities,33.87039,27.0,nan,0
226930331.0,1.4692077224412224e+18,Unincorporated Areas,33.98389,1.0,2026-06-14,14
33694089.0,1.4626627960456727e+18,City of Los Angeles,34.11943,30.0,nan,0
59829306.0,1.4667265176157988e+18,City of Los Angeles,33.98759,30.0,nan,0
10981233.0,1.581009009977629e+18,City of Los Angeles,33.9552,180.0,2026-03-28,1
515677556.0,1.4703197434327293e+18,City of Los Angeles,34.09489,30.0,nan,0
515677556.0,1.4703197434327293e+18,City of Los Angeles,34.09466,30.0,nan,0
515677556.0,1.4703197434327293e+18,City of Los Angeles,34.0959,30.0,nan,0
731649205.0,1.5655039149390472e+18,City of Los Angeles,34.04057,30.0,2026-02-04,1
731649205.0,1.5655039149390472e+18,City of Los Angeles,34.039033569441116,30.0,2026-06-01,1
731649205.0,1.5655039149390472e+18,City of Los Angeles,34.04061551366339,30.0,nan,0
474252783.0,1.470138485218063e+18,City of Los Angeles,34.08598,1.0,2026-05-15,26
731649205.0,1.5655039149390472e+18,Other Cities,34.060267231838566,30.0,2026-04-27,1
731649205.0,1.5655039149390472e+18,Other Cities,34.06,30.0,nan,0
2057392.0,1.5815632033753695e+18,City of Los Angeles,34.09984,7.0,nan,0
732145387.0,nan,City of Los Angeles,33.99008,1.0,nan,0
563811076.0,1.4705143243531855e+18,Other Cities,33.91166,7.0,2026-02-28,1
388223301.0,1.5798443924669857e+18,City of Los Angeles,33.745900441045755,1.0,2026-05-22,5
359867483.0,1.503828286318604e+18,City of Los Angeles,34.1422563,2.0,2026-05-05,5
727885657.0,1.5574450485676475e+18,Other Cities,34.0603,1.0,2026-03-22,9
571456432.0,1.4705380854886927e+18,City of Los Angeles,34.06888,30.0,nan,0
21800916.0,1.462618667347042e+18,City of Los Angeles,34.11969,30.0,2026-06-01,1
851639.0,1.4625313106833587e+18,City of Los Angeles,34.097386,30.0,2026-04-06,2
731648442.0,1.585052391222825e+18,City of Los Angeles,33.79219089510133,30.0,nan,0
731648442.0,1.585052391222825e+18,City of Los Angeles,33.79180799103631,30.0,nan,0
563810592.0,1.4638817373171418e+18,Unincorporated Areas,33.99208,30.0,nan,0
506613749.0,1.4879823962631398e+18,City of Los Angeles,34.04034,30.0,nan,0
506613749.0,1.4879823962631398e+18,City of Los Angeles,34.04017,30.0,nan,0
165141258.0,1.4686040206380746e+18,Unincorporated Areas,33.8925204618916,3.0,nan,0
731787364.0,1.566142580162844e+18,City of Los Angeles,34.062784485601746,30.0,2026-05-13,2
736935104.0,1.5877668806363046e+18,City of Los Angeles,34.18531719800102,2.0,2026-01-17,1
506613749.0,1.4879823962631398e+18,City of Los Angeles,34.03862,30.0,nan,0
692323704.0,1.4707259289191383e+18,Other Cities,34.09841,28.0,2026-01-17,1
469717071.0,1.463778005930317e+18,City of Los Angeles,33.99514,2.0,2026-05-27,10
22468259.0,1.5887595374752604e+18,City of Los Angeles,34.10676437442591,1.0,2026-06-08,20
41152504.0,1.4626868050884529e+18,City of Los Angeles,34.05789,31.0,2026-02-28,1
84165483.0,1.4628351434804972e+18,City of Los Angeles,34.048010230148996,2.0,2026-02-16,1
737411913.0,1.5896694173108068e+18,Other Cities,34.13281,1.0,2026-05-28,4
537610994.0,1.4638709107392348e+18,Other Cities,34.09311,2.0,2026-06-06,8
22593449.0,1.463183593456094e+18,City of Los Angeles,34.01646,1.0,2026-06-08,16
733785290.0,1.574922099298575e+18,City of Los Angeles,34.02699,30.0,2026-05-09,2
585689086.0,1.4706014780659082e+18,Other Cities,34.06144,1.0,2026-06-21,11
672286301.0,1.4706845095800338e+18,Unincorporated Areas,34.4751497,1.0,nan,0
203771727.0,1.4690633788226527e+18,City of Los Angeles,34.05330927473297,30.0,nan,0
28299488.0,1.4654177820899244e+18,Other Cities,34.03326588356971,1.0,2026-05-03,1
53079697.0,1.4627249142904817e+18,Unincorporated Areas,33.97916,1.0,2026-05-25,14
733671722.0,1.5743843120071434e+18,Other Cities,33.95583446946881,1.0,2026-06-02,24
733671722.0,1.5743843120071434e+18,Other Cities,33.95419748255498,1.0,2026-06-02,8
537542674.0,1.4704111763072724e+18,City of Los Angeles,33.97174,30.0,nan,0
84182835.0,1.4628351807185725e+18,Other Cities,34.08022,2.0,nan,0
379997378.0,1.4697760983720404e+18,Other Cities,33.9313459,1.0,2026-05-25,12
14594741.0,1.4629423297420106e+18,City of Los Angeles,34.07938,2.0,2026-06-01,5
694599038.0,1.4689532159991316e+18,Unincorporated Areas,33.9789198,1.0,2026-05-09,4
731648442.0,1.585052391222825e+18,City of Los Angeles,33.79166,30.0,nan,0
673463156.0,1.5961971487999905e+18,Other Cities,34.09205,1.0,2026-06-07,1
134446507.0,1.462949660975157e+18,Other Cities,34.01315,1.0,2026-06-05,11
19071003.0,1.4630689362379668e+18,Other Cities,33.87472790615496,30.0,nan,0
559737765.0,1.4705018261153231e+18,City of Los Angeles,34.21212,30.0,nan,0
148677062.0,1.4684555130788001e+18,Other Cities,34.05871,30.0,nan,0
195217852.0,1.4631089319005765e+18,Other Cities,34.01504,1.0,2026-06-01,6
188437307.0,1.4630929977537562e+18,Other Cities,33.74946586438905,31.0,nan,0
143562730.0,1.4629694458407058e+18,City of Los Angeles,34.15499,3.0,2026-05-17,3
738668808.0,1.5936067863865073e+18,City of Los Angeles,34.0939,30.0,nan,0
6156013.0,1.4626993136916672e+18,Other Cities,33.80261,31.0,nan,0
260260353.0,1.4693751546517944e+18,City of Los Angeles,34.03601,31.0,nan,0
722317667.0,1.5247231936942881e+18,Unincorporated Areas,34.1056412,1.0,2026-03-28,4
552030530.0,1.4704677888838126e+18,City of Los Angeles,34.08369792160012,1.0,2026-01-25,1
659010617.0,1.4706550996263693e+18,City of Los Angeles,34.025072379864135,30.0,nan,0
19236518.0,1.4630724726082877e+18,Other Cities,34.09984,1.0,2026-06-08,15
39981974.0,1.4655966563611228e+18,City of Los Angeles,34.07966,2.0,nan,0
44811911.0,1.592252121815005e+18,Other Cities,34.16346,3.0,2026-06-14,10
383790851.0,1.4635762788962076e+18,Unincorporated Areas,33.98318,1.0,nan,0
147549945.0,1.4684467511612099e+18,City of Los Angeles,34.2152,1.0,2026-05-25,11
33694089.0,1.4626627960456727e+18,City of Los Angeles,34.3232,30.0,nan,0
27324042.0,1.4654033831271084e+18,Other Cities,34.6849,20.0,nan,0
171346889.0,1.4686646172822525e+18,Other Cities,34.1341016,31.0,2026-05-10,1
451929316.0,1.4637355924326968e+18,Other Cities,34.09035,2.0,2026-05-27,8
133985407.0,1.468337462284712e+18,City of Los Angeles,34.09772,30.0,nan,0
740924699.0,1.601206167208594e+18,Other Cities,34.056753303567774,2.0,2026-05-25,10
145527805.0,1.6023491727750008e+18,Other Cities,34.03861,2.0,nan,0
980838.0,1.462534952276074e+18,City of Los Angeles,34.10569679015044,30.0,nan,0
34660980.0,1.4655109229279035e+18,Other Cities,33.77597,31.0,nan,0
740137596.0,1.5984674316193096e+18,City of Los Angeles,34.23746,30.0,nan,0
730589267.0,1.5606236711653763e+18,Other Cities,34.04997356784429,2.0,2026-05-24,8
58761122.0,1.4667039622783619e+18,City of Los Angeles,34.22463,30.0,nan,0
583322265.0,1.4705949660825083e+18,Other Cities,34.12265,2.0,2026-05-16,8
21178888.0,1.4631486027025882e+18,Other Cities,33.83911514899582,2.0,2026-06-14,13
468393114.0,1.4701119071059858e+18,Unincorporated Areas,34.02363117313449,1.0,2026-06-01,10
405807140.0,1.5626845610811315e+18,Unincorporated Areas,34.00463,2.0,2026-04-05,6
260260353.0,1.4693751546517944e+18,City of Los Angeles,34.07972,30.0,nan,0
742457431.0,1.6067113468606592e+18,Other Cities,34.16539,3.0,2026-05-24,1
2781043.0,1.606869385316709e+18,City of Los Angeles,34.10779,30.0,2026-05-02,1
14055278.0,1.5778146999996644e+18,City of Los Angeles,34.03345,30.0,nan,0
274809244.0,1.4633614912271342e+18,Other Cities,34.06887,2.0,nan,0
274809244.0,1.4633614912271342e+18,Other Cities,34.06903,3.0,nan,0
430094148.0,1.4699481850667044e+18,Unincorporated Areas,34.06034073067226,2.0,2026-06-01,4
741524354.0,1.6031946972435374e+18,Unincorporated Areas,34.1035715,1.0,nan,0
190011571.0,1.4630967724556352e+18,Other Cities,34.06541,1.0,2026-05-29,7
675385749.0,1.6033388053594936e+18,Unincorporated Areas,33.9912209,30.0,nan,0
383790851.0,1.4635762788962076e+18,City of Los Angeles,33.98037762950651,1.0,2026-05-28,6
669193177.0,1.4706783937511217e+18,City of Los Angeles,34.02308,30.0,nan,0
727885657.0,1.5574450485676475e+18,City of Los Angeles,34.05842,1.0,2026-05-17,10
454029781.0,1.4637407073036186e+18,Other Cities,34.15237,1.0,2026-02-08,1
15679190.0,1.462968056841234e+18,City of Los Angeles,34.18342,31.0,nan,0
274809244.0,1.4633614912271342e+18,Other Cities,34.0737,2.0,nan,0
508735772.0,1.4702869443634342e+18,City of Los Angeles,34.02267,30.0,nan,0
411901944.0,1.4698781078788012e+18,Other Cities,33.82978,1.0,2026-03-24,1
125490716.0,1.4682648603141315e+18,Other Cities,34.42529,30.0,2026-05-31,1
8554750.0,1.6133980392203602e+18,City of Los Angeles,34.04463,30.0,nan,0
227148028.0,1.469209205158241e+18,Other Cities,33.83917,2.0,2026-06-08,7
523015803.0,1.4638659397372275e+18,Other Cities,34.68257,7.0,2026-06-01,3
681402084.0,1.470703304024452e+18,Other Cities,33.34566,1.0,2026-05-14,1
725039941.0,nan,Other Cities,34.09463,1.0,nan,0
85177378.0,1.462837376189964e+18,City of Los Angeles,34.16195,30.0,nan,0
12102385.0,1.4625811453213768e+18,Other Cities,33.90431,365.0,2026-05-17,1
486380668.0,1.4638164244616942e+18,Unincorporated Areas,34.14097801838493,1.0,2026-06-08,5
3007728.0,1.462527523648854e+18,Unincorporated Areas,33.97467,2.0,2026-05-30,15
30708320.0,1.4878863009835978e+18,Other Cities,34.18129,1.0,2026-05-25,14
20367011.0,1.4631057416538056e+18,Other Cities,34.07572,7.0,nan,0
519155055.0,1.4703360377961098e+18,Unincorporated Areas,33.97932,2.0,2026-05-30,6
45606167.0,1.465677598209723e+18,City of Los Angeles,34.05015,1.0,2026-06-06,3
738979863.0,1.5945941946167844e+18,City of Los Angeles,34.102946670254724,31.0,2026-04-22,1
41152504.0,1.4626868050884529e+18,City of Los Angeles,34.04991,31.0,2026-05-07,2
727217186.0,1.5511480268136328e+18,City of Los Angeles,34.07072694901681,30.0,2026-05-20,2
690430385.0,1.4682461218079398e+18,City of Los Angeles,34.02484,31.0,nan,0
671486479.0,1.470682875894244e+18,Other Cities,34.09275,1.0,2026-05-29,6
126644161.0,1.4629318896934497e+18,Other Cities,34.0293759974954,2.0,2026-05-16,2
690430385.0,1.4682461218079398e+18,City of Los Angeles,34.0207291,31.0,2026-03-21,1
15276096.0,1.462958451753896e+18,City of Los Angeles,33.97455,30.0,nan,0
742137485.0,1.6144643134635758e+18,City of Los Angeles,34.02540605879985,2.0,2026-06-11,9
179778168.0,1.4687359834588974e+18,Other Cities,33.858245925157,2.0,2026-03-31,2
52561333.0,1.4658509886402255e+18,City of Los Angeles,34.01951,30.0,2026-04-12,1
403382029.0,1.4698484415765123e+18,Other Cities,34.08996,1.0,2026-05-02,10
744988136.0,1.61638487239213e+18,Other Cities,33.9451349,1.0,nan,0
22937786.0,1.463192130545704e+18,Other Cities,34.0353,29.0,nan,0
743287838.0,1.6149051846376847e+18,Unincorporated Areas,34.395173960676296,30.0,nan,0
743287838.0,1.6149051846376847e+18,Unincorporated Areas,34.39203,30.0,nan,0
728742218.0,nan,City of Los Angeles,34.05021,1.0,2026-05-11,2
410724911.0,1.6149857162866373e+18,Other Cities,34.68974,1.0,2026-04-20,1
7309824.0,1.4627286776100844e+18,City of Los Angeles,34.0797793,30.0,nan,0
144487553.0,1.4629714162405862e+18,Other Cities,34.09666828576901,1.0,2026-05-29,10
530845866.0,1.470384737181142e+18,Other Cities,34.01362891098118,1.0,2026-05-26,1
669193177.0,1.4706783937511217e+18,City of Los Angeles,34.02561,30.0,nan,0
745367942.0,1.617784443717886e+18,City of Los Angeles,34.09475,1.0,2026-06-13,15
462077128.0,1.4685616769536899e+18,Other Cities,34.03152,2.0,2026-03-27,2
417100988.0,1.4698960689697518e+18,Unincorporated Areas,33.9675891866234,2.0,2026-05-29,10
287155677.0,1.4694985875718346e+18,Other Cities,33.83281,1.0,2026-03-03,1
504643441.0,1.4702686935456428e+18,Unincorporated Areas,34.03002,1.0,2026-05-15,8
711595647.0,1.480604620009986e+18,Other Cities,34.09693,1.0,2026-06-14,22
53502386.0,1.6090253759703398e+18,City of Los Angeles,33.98569,30.0,2026-03-29,1
29104206.0,1.465428946348348e+18,City of Los Angeles,34.19929552428349,2.0,2026-06-09,13
277513380.0,1.4694627457931638e+18,Unincorporated Areas,34.04042,1.0,2026-06-09,16
33816.0,1.4625072168736904e+18,City of Los Angeles,34.01417,30.0,nan,0
678136423.0,1.5579930022428562e+18,Other Cities,34.02734,6.0,2026-04-24,2
745702312.0,1.619065857154439e+18,City of Los Angeles,34.0088427,2.0,nan,0
48967373.0,1.6276944813436598e+18,Unincorporated Areas,34.54133,5.0,nan,0
98646674.0,1.4671860941831677e+18,Other Cities,34.14583,30.0,nan,0
737411913.0,1.5896694173108068e+18,Other Cities,34.12969,1.0,nan,0
107288155.0,1.62289949898945e+18,City of Los Angeles,34.084,30.0,nan,0
463046681.0,1.4700862966687368e+18,Other Cities,34.09304103153533,3.0,2026-06-12,12
745208076.0,1.6172429860451428e+18,City of Los Angeles,34.0673284,30.0,nan,0
190011571.0,1.4630967724556352e+18,Other Cities,34.06703,3.0,2026-03-14,1
63620257.0,1.4627537051578048e+18,City of Los Angeles,33.99801,2.0,2026-05-17,4
29291653.0,1.4654315269274212e+18,Unincorporated Areas,33.99495084712934,1.0,2026-05-31,21
681476906.0,1.4707034877677622e+18,Other Cities,34.14282,1.0,2026-05-25,5
64574643.0,1.4667985234097224e+18,Other Cities,34.082773338482234,2.0,2026-05-11,4
122008132.0,1.4682380411314173e+18,City of Los Angeles,34.1515,31.0,nan,0
1161308.0,1.4625385667593114e+18,City of Los Angeles,34.0256,30.0,2026-05-24,3
260260353.0,1.4693751546517944e+18,City of Los Angeles,34.157739516542186,31.0,nan,0
468914943.0,1.4701142821308321e+18,City of Los Angeles,34.05653,1.0,nan,0
36779612.0,1.4655479864781757e+18,City of Los Angeles,34.01504,1.0,2026-06-08,13
664140154.0,1.4706668225539878e+18,Unincorporated Areas,34.58767,2.0,nan,0
746800412.0,1.6234493942257797e+18,City of Los Angeles,34.0995029,3.0,2026-03-06,2
46392983.0,1.4656948585816814e+18,Unincorporated Areas,34.05378,2.0,2026-05-26,6
417195791.0,1.469896391907299e+18,City of Los Angeles,34.11827,2.0,nan,0
11842663.0,1.4628743306846797e+18,City of Los Angeles,34.12897,30.0,nan,0
746997628.0,1.6242152825429763e+18,City of Los Angeles,34.018836,30.0,nan,0
2955508.0,1.4626134339428001e+18,City of Los Angeles,33.9972063,30.0,nan,0
265511.0,1.462514122440012e+18,City of Los Angeles,34.04848,1.0,2026-06-02,6
61412817.0,1.466755762178406e+18,City of Los Angeles,34.12615,3.0,2026-05-30,10
386394715.0,1.4635825184843648e+18,Other Cities,33.91360664684393,1.0,2026-05-24,9
65286784.0,1.6257715370343444e+18,Unincorporated Areas,34.083384,2.0,2026-03-27,2
108007213.0,1.467308796620984e+18,Other Cities,33.7712452,31.0,nan,0
486380668.0,1.4638164244616942e+18,Other Cities,34.14937,1.0,nan,0
46735476.0,1.4657004799905137e+18,Other Cities,33.99872,1.0,nan,0
101401349.0,1.4672165638519035e+18,City of Los Angeles,33.9940648,30.0,2026-04-29,1
747913530.0,1.6277680721775137e+18,City of Los Angeles,33.95531,30.0,nan,0
372063185.0,1.4697542085849925e+18,Other Cities,34.06825,2.0,2026-05-27,4
13904994.0,1.4629259442480381e+18,Unincorporated Areas,33.98336,7.0,2026-06-06,9
747973792.0,1.6279893422631163e+18,City of Los Angeles,33.99824,1.0,2026-05-16,1
229716119.0,1.4692243934537344e+18,City of Los Angeles,34.07712,31.0,nan,0
148677062.0,1.4684555130788001e+18,City of Los Angeles,34.0174,31.0,nan,0
744433652.0,1.6286431149838564e+18,Other Cities,33.90984,1.0,2026-06-14,32
376818310.0,1.469768500706409e+18,Other Cities,34.03159,2.0,nan,0
428801156.0,1.4636784300037394e+18,Other Cities,33.89997,30.0,2026-03-31,1
564496665.0,1.4705163992209093e+18,City of Los Angeles,34.09737104933953,31.0,nan,0
35416976.0,1.4626686386006912e+18,City of Los Angeles,34.14606,1.0,nan,0
749417418.0,1.633583261431283e+18,City of Los Angeles,34.11364,30.0,nan,0
420183900.0,1.4699081211599468e+18,City of Los Angeles,34.09801022068091,30.0,nan,0
514615933.0,1.4703147883027218e+18,Other Cities,34.07243,2.0,2026-05-24,4
690430385.0,1.4682461218079398e+18,City of Los Angeles,34.02556876010026,31.0,nan,0
508735772.0,1.4702869443634342e+18,City of Los Angeles,34.02075,30.0,nan,0
188006841.0,1.6321060650601582e+18,Other Cities,33.9028011,2.0,2026-06-01,4
138092283.0,1.4629577002752858e+18,City of Los Angeles,34.19056,2.0,2026-06-06,8
29591316.0,1.4626486564526426e+18,Other Cities,34.06234,3.0,2026-05-11,1
29241023.0,1.4654308804315195e+18,Other Cities,33.90269,21.0,nan,0
716079788.0,1.5001137126553428e+18,City of Los Angeles,34.18384,2.0,nan,0
317086795.0,1.4695993518363743e+18,Unincorporated Areas,34.12005,2.0,2026-05-31,7
430595895.0,1.4699501422108483e+18,City of Los Angeles,34.07818,2.0,2026-05-06,2
469167790.0,1.6349364118880863e+18,City of Los Angeles,34.0490221,30.0,nan,0
513532892.0,1.4703097293759224e+18,City of Los Angeles,34.18723,30.0,nan,0
403482639.0,1.4698487619019738e+18,Other Cities,33.81914,2.0,2026-05-31,7
690430385.0,1.4682461218079398e+18,City of Los Angeles,34.02383111083265,30.0,2026-04-27,1
662184402.0,1.4706622301900552e+18,Unincorporated Areas,33.9704043,2.0,2026-06-12,5
651318479.0,1.4683792827940462e+18,City of Los Angeles,34.0244206,31.0,nan,0
106421421.0,1.4628865124456072e+18,Other Cities,34.094100873246695,1.0,2026-05-26,11
718136393.0,1.5065884328254556e+18,Other Cities,34.08914,4.0,2026-05-09,3
429680740.0,1.463680628854207e+18,City of Los Angeles,34.07151247413215,30.0,nan,0
453553584.0,1.4700407948585585e+18,Other Cities,34.09327,2.0,2026-05-17,2
407193628.0,1.469861265754204e+18,Other Cities,34.09097,31.0,nan,0
134446507.0,1.462949660975157e+18,Other Cities,34.015143618292306,1.0,2026-06-11,12
76615761.0,1.4669394137485463e+18,City of Los Angeles,34.05964,2.0,nan,0
690430385.0,1.4682461218079398e+18,City of Los Angeles,34.02527805115314,31.0,nan,0
126644161.0,1.4629318896934497e+18,Other Cities,33.77931543701218,28.0,nan,0
699580001.0,1.4680502910447473e+18,Other Cities,33.83528,1.0,nan,0
699580001.0,1.4680502910447473e+18,Other Cities,33.83528,1.0,2026-05-09,11
690555299.0,1.4707223896479823e+18,Unincorporated Areas,33.94194,2.0,2026-05-24,2
668954332.0,1.4706779652984297e+18,City of Los Angeles,34.0610673,31.0,nan,0
425225252.0,1.4699283145864952e+18,Other Cities,33.87182,1.0,2026-04-08,2
396514772.0,1.4698265653642506e+18,Other Cities,33.87241956678679,2.0,2026-03-30,3
195217852.0,1.4631089319005765e+18,City of Los Angeles,34.06233,1.0,2026-06-15,4
750759445.0,1.6387994927732892e+18,Other Cities,34.05748,30.0,nan,0
153472.0,1.6291011287977546e+18,City of Los Angeles,34.1774652,45.0,nan,0
nan,nan,Other Cities,33.789862,1.0,2026-04-29,4
663076863.0,1.638008148520538e+18,City of Los Angeles,34.087,3.0,2026-06-14,12
678709954.0,1.4706978252644618e+18,Other Cities,34.01689,1.0,2026-06-05,8
90125069.0,1.467090893719232e+18,City of Los Angeles,34.180326051826164,30.0,nan,0
139203556.0,1.4683802269453494e+18,Other Cities,33.76538,2.0,2026-06-01,5
451929316.0,1.4637355924326968e+18,Other Cities,34.09076,2.0,2026-06-14,16
176482458.0,1.4630658559534103e+18,Other Cities,34.07515,1.0,2026-06-08,4
482667572.0,1.470173453429754e+18,Unincorporated Areas,33.97833,1.0,2026-05-10,1
701465612.0,1.6314461893108524e+18,City of Los Angeles,34.18852,3.0,nan,0
104042667.0,1.636047935930102e+18,Other Cities,34.1234,30.0,nan,0
546546226.0,1.5852139609561157e+18,Other Cities,34.00417,1.0,2026-05-21,6
38631388.0,1.4655776333661256e+18,City of Los Angeles,34.0295,30.0,nan,0
474399962.0,1.4701391424578191e+18,Unincorporated Areas,34.0730604,1.0,2026-06-10,2
1747253.0,1.4625201043994688e+18,City of Los Angeles,33.97117,3.0,nan,0
407758265.0,1.4698633527937252e+18,City of Los Angeles,34.19226,30.0,nan,0
690430385.0,1.4682461218079398e+18,City of Los Angeles,34.02152889535627,31.0,2026-04-19,1
750899321.0,1.6407988167259167e+18,Unincorporated Areas,34.11967502025361,1.0,2026-05-15,6
241198440.0,1.4632749725547886e+18,Other Cities,34.01952,30.0,nan,0
231719877.0,1.4632392945807631e+18,City of Los Angeles,34.2016644,30.0,nan,0
495439249.0,1.4678434382318e+18,City of Los Angeles,34.049215287487115,30.0,nan,0
495439249.0,1.4678434382318e+18,City of Los Angeles,34.04930753378444,30.0,nan,0
41152504.0,1.4626868050884529e+18,City of Los Angeles,34.0578813953739,31.0,nan,0
716325337.0,1.622192660057234e+18,Other Cities,34.02181,3.0,2026-05-31,7
4780152.0,1.4625372374553434e+18,City of Los Angeles,34.05607770413245,31.0,nan,0
502489665.0,1.637663870596686e+18,Other Cities,34.61928,1.0,nan,0
169740799.0,1.6437208625314028e+18,City of Los Angeles,33.9906392291291,30.0,nan,0
540401774.0,1.470422100567258e+18,Other Cities,34.090312811942404,1.0,2026-06-02,6
551977679.0,1.6436754955299156e+18,City of Los Angeles,34.07073206070412,30.0,nan,0
510397341.0,1.470294862036136e+18,Other Cities,34.06326,1.0,2026-06-13,3
41465662.0,1.4626876999366643e+18,Other Cities,33.9147,3.0,nan,0
158073937.0,1.4685404184689103e+18,City of Los Angeles,34.25481553025057,3.0,nan,0
12032931.0,1.4628786580172585e+18,City of Los Angeles,34.12253,30.0,nan,0
743624522.0,1.617510391713901e+18,City of Los Angeles,34.09465,1.0,2026-06-14,9
752892930.0,1.6473128468897815e+18,City of Los Angeles,34.04493,30.0,nan,0
216137377.0,1.57984306789392e+18,Other Cities,33.86213,2.0,2026-05-25,3
752036731.0,1.6437340684410166e+18,Other Cities,34.14169008336713,7.0,2026-04-11,1
496085211.0,1.470232504356457e+18,Other Cities,34.14115,1.0,2026-06-06,10
31036098.0,1.4626536738081436e+18,City of Los Angeles,33.99555,30.0,nan,0
451929316.0,1.4637355924326968e+18,Other Cities,34.09098,1.0,2026-05-17,10
150622345.0,1.4684810219189924e+18,Unincorporated Areas,34.13715191139735,2.0,2026-05-03,2
739959919.0,1.5978841339599278e+18,City of Los Angeles,34.02015569744979,31.0,nan,0
739959919.0,1.5978841339599278e+18,City of Los Angeles,34.02006,31.0,nan,0
495439249.0,1.4678434382318e+18,City of Los Angeles,34.05094,30.0,nan,0
3841452.0,1.4625321565571645e+18,City of Los Angeles,33.97436,2.0,nan,0
6112853.0,1.462698262310246e+18,City of Los Angeles,33.96314574732972,30.0,nan,0
545832737.0,1.4638742371109652e+18,Other Cities,33.79877,30.0,nan,0
342129964.0,1.4696725510299594e+18,Other Cities,33.77447,31.0,nan,0
736766947.0,1.6516506276842514e+18,City of Los Angeles,34.02462,30.0,2026-04-03,1
455235158.0,1.4700483421178854e+18,City of Los Angeles,34.13415,30.0,nan,0
211215581.0,1.4631856000980636e+18,City of Los Angeles,34.00039,30.0,nan,0
133785027.0,1.4683358285625994e+18,City of Los Angeles,34.01013,30.0,nan,0
568109811.0,1.4705275822138934e+18,Other Cities,33.99632349150449,2.0,2026-05-17,1
221594795.0,1.4691713986171236e+18,Other Cities,33.91628,1.0,2026-05-02,2
157990591.0,1.4685397536283482e+18,Other Cities,33.771087711384226,2.0,2026-05-10,2
71521934.0,1.4668844137741074e+18,City of Los Angeles,34.04559,30.0,nan,0
745367942.0,1.617784443717886e+18,Other Cities,34.006,1.0,2026-06-14,14
19236518.0,1.4630724726082877e+18,Other Cities,34.02673,1.0,2026-06-06,10
754977342.0,1.6552826746771825e+18,Other Cities,34.1342156,30.0,nan,0
693987801.0,1.4707294093567716e+18,City of Los Angeles,34.0596,20.0,nan,0
753137025.0,1.6482070257291028e+18,Unincorporated Areas,34.10511,1.0,2026-06-08,11
24303784.0,1.4626287657205862e+18,Other Cities,34.03107,2.0,nan,0
528484459.0,1.470375824612187e+18,Other Cities,33.89966,30.0,nan,0
336646321.0,1.469652891299072e+18,Other Cities,34.14394655297701,31.0,nan,0
22689130.0,1.4631859478603346e+18,Other Cities,34.0917,2.0,2026-06-14,9
560555214.0,1.4705044016910177e+18,Unincorporated Areas,33.971761,1.0,2026-05-03,4
438862510.0,1.469982480134007e+18,City of Los Angeles,34.14286,30.0,nan,0
502657573.0,1.4702600191152673e+18,Other Cities,34.009169626970035,3.0,2026-05-16,1
716728205.0,1.5009335209794934e+18,Unincorporated Areas,33.97875,1.0,2026-06-09,6
260260353.0,1.4693751546517944e+18,City of Los Angeles,34.03846,31.0,nan,0
715542537.0,1.495872241597842e+18,Unincorporated Areas,34.14152,1.0,2026-06-01,1
442080193.0,1.4699948979919596e+18,Other Cities,33.99242,1.0,2026-06-11,25
736766947.0,1.6516506276842514e+18,City of Los Angeles,34.02317,30.0,nan,0
106980640.0,1.4672968363307564e+18,City of Los Angeles,34.07485,30.0,nan,0
65468216.0,1.4668096145744138e+18,City of Los Angeles,34.11731,2.0,2026-04-09,1
113820009.0,1.6566847711272046e+18,City of Los Angeles,34.13259,7.0,nan,0
46164403.0,1.4656901471819187e+18,Other Cities,34.18156,30.0,2026-05-31,1
5201913.0,1.4625394354918346e+18,Other Cities,34.12387,31.0,nan,0
690452124.0,1.4879961837574433e+18,Other Cities,34.0379,1.0,2026-05-31,4
671486479.0,1.470682875894244e+18,Other Cities,34.09332,3.0,2026-04-24,1
351218856.0,1.4635085489670395e+18,Other Cities,33.84051,31.0,nan,0
755584767.0,1.657859203034578e+18,Unincorporated Areas,33.98278,1.0,2026-04-08,1
191230640.0,1.5726953355092657e+18,Other Cities,34.63625,1.0,nan,0
495438734.0,1.4702298927613588e+18,Other Cities,34.0879353,1.0,nan,0
227889180.0,1.4692137889737605e+18,Other Cities,33.8581272,1.0,2026-06-04,9
25176328.0,1.465337464648874e+18,City of Los Angeles,34.21020017600903,3.0,nan,0
755842904.0,1.658815197376715e+18,Other Cities,33.78444,3.0,nan,0
225633744.0,1.4691991826833027e+18,City of Los Angeles,33.99136,1.0,2026-06-10,2
4423404.0,1.4626570957046072e+18,Other Cities,34.06374,2.0,2026-05-26,3
28509156.0,1.46542075442311e+18,Unincorporated Areas,34.05082,1.0,2026-05-31,10
504252105.0,1.4679398161032998e+18,Other Cities,34.10627,30.0,nan,0
756193311.0,1.6603695446296832e+18,City of Los Angeles,34.0420544,2.0,2026-06-09,3
414420881.0,1.467924896318366e+18,City of Los Angeles,33.7502,30.0,nan,0
88566861.0,1.4628447311922583e+18,City of Los Angeles,34.04266,1.0,nan,0
453219293.0,1.470039533895401e+18,Other Cities,34.40614,20.0,2026-05-01,1
737206725.0,1.592183390147538e+18,Other Cities,34.01855,31.0,nan,0
383790851.0,1.4635762788962076e+18,Unincorporated Areas,33.9826,1.0,2026-05-29,2
376818310.0,1.469768500706409e+18,City of Los Angeles,34.02149,2.0,2026-05-31,1
15964161.0,1.462974888140505e+18,City of Los Angeles,34.08638176152374,30.0,nan,0
112147542.0,1.6624930704281318e+18,Other Cities,33.83935,1.0,2026-06-05,2
62198035.0,1.6343624102359872e+18,City of Los Angeles,34.17958961186788,30.0,nan,0
749804694.0,1.6350829290996797e+18,Other Cities,34.55385,29.0,nan,0
528703494.0,1.470376642799674e+18,Other Cities,34.0727135,2.0,nan,0
422320864.0,1.4699165771607798e+18,Other Cities,34.06486,1.0,2026-06-01,2
1.6613112360051889e+18,1.661311435986709e+18,City of Los Angeles,34.095390998196486,30.0,nan,0
210321294.0,1.469097440007091e+18,City of Los Angeles,34.10001,2.0,2026-05-26,5
689145885.0,1.470719264038532e+18,Other Cities,34.09214,1.0,2026-05-28,3
460457691.0,1.4637563012425503e+18,Other Cities,34.047559952144475,2.0,2026-06-01,5
571832314.0,1.470549842809831e+18,City of Los Angeles,34.1539,30.0,nan,0
482229.0,1.4625121040857436e+18,City of Los Angeles,34.1381045,30.0,nan,0
690430385.0,1.4682461218079398e+18,City of Los Angeles,34.0230539,30.0,nan,0
690430385.0,1.4682461218079398e+18,City of Los Angeles,34.0243836,30.0,nan,0
430094148.0,1.4699481850667044e+18,City of Los Angeles,34.0753,2.0,2026-06-02,2
746077699.0,1.65915026490593e+18,City of Los Angeles,34.05201,2.0,2026-06-08,2
588368414.0,1.470608478334619e+18,City of Los Angeles,34.142757068787034,30.0,nan,0
78704707.0,1.466963369554541e+18,Other Cities,34.094,1.0,2026-06-05,4
422320864.0,1.4699165771607798e+18,Other Cities,34.06145,2.0,nan,0
687639198.0,1.4707159468128125e+18,Other Cities,34.07875,14.0,2026-06-02,1
742539202.0,1.607002456109379e+18,Other Cities,34.14951,1.0,2026-05-27,7
740060714.0,1.5981498318904904e+18,Other Cities,34.089971754629815,1.0,2026-06-04,2
nan,nan,Other Cities,33.94501,1.0,2026-06-09,27
463606286.0,1.5171038360228713e+18,Other Cities,33.85853,1.0,2026-06-10,3
693987801.0,1.4707294093567716e+18,City of Los Angeles,34.05952,2.0,2026-05-11,2
220829268.0,1.4632077544804867e+18,City of Los Angeles,34.1044793631773,30.0,nan,0
136517211.0,1.4683589601203976e+18,Unincorporated Areas,34.1052734719849,1.0,2026-06-14,6
752183077.0,1.6443399566501294e+18,Other Cities,34.15516,1.0,2026-05-18,4
415840703.0,1.4698914833110556e+18,City of Los Angeles,34.14287728284111,31.0,nan,0
755503343.0,1.657758862517642e+18,City of Los Angeles,34.06184305794558,1.0,2026-06-05,11
287825.0,1.4625147747813274e+18,City of Los Angeles,34.12241864176485,30.0,nan,0
433848991.0,1.6451674689841357e+18,City of Los Angeles,33.94916347671248,30.0,nan,0
507852517.0,1.4702829226305626e+18,Other Cities,34.28115,1.0,2026-06-05,5
690430385.0,1.4682461218079398e+18,City of Los Angeles,34.0244063,30.0,nan,0
71254926.0,1.6698641337049636e+18,Other Cities,33.87135,1.0,nan,0
3102869.0,1.4626184657417884e+18,City of Los Angeles,34.03092,31.0,nan,0
183557952.0,1.4689486191774244e+18,Other Cities,34.0139645,30.0,nan,0
551606250.0,1.4704660865257894e+18,Other Cities,34.09688,1.0,2026-05-13,3
356801036.0,1.4697133035800271e+18,Unincorporated Areas,33.9789039198377,1.0,nan,0
708431641.0,1.4693273085050237e+18,Other Cities,34.06749,1.0,2026-06-01,7
2750557.0,1.4626069745888e+18,Other Cities,33.81657,31.0,nan,0
533145173.0,1.470393589139895e+18,Other Cities,33.9799,2.0,nan,0
502346476.0,1.4638501195278866e+18,City of Los Angeles,34.048675824305285,30.0,nan,0
752950384.0,1.64751602463562e+18,City of Los Angeles,33.99575424300825,30.0,nan,0
9090207.0,1.4627946834887163e+18,Unincorporated Areas,34.1072127,2.0,2026-06-15,8
8106791.0,1.669170403626498e+18,Other Cities,33.7962697,28.0,nan,0
100979224.0,1.4672119870516692e+18,City of Los Angeles,34.0007702,30.0,nan,0
739959919.0,1.5978841339599278e+18,City of Los Angeles,34.0191708,30.0,nan,0
260745944.0,1.4633259725526902e+18,Unincorporated Areas,33.978217696663926,1.0,2026-05-29,4
1.665446006605521e+18,1.6654461903837862e+18,Other Cities,34.01798,1.0,2026-05-24,3
723229066.0,1.5291875619218975e+18,Other Cities,34.03767117505862,1.0,nan,0
1.67055049661903e+18,1.670550538887353e+18,City of Los Angeles,34.19908,30.0,2026-05-23,1
723229066.0,1.5291875619218975e+18,Other Cities,34.020182051258146,1.0,2026-05-24,1
29529608.0,1.59400263280973e+18,City of Los Angeles,34.12715571750404,2.0,nan,0
1.6709864587564065e+18,1.6709865697154043e+18,Other Cities,33.79428,1.0,2026-06-07,5
220829268.0,1.4632077544804867e+18,City of Los Angeles,34.09293001839694,1.0,2026-05-03,3
123064980.0,1.6577192663222098e+18,City of Los Angeles,34.05841,1.0,2026-06-06,3
46513765.0,1.4627036569948577e+18,City of Los Angeles,34.04026,30.0,nan,0
694139632.0,1.675031220985693e+18,City of Los Angeles,34.054508208100465,1.0,2026-06-08,3
106090789.0,1.4672867757073388e+18,Other Cities,34.16019,30.0,nan,0
261072124.0,1.6755409330837033e+18,Other Cities,34.149927102029594,1.0,2026-06-05,4
406248365.0,1.4698579624388733e+18,Other Cities,34.1042,2.0,2026-06-06,3
722165029.0,1.665512195776798e+18,Other Cities,34.13508,2.0,2026-05-18,1
718136393.0,1.5065884328254556e+18,Other Cities,34.08876627081031,1.0,2026-05-21,1
105769479.0,1.467281517577637e+18,Unincorporated Areas,34.01635119807719,2.0,nan,0
406248365.0,1.4698579624388733e+18,Other Cities,34.14438,2.0,2026-05-25,2
716325337.0,1.622192660057234e+18,Other Cities,34.092400312179535,5.0,2026-06-13,2
50787843.0,1.671461163815468e+18,Other Cities,34.11161674005772,1.0,2026-06-07,1
322268085.0,1.4696112171091213e+18,Unincorporated Areas,34.50177626275112,2.0,2026-05-25,1
596606455.0,1.4706281177136804e+18,City of Los Angeles,34.041993505427996,1.0,2026-06-03,1
136835052.0,1.6735846098676475e+18,Unincorporated Areas,33.91477,1.0,nan,0
745887576.0,1.6197905834903424e+18,Other Cities,34.13066639766867,1.0,nan,0
586320077.0,1.4706032775702945e+18,Other Cities,34.0007,1.0,2026-06-09,6
95543.0,1.4625094718967145e+18,Unincorporated Areas,34.11574,1.0,nan,0
14055278.0,1.5778146999996644e+18,City of Los Angeles,34.03363,30.0,nan,0
715581976.0,1.495990626477735e+18,City of Los Angeles,34.124280648783575,1.0,2026-06-09,4
737206725.0,1.592183390147538e+18,City of Los Angeles,34.04766,30.0,nan,0
493747.0,1.462519837198278e+18,Other Cities,34.16635,3.0,nan,0
595419332.0,1.4706253798503086e+18,City of Los Angeles,34.03475,1.0,2026-05-31,4
88030060.0,1.672149408206513e+18,City of Los Angeles,34.01363,3.0,nan,0
97496339.0,1.462864970309606e+18,Unincorporated Areas,33.975781681810965,30.0,2026-05-31,8
103365867.0,1.4672411145508897e+18,Other Cities,33.8461,3.0,nan,0
756731837.0,1.6632309872542182e+18,Other Cities,33.93181,1.0,2026-05-14,2
16749543.0,1.4625991096375613e+18,City of Los Angeles,34.171,1.0,nan,0
239145592.0,1.469272240021193e+18,Other Cities,34.03772,1.0,2026-05-13,1
120222826.0,1.4682238152796408e+18,Other Cities,33.78293,2.0,2026-05-25,2
34603225.0,1.4655094363300204e+18,City of Los Angeles,34.157333018062026,30.0,nan,0
1.677279772300758e+18,1.6778257041786117e+18,Unincorporated Areas,34.00950127082891,2.0,2026-05-31,1
1.677839489259849e+18,1.6778398250408433e+18,City of Los Angeles,34.09672,30.0,nan,0
209060217.0,1.4690906193674394e+18,Other Cities,34.03266,30.0,nan,0
363670937.0,1.6784660781595428e+18,Other Cities,34.09365,30.0,nan,0
702104256.0,1.487997580963184e+18,City of Los Angeles,34.09776,31.0,nan,0
288117682.0,1.6813277802030426e+18,City of Los Angeles,34.111346931736215,2.0,2026-06-05,3
200905038.0,1.4690483303546127e+18,Other Cities,33.82747,1.0,nan,0
85048744.0,1.4670261597172247e+18,Other Cities,33.85858,27.0,nan,0
153472.0,1.6291011287977546e+18,City of Los Angeles,34.15153,31.0,nan,0
30242164.0,1.4654451593920087e+18,City of Los Angeles,34.051064306943864,30.0,nan,0
528484459.0,1.470375824612187e+18,Other Cities,33.89202,30.0,nan,0
160884399.0,1.6135686103464118e+18,Other Cities,34.06376629510826,1.0,nan,0
260745944.0,1.4633259725526902e+18,Unincorporated Areas,33.9783,1.0,2026-06-07,2
452435102.0,1.4700364285669624e+18,Other Cities,34.09286,1.0,2026-05-17,1
115993728.0,1.4681903660412244e+18,Other Cities,34.29377319160087,1.0,2026-05-23,2
426946658.0,1.4636737990561236e+18,Other Cities,34.04474,1.0,2026-05-30,2
5307829.0,1.4626776998196111e+18,City of Los Angeles,34.07838858316554,30.0,nan,0
26065801.0,1.4653548629270927e+18,City of Los Angeles,34.16888161439835,30.0,nan,0
409985549.0,1.4636357328332413e+18,City of Los Angeles,34.14644,2.0,nan,0
79595980.0,1.4669722082879414e+18,Other Cities,34.11452,18.0,nan,0
572164703.0,1.470550866014318e+18,City of Los Angeles,34.06807,30.0,nan,0
132751049.0,1.4683272126088993e+18,City of Los Angeles,34.09435,2.0,2026-06-08,9
1.6597304284996022e+18,1.6618026449748073e+18,City of Los Angeles,34.09243,2.0,2026-06-04,3
250545831.0,1.680501427523325e+18,Other Cities,34.04055,2.0,2026-06-12,5
495438734.0,1.4702298927613588e+18,Other Cities,34.08984,1.0,nan,0
468914943.0,1.4701142821308321e+18,Other Cities,34.0898352,1.0,nan,0
153321162.0,1.468502422512808e+18,Other Cities,33.863842462107925,2.0,2026-05-28,1
423353005.0,1.6835002612958746e+18,Other Cities,34.07043,1.0,nan,0
474252783.0,1.470138485218063e+18,City of Los Angeles,34.09389,1.0,nan,0
77395404.0,1.683565344095301e+18,Unincorporated Areas,34.09600326733692,1.0,2026-06-07,2
426946658.0,1.4636737990561236e+18,Other Cities,34.04356,1.0,2026-05-23,1
739959919.0,1.5978841339599278e+18,City of Los Angeles,34.02005,30.0,nan,0
1.6799472398543598e+18,1.680764609390453e+18,City of Los Angeles,33.98013,30.0,nan,0
1.6799472398543598e+18,1.680764609390453e+18,Other Cities,34.06821,1.0,2026-05-17,1
29296586.0,1.465431600644315e+18,City of Los Angeles,34.11766,30.0,nan,0
24303784.0,1.4626287657205862e+18,City of Los Angeles,34.11416213396293,2.0,nan,0
463504800.0,1.470088600314709e+18,Other Cities,34.02472,2.0,2026-05-24,1
427106936.0,1.6705399319846738e+18,City of Los Angeles,34.02274736499943,30.0,nan,0
1681732.0,1.4625196764217782e+18,City of Los Angeles,34.160996909808055,30.0,nan,0
136839855.0,1.4683614127855736e+18,Other Cities,34.0534946,3.0,2026-06-01,1
66951698.0,1.4668269982807355e+18,City of Los Angeles,34.05092,1.0,2026-05-22,2
474252783.0,1.470138485218063e+18,City of Los Angeles,34.05245,1.0,2026-06-11,3
599020407.0,1.4706338224065807e+18,Unincorporated Areas,33.8906126,1.0,2026-06-13,2
247419486.0,1.5496303890685458e+18,City of Los Angeles,34.05451,30.0,nan,0
1.6879734557279155e+18,1.6879741892107868e+18,City of Los Angeles,34.3020366329433,30.0,nan,0
174792040.0,1.463062109462153e+18,Other Cities,33.84152,1.0,nan,0
174792040.0,1.463062109462153e+18,Other Cities,33.84152,1.0,nan,0
271118401.0,1.4633520197911086e+18,Other Cities,33.34013,2.0,nan,0
21925093.0,1.463167257500506e+18,Other Cities,33.774991256946834,31.0,nan,0
1.6844419743031706e+18,1.6844422597449452e+18,Other Cities,34.07667598203587,2.0,nan,0
1.6884028253202744e+18,1.6884030280168497e+18,City of Los Angeles,34.181384425546874,30.0,nan,0
nan,nan,Other Cities,33.86073,1.0,nan,0
50747532.0,1.465778849649422e+18,Other Cities,34.1439716,1.0,2026-06-10,1
700136956.0,1.683467499402196e+18,Unincorporated Areas,34.4460093,30.0,nan,0
396656682.0,1.6696388921286108e+18,Other Cities,34.14078189822309,28.0,nan,0
404254876.0,1.469851433287825e+18,Unincorporated Areas,34.0552155,2.0,nan,0
1.6887412178526874e+18,1.6887413612358308e+18,Unincorporated Areas,34.1767,30.0,nan,0
270832533.0,1.4694303112704804e+18,Unincorporated Areas,33.978357674378145,1.0,2026-06-12,5
721085288.0,1.5221983776583708e+18,Unincorporated Areas,34.02778,2.0,nan,0
33694089.0,1.4626627960456727e+18,City of Los Angeles,34.30501,30.0,nan,0
94861023.0,1.4671438162136358e+18,City of Los Angeles,34.0386680623103,30.0,nan,0
73679986.0,1.6095182872988547e+18,Unincorporated Areas,33.98258,1.0,2026-06-13,2
651318479.0,1.4683792827940462e+18,City of Los Angeles,34.0225337,30.0,nan,0
6376155.0,1.462704894762251e+18,City of Los Angeles,34.09744,30.0,2026-05-28,2
340832930.0,1.4696675587444588e+18,City of Los Angeles,34.11447257577595,30.0,nan,0
271118401.0,1.4633520197911086e+18,Other Cities,33.34096519373156,2.0,nan,0
338394698.0,1.4696583636792668e+18,City of Los Angeles,34.08477430706134,1.0,2026-05-27,1
709460050.0,1.476160416350309e+18,Unincorporated Areas,33.97768,1.0,nan,0
756745419.0,1.6632332843294525e+18,Other Cities,34.06282,1.0,nan,0
739959919.0,1.5978841339599278e+18,City of Los Angeles,34.0194754507586,30.0,nan,0
739959919.0,1.5978841339599278e+18,City of Los Angeles,34.02029,30.0,nan,0
747733560.0,1.627095264991291e+18,City of Los Angeles,34.0701588,1.0,2026-05-20,1
1.665446006605521e+18,1.6654461903837862e+18,Other Cities,34.09417,1.0,2026-06-05,1
69062727.0,1.4668537254105784e+18,Other Cities,33.8585398,31.0,nan,0
126644161.0,1.4629318896934497e+18,Other Cities,33.87835,30.0,nan,0
20903169.0,1.4631415804711132e+18,City of Los Angeles,33.95101,2.0,2026-06-14,2
373189341.0,1.46355308065175e+18,Other Cities,34.0860779,1.0,nan,0
589528689.0,1.470610868018237e+18,City of Los Angeles,34.108276468847315,30.0,nan,0
16572765.0,1.4629898381069494e+18,Other Cities,34.0681355,2.0,2026-06-11,2
731035622.0,1.6083628437346243e+18,Other Cities,34.05855,1.0,2026-05-26,1
531190048.0,1.4678269336962609e+18,City of Los Angeles,34.17629738154105,1.0,2026-06-01,1
371231553.0,1.469751535551059e+18,Other Cities,33.946142583050246,5.0,nan,0
729448133.0,1.5747605675740716e+18,Other Cities,34.0213901,2.0,nan,0
662393907.0,1.4706627057140772e+18,Unincorporated Areas,33.997272857322024,1.0,nan,0
427795810.0,1.4699387947141115e+18,Other Cities,34.02812,5.0,nan,0
1.6912016503176566e+18,1.6912017013039903e+18,City of Los Angeles,34.0489355,30.0,nan,0
740509178.0,1.5996424930452278e+18,Other Cities,34.1294298,2.0,nan,0
293579920.0,1.4695181739540396e+18,Other Cities,34.697548540990994,1.0,nan,0
222741708.0,1.4879530566384837e+18,City of Los Angeles,34.2545,1.0,nan,0
19139955.0,1.4630704682142405e+18,City of Los Angeles,34.138182319675174,30.0,nan,0
nan,nan,Unincorporated Areas,34.09248,1.0,nan,0
527286528.0,1.4703709795626337e+18,City of Los Angeles,34.02309,30.0,nan,0
88340611.0,1.4670609823579156e+18,Other Cities,34.0927667,1.0,2026-06-07,1
210321294.0,1.469097440007091e+18,Other Cities,34.0258,1.0,nan,0
730589267.0,1.5606236711653763e+18,Other Cities,33.8403999,30.0,nan,0
426946658.0,1.4636737990561236e+18,Other Cities,34.04315,1.0,nan,0
383790851.0,1.4635762788962076e+18,Other Cities,34.07587,1.0,nan,0
19236518.0,1.4630724726082877e+18,Other Cities,34.15813006601533,1.0,nan,0
568483319.0,1.6894246620242286e+18,Other Cities,34.0915863,1.0,nan,0
552215318.0,1.4704684627641518e+18,City of Los Angeles,34.073664744018316,1.0,nan,0
411901944.0,1.4698781078788012e+18,Other Cities,33.80882,2.0,nan,0
293579920.0,1.4695181739540396e+18,Other Cities,34.69631242466131,1.0,nan,0
430595895.0,1.4699501422108483e+18,City of Los Angeles,34.14091,30.0,nan,0
459104623.0,1.6943455395344056e+18,Other Cities,34.09161,1.0,nan,0
393726943.0,1.469817788115447e+18,Unincorporated Areas,33.98001,5.0,nan,0
293579920.0,1.4695181739540396e+18,Other Cities,34.69635288275845,1.0,nan,0
133442110.0,1.5265322240697746e+18,City of Los Angeles,34.0201,30.0,nan,0
508776081.0,1.4702870971288148e+18,Other Cities,34.08002672407645,2.0,2026-06-15,3
19236518.0,1.4630724726082877e+18,Other Cities,34.08601,1.0,nan,0
67521480.0,1.4627746446258565e+18,Other Cities,34.100036,3.0,nan,0
133442110.0,1.5265322240697746e+18,City of Los Angeles,34.01976,30.0,nan,0
548057441.0,1.4704519858509202e+18,Other Cities,34.1453475430103,1.0,2026-06-02,1
133442110.0,1.5265322240697746e+18,City of Los Angeles,34.02774,30.0,nan,0
244770470.0,1.6755721282936013e+18,Other Cities,34.06252332317287,7.0,nan,0
315163725.0,1.4695945573959347e+18,Other Cities,34.680782100351045,1.0,nan,0
132751049.0,1.4683272126088993e+18,City of Los Angeles,34.09449,1.0,2026-06-06,1
756745419.0,1.6632332843294525e+18,City of Los Angeles,34.07211,2.0,nan,0
386156632.0,1.4697943173923645e+18,City of Los Angeles,34.0544624,30.0,nan,0
373672160.0,1.697340525179728e+18,City of Los Angeles,33.96547655759707,30.0,nan,0
53842646.0,1.4658748666323453e+18,City of Los Angeles,34.18874,30.0,nan,0
720935598.0,1.6571122745395512e+18,City of Los Angeles,34.097839517948486,1.0,nan,0
71395913.0,1.4627949074660431e+18,City of Los Angeles,34.1245715,30.0,nan,0
313180910.0,1.4695888959717437e+18,Other Cities,34.0663785,1.0,nan,0
449716514.0,1.4700252418536394e+18,Other Cities,34.54348,3.0,2026-06-14,3
730769375.0,1.5613849768232205e+18,City of Los Angeles,34.1002128,1.0,nan,0
160366074.0,1.4685598734214902e+18,City of Los Angeles,34.1945,30.0,nan,0
744264444.0,1.6988603542136684e+18,Other Cities,34.68194,1.0,nan,0
370224721.0,1.6989358616577981e+18,Other Cities,34.07063012210692,1.0,2026-06-14,1
743287838.0,1.6149051846376847e+18,Other Cities,33.94394,31.0,nan,0
731906234.0,1.5688623999727483e+18,City of Los Angeles,34.04833,30.0,nan,0
720935598.0,1.6571122745395512e+18,City of Los Angeles,34.098058158636924,1.0,nan,0
652532226.0,1.6712792779817792e+18,Unincorporated Areas,33.98136,1.0,nan,0
364891530.0,1.7000514100001587e+18,City of Los Angeles,34.04821,30.0,nan,0
707804035.0,1.4879982445483474e+18,City of Los Angeles,34.01642,30.0,nan,0
39960211.0,1.7009014865338227e+18,City of Los Angeles,34.0415336,30.0,nan,0
474252783.0,1.470138485218063e+18,City of Los Angeles,34.0767,1.0,nan,0
421165790.0,1.4699119585602294e+18,Unincorporated Areas,33.9441169,2.0,nan,0
40816267.0,1.6973063908114115e+18,City of Los Angeles,33.99607,2.0,nan,0
1.7009469809167677e+18,1.7011028391871923e+18,City of Los Angeles,34.0993,1.0,nan,0
1.7009469809167677e+18,1.7011028391871923e+18,City of Los Angeles,34.100943923929655,1.0,nan,0
686997394.0,1.4707147127494367e+18,Other Cities,34.097359,1.0,nan,0
274809244.0,1.4633614912271342e+18,Other Cities,34.09755,3.0,nan,0
55214175.0,1.4659052385656668e+18,Other Cities,34.02604597752115,2.0,nan,0
135542924.0,1.4629521764027858e+18,Unincorporated Areas,33.98380849999999,1.0,nan,0
709800664.0,1.4740822207285174e+18,Other Cities,34.091397905422696,1.0,nan,0
497510841.0,1.4702381774171986e+18,City of Los Angeles,34.1412184,3.0,nan,0
67521480.0,1.4627746446258565e+18,Other Cities,34.1502007,31.0,nan,0
666055567.0,1.4706712413434012e+18,Other Cities,34.10901,1.0,nan,0
546546226.0,1.5852139609561157e+18,Other Cities,34.00476,1.0,nan,0
527286528.0,1.4703709795626337e+18,City of Los Angeles,34.02165,30.0,nan,0
527286528.0,1.4703709795626337e+18,City of Los Angeles,34.021136858047825,30.0,nan,0
595779664.0,1.4706261919480125e+18,Other Cities,34.1374239,1.0,nan,0
739959919.0,1.5978841339599278e+18,City of Los Angeles,34.034923294262896,30.0,nan,0
236339331.0,1.469257780621934e+18,City of Los Angeles,34.2586344,30.0,nan,0
651318479.0,1.4683792827940462e+18,City of Los Angeles,34.0236,30.0,nan,0
749659891.0,1.6345121782615864e+18,Other Cities,34.09263,2.0,nan,0
4263215.0,1.4626520175232207e+18,Unincorporated Areas,34.07195686318852,1.0,nan,0
49424799.0,1.696564349538853e+18,City of Los Angeles,34.06361041559331,30.0,nan,0
71521934.0,1.4668844137741074e+18,City of Los Angeles,34.048885856738266,30.0,nan,0
2070334.0,1.4625856258542144e+18,Unincorporated Areas,34.05834,30.0,nan,0
474252783.0,1.470138485218063e+18,City of Los Angeles,34.05287,1.0,nan,0
133473685.0,1.698804401088309e+18,Other Cities,34.09355,1.0,2026-06-13,1
651318479.0,1.4683792827940462e+18,City of Los Angeles,34.02059635158935,30.0,nan,0
381288698.0,1.46978001508995e+18,Other Cities,34.09046,3.0,nan,0
752546271.0,1.6580683761106657e+18,Unincorporated Areas,33.9792949,1.0,nan,0
749659891.0,1.6345121782615864e+18,Other Cities,34.09068,2.0,nan,0
739959919.0,1.5978841339599278e+18,City of Los Angeles,34.0287984,30.0,nan,0
177387161.0,1.4687172291565453e+18,Unincorporated Areas,34.18265,1.0,nan,0
664623893.0,1.470667872024907e+18,City of Los Angeles,34.09883,1.0,nan,0
383724181.0,1.4697869609872476e+18,Other Cities,34.0935959,2.0,nan,0
702130269.0,1.4707458002441298e+18,City of Los Angeles,34.106237937756084,3.0,nan,0
430595895.0,1.4699501422108483e+18,City of Los Angeles,34.08446,2.0,nan,0
19236518.0,1.4630724726082877e+18,City of Los Angeles,33.9883,1.0,nan,0
1.6996118276731702e+18,1.6996134732175596e+18,Other Cities,33.902,3.0,nan,0
1.6923540208872963e+18,1.6960621115516605e+18,Other Cities,34.09307889679694,1.0,nan,0
196002870.0,1.4690218289108398e+18,City of Los Angeles,34.0899,30.0,nan,0
739959919.0,1.5978841339599278e+18,City of Los Angeles,34.0244184,31.0,nan,0
37285112.0,1.7061175556316826e+18,Other Cities,34.07713,30.0,nan,0
6689749.0,1.462712830448078e+18,City of Los Angeles,34.01853,30.0,nan,0
32222456.0,1.465473327173752e+18,Other Cities,34.06717,1.0,nan,0
19403284.0,1.4630778449061082e+18,City of Los Angeles,34.091035,30.0,nan,0
674971015.0,1.4706900053816914e+18,Unincorporated Areas,33.9690283,2.0,nan,0
43860624.0,1.6351572197484055e+18,City of Los Angeles,33.98297311239697,30.0,nan,0
